"gene","p_intercept","p_sex","pvalue","padj_intercept","padj_sex","padj"
"1700025G04Rik",0.108678082308392,0.298285242999735,0.108678082308392,0.607691611577188,0.911637865974365,0.607691611577188
"5031425E22Rik",0.471917368393681,0.451091164247335,0.471917368393681,0.894436192546438,0.931778406569865,0.894436192546438
"9530026P05Rik",0.714814624216408,0.720510903463058,0.714814624216408,0.953784909145061,0.957292316223317,0.953784909145061
"AW554918",0.591935246805296,0.0735395955098818,0.591935246805296,0.900771027747189,0.836512898924905,0.900771027747189
"Abca8a",0.0319323930972425,0.400371388890891,0.0319323930972425,0.315853018679247,0.911637865974365,0.315853018679247
"Abhd17b",0.268231582857045,0.421135016362396,0.268231582857045,0.803140270630197,0.916177951706837,0.803140270630197
"Abi1",0.719520185937895,0.259781491869138,0.719520185937895,0.954465552774759,0.911637865974365,0.954465552774759
"Abi3bp",0.522899188495775,0.469993443333698,0.522899188495775,0.899214432777062,0.931778406569865,0.899214432777062
"Ablim1",0.152257097409277,0.00749654271924699,0.152257097409277,0.685910686348724,0.508428707427429,0.685910686348724
"Acyp2",0.989693991242707,0.72133573143879,0.989693991242707,0.994063501137819,0.957292316223317,0.994063501137819
"Adam12",0.029742090100298,0.378637286427946,0.029742090100298,0.314712813851991,0.911637865974365,0.314712813851991
"Adamtsl1",0.498379841554992,0.552701530000356,0.498379841554992,0.894436192546438,0.936707530798744,0.894436192546438
"Agap1",0.489048286389224,0.0133023108006812,0.489048286389224,0.894436192546438,0.550231946755448,0.894436192546438
"Agfg1",0.877197083939216,0.180908800045532,0.877197083939216,0.977808699620772,0.911637865974365,0.977808699620772
"Ago3",0.0391861034775303,0.515912698112165,0.0391861034775303,0.363870960862781,0.931778406569865,0.363870960862781
"Airn",1.10323133866791e-05,0.751857842063277,1.10323133866791e-05,0.00167323419697966,0.957292316223317,0.00167323419697966
"Akap13",0.90778546128252,0.845480747644817,0.90778546128252,0.977808699620772,0.98406423428776,0.977808699620772
"Akt3",0.217551018756857,0.912596003750438,0.217551018756857,0.779978597690252,0.993817759303161,0.779978597690252
"Ambra1",0.785276529906352,0.91963863634946,0.785276529906352,0.955812386684349,0.993817759303161,0.955812386684349
"Ankrd17",0.642927283983424,0.989266050071101,0.642927283983424,0.934623304675307,0.999338877577022,0.934623304675307
"Ano6",0.70952966109334,0.0756192792327543,0.70952966109334,0.953784909145061,0.837023013135313,0.953784909145061
"Aopep",0.034405581930744,0.402609247377779,0.034405581930744,0.333075314435926,0.911637865974365,0.333075314435926
"Ap3b1",0.38449814822557,0.924853470277562,0.38449814822557,0.864480117519202,0.993817759303161,0.864480117519202
"Apaf1",0.951377391291025,0.323060658016823,0.951377391291025,0.980628253121229,0.911637865974365,0.980628253121229
"Apba1",0.486111791231534,0.788090558969098,0.486111791231534,0.894436192546438,0.966526157226252,0.894436192546438
"Apbb2",0.789102424632777,0.32674867143343,0.789102424632777,0.955812386684349,0.911637865974365,0.955812386684349
"Apc",0.370809900764553,0.201457782739978,0.370809900764553,0.856439110902901,0.911637865974365,0.856439110902901
"App",0.544807607137667,0.480265186739309,0.544807607137667,0.899214432777062,0.931778406569865,0.899214432777062
"Arb2a",0.267277673640417,0.828712266542177,0.267277673640417,0.803140270630197,0.98406423428776,0.803140270630197
"Arhgap21",0.497266115895194,0.510317098829793,0.497266115895194,0.894436192546438,0.931778406569865,0.894436192546438
"Arhgap26",0.390877902302209,0.844874481193394,0.390877902302209,0.864480117519202,0.98406423428776,0.864480117519202
"Arhgef12",0.841267695618208,0.663277010817276,0.841267695618208,0.973699769821691,0.95578936113017,0.973699769821691
"Arid1b",0.670971204622854,0.265804852878605,0.670971204622854,0.943575993344473,0.911637865974365,0.943575993344473
"Arid2",0.204873888222326,0.859238303316892,0.204873888222326,0.764139366123245,0.989755513947306,0.764139366123245
"Arid4b",0.585335112558656,0.629785979721406,0.585335112558656,0.899214432777062,0.943876754371689,0.899214432777062
"Arih1",0.924082946894356,0.0855309080176984,0.924082946894356,0.977808699620772,0.884467344273927,0.977808699620772
"Arl13b",0.986775469254749,0.477651765375175,0.986775469254749,0.993324863962192,0.931778406569865,0.993324863962192
"Arl15",0.205599462353071,0.684498651492135,0.205599462353071,0.764139366123245,0.957292316223317,0.764139366123245
"Asap1",0.259094493914655,0.40472714049851,0.259094493914655,0.803140270630197,0.911637865974365,0.803140270630197
"Ash1l",0.712438138154081,0.247229143416496,0.712438138154081,0.953784909145061,0.911637865974365,0.953784909145061
"Atad2b",0.0719060070063468,0.283934931002409,0.0719060070063468,0.495715654361936,0.911637865974365,0.495715654361936
"Ate1",0.821833820382143,0.154347898614399,0.821833820382143,0.971258151360714,0.911637865974365,0.971258151360714
"Atp10d",0.68073129495241,0.178329609675282,0.68073129495241,0.947194921111152,0.911637865974365,0.947194921111152
"Atp2c1",0.465417729781314,0.136327420773505,0.465417729781314,0.894436192546438,0.911637865974365,0.894436192546438
"Atxn1",0.298018563304627,0.449344457599814,0.298018563304627,0.837027446318551,0.931778406569865,0.837027446318551
"B4galt1",0.350089931134859,0.243257629592145,0.350089931134859,0.856439110902901,0.911637865974365,0.856439110902901
"Bbx",0.100745191606507,0.392799463988205,0.100745191606507,0.583205748351781,0.911637865974365,0.583205748351781
"Bcas3",0.971802394671802,0.264924958680981,0.971802394671802,0.991412756896121,0.911637865974365,0.991412756896121
"Birc6",0.869829043420972,0.607268985634343,0.869829043420972,0.977808699620772,0.943876754371689,0.977808699620772
"Bmpr2",0.284766880601208,0.0276514355366606,0.284766880601208,0.814898935053773,0.647542051787683,0.814898935053773
"Braf",0.403392564790992,0.646475770735285,0.403392564790992,0.882421235480296,0.943876754371689,0.882421235480296
"Btbd7",0.0116880230555823,0.844587403066797,0.0116880230555823,0.189930374653213,0.98406423428776,0.189930374653213
"Calcrl",0.910493005576484,0.722237398151393,0.910493005576484,0.977808699620772,0.957292316223317,0.977808699620772
"Camk2d",0.018768082638176,0.908351503752491,0.018768082638176,0.24340513855195,0.993817759303161,0.24340513855195
"Cav1",0.170632910023966,0.684386318583082,0.170632910023966,0.706361924011094,0.957292316223317,0.706361924011094
"Ccl21a",0.456391801161271,0.210432473349471,0.456391801161271,0.894436192546438,0.911637865974365,0.894436192546438
"Ccny",0.683616560823074,0.964321261755144,0.683616560823074,0.94802895794065,0.99387014232882,0.94802895794065
"Cd36",0.665325441310199,0.291578769434158,0.665325441310199,0.943062541420998,0.911637865974365,0.943062541420998
"Cd47",0.947059446488556,0.496570697260072,0.947059446488556,0.980628253121229,0.931778406569865,0.980628253121229
"Cdc14a",0.861771636396818,0.196776759051423,0.861771636396818,0.973699769821691,0.911637865974365,0.973699769821691
"Cdc42",0.239547463884177,0.996736761989199,0.239547463884177,0.803140270630197,0.999338877577022,0.803140270630197
"Cdc42bpa",0.0918525560298826,0.734012987559535,0.0918525560298826,0.557238839914621,0.957292316223317,0.557238839914621
"Cdh13",0.862419796127783,0.736423343989877,0.862419796127783,0.973699769821691,0.957292316223317,0.973699769821691
"Cdkal1",0.760960658125925,0.627977482606078,0.760960658125925,0.955812386684349,0.943876754371689,0.955812386684349
"Cemip2",0.762167086501769,0.0370660830485733,0.762167086501769,0.955812386684349,0.659216297689346,0.955812386684349
"Cep85l",0.016908551147026,0.218805841657439,0.016908551147026,0.24207641903259,0.911637865974365,0.24207641903259
"Chaserr",0.180292429887957,0.131636014837119,0.180292429887957,0.719588207008952,0.911637865974365,0.719588207008952
"Chd2",0.795153415935233,0.947943878953156,0.795153415935233,0.955812386684349,0.99387014232882,0.955812386684349
"Chd9",0.389081729448312,0.599093293583333,0.389081729448312,0.864480117519202,0.943876754371689,0.864480117519202
"Chrm3",0.477447508765644,0.196534943320299,0.477447508765644,0.894436192546438,0.911637865974365,0.894436192546438
"Clic4",0.00440405441868954,0.521009311154745,0.00440405441868954,0.105279874797659,0.931778406569865,0.105279874797659
"Cmah",0.00538984654279193,0.265302049934243,0.00538984654279193,0.111471826225924,0.911637865974365,0.111471826225924
"Cmip",0.848693880238665,0.880523468242316,0.848693880238665,0.973699769821691,0.99035622867897,0.973699769821691
"Cnot2",0.99315388091255,0.738067061608334,0.99315388091255,0.995341444526895,0.957292316223317,0.995341444526895
"Col23a1",0.00177177327602467,0.902613011953211,0.00177177327602467,0.0806156840591223,0.993817759303161,0.0806156840591223
"Col4a1",0.623840127933274,0.532911560457698,0.623840127933274,0.923949092505104,0.93237701342515,0.923949092505104
"Col5a2",0.961565328041345,0.175737971014465,0.961565328041345,0.985387892474802,0.911637865974365,0.985387892474802
"Col8a1",0.55723946627902,0.522674506844115,0.55723946627902,0.899214432777062,0.931778406569865,0.899214432777062
"Colec12",0.902054832021026,0.706722323302153,0.902054832021026,0.977808699620772,0.957292316223317,0.977808699620772
"Cp",0.00197625235179039,0.248264230030619,0.00197625235179039,0.0814521942528386,0.911637865974365,0.0814521942528386
"Cped1",0.511827982103236,0.148393545372261,0.511827982103236,0.895698968680663,0.911637865974365,0.895698968680663
"Cplane1",0.154104108803031,0.178375587223957,0.154104108803031,0.687425191229205,0.911637865974365,0.687425191229205
"Cpne8",0.130162694608634,0.315976690569163,0.130162694608634,0.636817484375577,0.911637865974365,0.636817484375577
"Creb3l2",0.364011215745931,0.362846736707769,0.364011215745931,0.856439110902901,0.911637865974365,0.856439110902901
"Creb5",0.981366686795424,0.197990811931183,0.981366686795424,0.993324863962192,0.911637865974365,0.993324863962192
"Crebbp",0.24295912371871,0.976977351358264,0.24295912371871,0.803140270630197,0.994462404626421,0.803140270630197
"Crim1",0.907428884804355,0.906971743293179,0.907428884804355,0.977808699620772,0.993817759303161,0.977808699620772
"Csnk1a1",0.949921556206403,0.596948895349799,0.949921556206403,0.980628253121229,0.943876754371689,0.980628253121229
"Cstf3",0.628738718299201,0.310942606668132,0.628738718299201,0.923949092505104,0.911637865974365,0.923949092505104
"Cyyr1",0.671344962690951,0.387212671121776,0.671344962690951,0.943575993344473,0.911637865974365,0.943575993344473
"D5Ertd615e",0.0316175276223025,0.688359869888795,0.0316175276223025,0.315853018679247,0.957292316223317,0.315853018679247
"Dapk2",0.564250035755369,0.338134735459177,0.564250035755369,0.899214432777062,0.911637865974365,0.899214432777062
"Dcbld2",0.662353584101518,0.958862112198775,0.662353584101518,0.943062541420998,0.99387014232882,0.943062541420998
"Dctn4",0.266316117091843,0.869800770134862,0.266316117091843,0.803140270630197,0.99035622867897,0.803140270630197
"Ddx6",0.416860327524495,0.986761601129234,0.416860327524495,0.894436192546438,0.999338877577022,0.894436192546438
"Dennd1a",0.885937571901978,0.757764866114651,0.885937571901978,0.977808699620772,0.957292316223317,0.977808699620772
"Dennd2a",0.0181466863620294,0.958089063338134,0.0181466863620294,0.242845361609511,0.99387014232882,0.242845361609511
"Dennd4a",0.0989506978717274,0.0221200096219148,0.0989506978717274,0.583205748351781,0.640773609272105,0.583205748351781
"Dennd5b",0.457163864653886,0.629680518499048,0.457163864653886,0.894436192546438,0.943876754371689,0.894436192546438
"Dennd6a",0.585224703282229,0.684089211587573,0.585224703282229,0.899214432777062,0.957292316223317,0.899214432777062
"Dip2c",0.018117585958246,0.516049573963474,0.018117585958246,0.242845361609511,0.931778406569865,0.242845361609511
"Dleu2",0.798202685338852,0.830516594177843,0.798202685338852,0.955812386684349,0.98406423428776,0.955812386684349
"Dlg1",0.226393481942019,0.319092891359389,0.226393481942019,0.786328505981821,0.911637865974365,0.786328505981821
"Dnajc1",0.274923848515078,0.0639189809836716,0.274923848515078,0.803140270630197,0.807864898543628,0.803140270630197
"Dnm3",0.00134298876059319,0.127751434614603,0.00134298876059319,0.0678955428966558,0.911637865974365,0.0678955428966558
"Dock1",0.184679781845817,0.48548886536222,0.184679781845817,0.72439052361937,0.931778406569865,0.72439052361937
"Dock4",0.2579163755213,0.516093247009358,0.2579163755213,0.803140270630197,0.931778406569865,0.803140270630197
"Dock6",0.0110946790315911,0.0297738255137166,0.0110946790315911,0.188539232791414,0.647542051787683,0.188539232791414
"Dock9",0.588936046082559,0.307475830777551,0.588936046082559,0.899214432777062,0.911637865974365,0.899214432777062
"Dpysl3",0.00833066831344717,0.530065265570658,0.00833066831344717,0.157935586775769,0.93237701342515,0.157935586775769
"Dst",0.0653454082162849,0.113613529842441,0.0653454082162849,0.484586964168549,0.911637865974365,0.484586964168549
"Dysf",0.479131377728367,0.072350954191831,0.479131377728367,0.894436192546438,0.836512898924905,0.894436192546438
"Ebf1",0.0685749893212655,0.532774722060859,0.0685749893212655,0.484586964168549,0.93237701342515,0.484586964168549
"Ece1",0.0677458376219464,0.00313618273969403,0.0677458376219464,0.484586964168549,0.475654382186928,0.484586964168549
"Ecpas",0.266053528501445,0.900733400655883,0.266053528501445,0.803140270630197,0.993817759303161,0.803140270630197
"Efna5",0.0441191543020575,0.563700213106144,0.0441191543020575,0.386042600143004,0.942954400600351,0.386042600143004
"Ehbp1",0.533310227276825,0.186540175762322,0.533310227276825,0.899214432777062,0.911637865974365,0.899214432777062
"Eif4g3",0.51738639372841,0.471262633841082,0.51738639372841,0.899214432777062,0.931778406569865,0.899214432777062
"Elk3",0.186604822733666,0.737275758268364,0.186604822733666,0.725685421742033,0.957292316223317,0.725685421742033
"Elmo1",0.190554048936565,0.663800962894799,0.190554048936565,0.728589010639806,0.95578936113017,0.728589010639806
"Eln",0.860005395182689,0.467097208877325,0.860005395182689,0.973699769821691,0.931778406569865,0.973699769821691
"Emcn",0.0273335626856906,0.595318696771501,0.0273335626856906,0.296113595761648,0.943876754371689,0.296113595761648
"Eml4",0.178206196615756,0.151759496168379,0.178206196615756,0.717555924426273,0.911637865974365,0.717555924426273
"Erbin",0.510013458636549,0.0894541042618928,0.510013458636549,0.895698968680663,0.891369656959092,0.895698968680663
"Errfi1",0.580684764154231,0.381454215031414,0.580684764154231,0.899214432777062,0.911637865974365,0.899214432777062
"Etl4",0.314355491301113,0.955360332189268,0.314355491301113,0.850827713191646,0.99387014232882,0.850827713191646
"Ets1",0.15161563849805,0.280120696628789,0.15161563849805,0.685910686348724,0.911637865974365,0.685910686348724
"Etv6",0.173873704371962,0.992260776894846,0.173873704371962,0.706361924011094,0.999338877577022,0.706361924011094
"Ext1",0.00337764676516797,0.077263662750952,0.00337764676516797,0.104346261144017,0.837023013135313,0.104346261144017
"Faf1",0.778882843034771,0.596629852183826,0.778882843034771,0.955812386684349,0.943876754371689,0.955812386684349
"Fam168a",0.536854412674692,0.413842566031101,0.536854412674692,0.899214432777062,0.912142181769404,0.899214432777062
"Farp1",0.391390998261441,0.541905381162314,0.391390998261441,0.864480117519202,0.93481384491297,0.864480117519202
"Fbn1",0.49401530780517,0.50457014172441,0.49401530780517,0.894436192546438,0.931778406569865,0.894436192546438
"Fbxl17",0.662342073831476,0.402063409111788,0.662342073831476,0.943062541420998,0.911637865974365,0.943062541420998
"Fbxl7",0.229614246000854,0.229600884536787,0.229614246000854,0.791473347957491,0.911637865974365,0.791473347957491
"Fbxo11",0.391290930370484,0.927707386004305,0.391290930370484,0.864480117519202,0.993817759303161,0.864480117519202
"Fcho2",0.76974757717305,0.240110613603551,0.76974757717305,0.955812386684349,0.911637865974365,0.955812386684349
"Fgl2",0.0193602317514844,0.726111897595884,0.0193602317514844,0.24340513855195,0.957292316223317,0.24340513855195
"Filip1",0.0913149153776089,0.852513086983613,0.0913149153776089,0.557238839914621,0.984896802434095,0.557238839914621
"Fli1",0.350948399386409,0.275820572609074,0.350948399386409,0.856439110902901,0.911637865974365,0.856439110902901
"Flnb",0.090081721288301,0.169028312621839,0.090081721288301,0.557238839914621,0.911637865974365,0.557238839914621
"Flrt2",0.000748714415609176,0.111141347094817,0.000748714415609176,0.0425831323877719,0.911637865974365,0.0425831323877719
"Flt1",0.854122140992237,0.188400725430643,0.854122140992237,0.973699769821691,0.911637865974365,0.973699769821691
"Flt4",0.366704567086704,0.34463154258247,0.366704567086704,0.856439110902901,0.911637865974365,0.856439110902901
"Fmnl2",0.784596933541104,0.757715169507397,0.784596933541104,0.955812386684349,0.957292316223317,0.955812386684349
"Fndc3b",0.915056588437745,0.464428403184276,0.915056588437745,0.977808699620772,0.931778406569865,0.977808699620772
"Foxn3",0.307299020542971,0.35264384662683,0.307299020542971,0.842295508114769,0.911637865974365,0.842295508114769
"Foxo1",0.588727146773656,0.803457311175309,0.588727146773656,0.899214432777062,0.96984063765753,0.899214432777062
"Foxp1",0.00343998663112143,0.00477739076538304,0.00343998663112143,0.104346261144017,0.508428707427429,0.104346261144017
"Frmd4b",0.29272175151605,0.651378683236726,0.29272175151605,0.827257123849708,0.943876754371689,0.827257123849708
"Fry",0.453233100819252,0.593290047694016,0.453233100819252,0.894436192546438,0.943876754371689,0.894436192546438
"Fubp1",0.837241554851293,0.456565037404363,0.837241554851293,0.973699769821691,0.931778406569865,0.973699769821691
"Fyn",0.482134478430549,0.752177824190342,0.482134478430549,0.894436192546438,0.957292316223317,0.894436192546438
"Gab2",0.57524125861291,0.0417889391777493,0.57524125861291,0.899214432777062,0.659216297689346,0.899214432777062
"Galnt1",0.420620576848579,0.491922282948204,0.420620576848579,0.894436192546438,0.931778406569865,0.894436192546438
"Galnt18",0.506772524766734,0.882675181108908,0.506772524766734,0.895698968680663,0.99035622867897,0.895698968680663
"Garre1",0.852676100436267,0.118952685714047,0.852676100436267,0.973699769821691,0.911637865974365,0.973699769821691
"Gas7",0.90618556676772,0.645923514295195,0.90618556676772,0.977808699620772,0.943876754371689,0.977808699620772
"Ghr",0.350151791045839,0.211606809814886,0.350151791045839,0.856439110902901,0.911637865974365,0.856439110902901
"Gmds",0.923204771543597,0.227682002789774,0.923204771543597,0.977808699620772,0.911637865974365,0.977808699620772
"Gnaq",0.644741163539996,0.467143103272291,0.644741163539996,0.934623304675307,0.931778406569865,0.934623304675307
"Gng11",0.317681584801091,0.261250514807834,0.317681584801091,0.850827713191646,0.911637865974365,0.850827713191646
"Gphn",0.266143422122762,0.921411987396376,0.266143422122762,0.803140270630197,0.993817759303161,0.803140270630197
"Gpm6a",0.489653109866909,0.607131255421774,0.489653109866909,0.894436192546438,0.943876754371689,0.894436192546438
"Hectd1",0.553745514628527,0.00765230406169731,0.553745514628527,0.899214432777062,0.508428707427429,0.899214432777062
"Hecw2",0.774024454743415,0.0237211344371718,0.774024454743415,0.955812386684349,0.640773609272105,0.955812386684349
"Heg1",0.00299551935553832,0.969707493461732,0.00299551935553832,0.104346261144017,0.99387014232882,0.104346261144017
"Herc1",0.533025623994935,0.645646428239685,0.533025623994935,0.899214432777062,0.943876754371689,0.899214432777062
"Herc2",0.493689103367304,0.449803592780621,0.493689103367304,0.894436192546438,0.931778406569865,0.894436192546438
"Hip1",0.901479797137678,0.635787057299183,0.901479797137678,0.977808699620772,0.943876754371689,0.977808699620772
"Hmcn1",0.0389915882649868,0.949443158436731,0.0389915882649868,0.363870960862781,0.99387014232882,0.363870960862781
"Igf1r",0.173512114738206,0.753393490552161,0.173512114738206,0.706361924011094,0.957292316223317,0.706361924011094
"Igfbp5",0.369930547992948,0.604276496308395,0.369930547992948,0.856439110902901,0.943876754371689,0.856439110902901
"Il6st",0.325214047745757,0.239917067645156,0.325214047745757,0.851041922669351,0.911637865974365,0.851041922669351
"Itga9",0.151106106367609,0.360727421904392,0.151106106367609,0.685910686348724,0.911637865974365,0.685910686348724
"Itpr1",0.0649854828705307,0.43658036094293,0.0649854828705307,0.484586964168549,0.931778406569865,0.484586964168549
"Itsn2",0.920206577557453,0.277928024599509,0.920206577557453,0.977808699620772,0.911637865974365,0.977808699620772
"Jmjd1c",0.759288839870718,0.617317347456102,0.759288839870718,0.955812386684349,0.943876754371689,0.955812386684349
"Kalrn",0.320532055383656,0.34152091059919,0.320532055383656,0.851041922669351,0.911637865974365,0.851041922669351
"Kansl1",0.703923097558146,0.0420159838087715,0.703923097558146,0.950400621332215,0.659216297689346,0.950400621332215
"Kansl1l",0.686962360810611,0.403818156537344,0.686962360810611,0.94802895794065,0.911637865974365,0.94802895794065
"Kcnq1ot1",0,0,0,0,0,0
"Kcnt2",0.0777324012630981,0.45114933563372,0.0777324012630981,0.518621292585874,0.931778406569865,0.518621292585874
"Kif5b",0.90207924111233,0.574558345541928,0.90207924111233,0.977808699620772,0.943876754371689,0.977808699620772
"Klf12",0.773986984393757,0.286000889578949,0.773986984393757,0.955812386684349,0.911637865974365,0.955812386684349
"Klf7",0.671909058996944,0.188062305556002,0.671909058996944,0.943575993344473,0.911637865974365,0.943575993344473
"Klhdc10",0.114860392517886,0.847809186463301,0.114860392517886,0.607691611577188,0.98406423428776,0.607691611577188
"Kmt2c",0.968979962141675,0.246792303646607,0.968979962141675,0.990754792751601,0.911637865974365,0.990754792751601
"Kmt2e",0.218605696914357,0.39686039993123,0.218605696914357,0.779978597690252,0.911637865974365,0.779978597690252
"Lamc1",0.785843867692672,0.673676615840222,0.785843867692672,0.955812386684349,0.957292316223317,0.955812386684349
"Ldb2",0.538634798118755,0.221971434340224,0.538634798118755,0.899214432777062,0.911637865974365,0.899214432777062
"Ldlrad4",0.188911920971372,0.875185163474321,0.188911920971372,0.728431559677746,0.99035622867897,0.728431559677746
"Lhfpl6",0.915400311491593,0.534836045063657,0.915400311491593,0.977808699620772,0.93237701342515,0.977808699620772
"Limch1",0.584639057554714,0.304306890260693,0.584639057554714,0.899214432777062,0.911637865974365,0.899214432777062
"Lncpint",0.728206200775065,0.950182083135679,0.728206200775065,0.955812386684349,0.99387014232882,0.955812386684349
"Lrba",0.0253656979953489,0.0195791816900611,0.0253656979953489,0.288534814697094,0.640773609272105,0.288534814697094
"Lrch1",0.00395174713165596,0.166040919282186,0.00395174713165596,0.105279874797659,0.911637865974365,0.105279874797659
"Lrch3",0.309536528293535,0.272507030045523,0.309536528293535,0.843348026188974,0.911637865974365,0.843348026188974
"Lrrfip1",0.253674641353896,0.935355057580987,0.253674641353896,0.803140270630197,0.99387014232882,0.803140270630197
"Ltbp1",0.374300861547641,0.793918875536061,0.374300861547641,0.860135818202913,0.96984063765753,0.860135818202913
"Ltbp4",0.664052953437397,0.17879762590412,0.664052953437397,0.943062541420998,0.911637865974365,0.943062541420998
"Luzp1",0.302392476334122,0.4147940672452,0.302392476334122,0.838954736170888,0.912142181769404,0.838954736170888
"Lyn",0.123196977298843,0.00893940584487788,0.123196977298843,0.635530364395258,0.508428707427429,0.635530364395258
"Lyve1",0.247078786208944,0.871090202665286,0.247078786208944,0.803140270630197,0.99035622867897,0.803140270630197
"Maf",0.124056120253113,0.878773597947859,0.124056120253113,0.635530364395258,0.99035622867897,0.635530364395258
"Magi1",0.0610365255816037,0.211539013018057,0.0610365255816037,0.484586964168549,0.911637865974365,0.484586964168549
"Malat1",0.124920634429547,0.0609472347868844,0.124920634429547,0.635530364395258,0.807864898543628,0.635530364395258
"Man1a",0.0670753750826418,0.773043804054037,0.0670753750826418,0.484586964168549,0.961024401214718,0.484586964168549
"Man2a1",0.580123807118212,0.0484924481061634,0.580123807118212,0.899214432777062,0.7275038362561,0.899214432777062
"Map2k5",0.0787706905090442,0.21438152805804,0.0787706905090442,0.518621292585874,0.911637865974365,0.518621292585874
"Map3k1",0.70139063558248,0.471617840100033,0.70139063558248,0.950400621332215,0.931778406569865,0.950400621332215
"Map3k3",0.101259899164375,0.0979982796565654,0.101259899164375,0.583205748351781,0.891784344874745,0.583205748351781
"Marchf3",0.827748718108214,0.724470098542438,0.827748718108214,0.972917025671083,0.957292316223317,0.972917025671083
"Mark3",0.0528645222223923,0.0621615785618883,0.0528645222223923,0.445432548355342,0.807864898543628,0.445432548355342
"Mast4",0.109943526278441,0.314723301455761,0.109943526278441,0.607691611577188,0.911637865974365,0.607691611577188
"Mbnl2",0.0945239944664497,0.79816847599496,0.0945239944664497,0.565900230029403,0.96984063765753,0.565900230029403
"Mcc",0.366187008504584,0.648549309002792,0.366187008504584,0.856439110902901,0.943876754371689,0.856439110902901
"Mctp1",0.62766613707649,0.59672618986861,0.62766613707649,0.923949092505104,0.943876754371689,0.923949092505104
"Mcu",0.00802631526521726,0.0722748951113353,0.00802631526521726,0.157935586775769,0.836512898924905,0.157935586775769
"Mdfic",0.644992786083619,0.704640144158481,0.644992786083619,0.934623304675307,0.957292316223317,0.934623304675307
"Med13l",0.275211210959156,0.0410646668162476,0.275211210959156,0.803140270630197,0.659216297689346,0.803140270630197
"Meis2",0.345974516619794,0.407194113184868,0.345974516619794,0.856439110902901,0.912142181769404,0.856439110902901
"Mgp",0.729530888137657,0.63689115630634,0.729530888137657,0.955812386684349,0.943876754371689,0.955812386684349
"Mia2",0.849943790194021,0.928291313634821,0.849943790194021,0.973699769821691,0.993817759303161,0.973699769821691
"Mical2",0.952610303032051,0.417634609328818,0.952610303032051,0.980628253121229,0.913575707906789,0.980628253121229
"Mir100hg",0.790591254208411,0.482127005503303,0.790591254208411,0.955812386684349,0.931778406569865,0.955812386684349
"Mir181a-1hg",0.336718544859129,0.76072761865961,0.336718544859129,0.856439110902901,0.957292316223317,0.856439110902901
"Mir99ahg",0.933732930128964,0.685333179702203,0.933732930128964,0.977849475056225,0.957292316223317,0.977849475056225
"Mkln1",0.765926304867137,0.0932557354120119,0.765926304867137,0.955812386684349,0.891784344874745,0.955812386684349
"Mllt10",0.156226850767677,0.88737190623108,0.156226850767677,0.690128321352361,0.992025104017547,0.690128321352361
"Mmrn1",0.581505152517045,0.76222715269942,0.581505152517045,0.899214432777062,0.957292316223317,0.899214432777062
"Morrbid",0.367621318859473,0.931424721405274,0.367621318859473,0.856439110902901,0.99387014232882,0.856439110902901
"Mpdz",0.910376415456131,0.315669884198546,0.910376415456131,0.977808699620772,0.911637865974365,0.977808699620772
"Mpp7",0.0130581840722011,0.272161972748714,0.0130581840722011,0.20152315590636,0.911637865974365,0.20152315590636
"Msi2",0.245057676029065,0.923645532888155,0.245057676029065,0.803140270630197,0.993817759303161,0.803140270630197
"Msrb3",0.693563738609791,0.0394756603106184,0.693563738609791,0.950400621332215,0.659216297689346,0.950400621332215
"Mtmr3",0.982445236250067,0.0901164927914687,0.982445236250067,0.993324863962192,0.891369656959092,0.993324863962192
"Mtus1",0.013287241048771,0.631323811653741,0.013287241048771,0.20152315590636,0.943876754371689,0.20152315590636
"Mycbp2",0.255665113951618,0.969633060037783,0.255665113951618,0.803140270630197,0.99387014232882,0.803140270630197
"Myo1b",0.540324319457904,0.0853704490339284,0.540324319457904,0.899214432777062,0.884467344273927,0.899214432777062
"Myo1d",0.522787268245526,0.713555598897373,0.522787268245526,0.899214432777062,0.957292316223317,0.899214432777062
"Myo6",0.219843591884326,0.892227551760379,0.219843591884326,0.779978597690252,0.992575882765214,0.779978597690252
"Myzap",0.000729902030595939,0.477813736288254,0.000729902030595939,0.0425831323877719,0.931778406569865,0.0425831323877719
"Nbea",0.208248970108313,0.0253492856415338,0.208248970108313,0.764139366123245,0.640773609272105,0.764139366123245
"Nbeal1",0.531978035717258,0.35134504644801,0.531978035717258,0.899214432777062,0.911637865974365,0.899214432777062
"Nck1",0.537117562903086,0.739038661788006,0.537117562903086,0.899214432777062,0.957292316223317,0.899214432777062
"Ncoa2",0.0692267091669356,0.427870195991642,0.0692267091669356,0.484586964168549,0.922658479508043,0.484586964168549
"Ncor1",0.931582062294256,0.969842512514277,0.931582062294256,0.977849475056225,0.99387014232882,0.977849475056225
"Ndfip1",0.500485788684582,0.842125107251975,0.500485788684582,0.894436192546438,0.98406423428776,0.894436192546438
"Neat1",0.485922369501631,0.643164548884941,0.485922369501631,0.894436192546438,0.943876754371689,0.894436192546438
"Nedd4",0.306096639198893,0.568489820751778,0.306096639198893,0.842295508114769,0.943876754371689,0.842295508114769
"Nek7",0.832489022403228,0.880548850079342,0.832489022403228,0.972917025671083,0.99035622867897,0.972917025671083
"Nf1",0.675284561502402,0.293626562067623,0.675284561502402,0.945398386103363,0.911637865974365,0.945398386103363
"Nfat5",0.452578794230512,0.161154532824661,0.452578794230512,0.894436192546438,0.911637865974365,0.894436192546438
"Nfia",0.417084008452127,0.633785798039432,0.417084008452127,0.894436192546438,0.943876754371689,0.894436192546438
"Nfib",0.976912190085306,0.119249669337307,0.976912190085306,0.993324863962192,0.911637865974365,0.993324863962192
"Nfkb1",0.140985077531244,0.100502945163515,0.140985077531244,0.661321755430063,0.89664392253724,0.661321755430063
"Nhsl1",0.928754540040242,0.709208572834036,0.928754540040242,0.977849475056225,0.957292316223317,0.977849475056225
"Nipbl",0.474353460424867,0.155190909792552,0.474353460424867,0.894436192546438,0.911637865974365,0.894436192546438
"Nktr",0.587255438706286,0.64999680073213,0.587255438706286,0.899214432777062,0.943876754371689,0.899214432777062
"Nr2f2",0.351568084775669,0.747175292884317,0.351568084775669,0.856439110902901,0.957292316223317,0.856439110902901
"Nr3c1",0.0222195635253904,0.99138859708874,0.0222195635253904,0.259228241129554,0.999338877577022,0.259228241129554
"Nr3c2",0.798260894373742,0.74505887320757,0.798260894373742,0.955812386684349,0.957292316223317,0.955812386684349
"Nrip1",0.474128980583513,0.0316954573497591,0.474128980583513,0.894436192546438,0.65551968609729,0.894436192546438
"Nrp2",0.508252997319522,0.526301209864737,0.508252997319522,0.895698968680663,0.931778406569865,0.895698968680663
"Nsd1",0.452582763603544,0.0972944525199934,0.452582763603544,0.894436192546438,0.891784344874745,0.894436192546438
"Ntn1",0.5719148253638,0.107973462137413,0.5719148253638,0.899214432777062,0.911637865974365,0.899214432777062
"Numb",0.131878451505439,0.847004829201752,0.131878451505439,0.638347823776328,0.98406423428776,0.638347823776328
"Nxn",0.301274255701943,0.924368436857706,0.301274255701943,0.838954736170888,0.993817759303161,0.838954736170888
"Osbpl9",0.268444900997859,0.524372821953797,0.268444900997859,0.803140270630197,0.931778406569865,0.803140270630197
"Osmr",0.222851027911501,0.422851362326233,0.222851027911501,0.779978597690252,0.916177951706837,0.779978597690252
"P4ha1",0.713222369536104,0.696039234344249,0.713222369536104,0.953784909145061,0.957292316223317,0.953784909145061
"Pafah1b1",0.125709302847414,0.330133504303405,0.125709302847414,0.635530364395258,0.911637865974365,0.635530364395258
"Pakap",0.936254549504044,0.0251218975917949,0.936254549504044,0.977849475056225,0.640773609272105,0.977849475056225
"Pam",0.102585096335469,0.262279202361179,0.102585096335469,0.583452735407982,0.911637865974365,0.583452735407982
"Pan3",0.240120573457283,0.239332918353364,0.240120573457283,0.803140270630197,0.911637865974365,0.803140270630197
"Pard3",0.0547907152757294,0.7150282673266,0.0547907152757294,0.453268644553762,0.957292316223317,0.453268644553762
"Pbx1",0.162966468713035,0.361191752580934,0.162966468713035,0.692988254807764,0.911637865974365,0.692988254807764
"Pcdh9",0.0107056751451321,0.163717274596918,0.0107056751451321,0.188539232791414,0.911637865974365,0.188539232791414
"Pcsk6",0.959867051945143,0.89046276082993,0.959867051945143,0.985387892474802,0.992575882765214,0.985387892474802
"Pde10a",0.136403046369166,0.852855692657216,0.136403046369166,0.646493605187195,0.984896802434095,0.646493605187195
"Pde3a",0.250133835211046,0.341484789716613,0.250133835211046,0.803140270630197,0.911637865974365,0.803140270630197
"Pde7b",0.0197933848932355,0.239826196654413,0.0197933848932355,0.24340513855195,0.911637865974365,0.24340513855195
"Pde8a",0.381816045786321,0.337642028160503,0.381816045786321,0.864480117519202,0.911637865974365,0.864480117519202
"Pdgfd",0.0407627641117429,0.544452019564697,0.0407627641117429,0.37094115341686,0.93481384491297,0.37094115341686
"Pdlim1",0.383437306130532,0.050736600550113,0.383437306130532,0.864480117519202,0.7275038362561,0.864480117519202
"Pdlim5",0.794562794075047,0.354621373535853,0.794562794075047,0.955812386684349,0.911637865974365,0.955812386684349
"Pecam1",0.946490623575437,0.876214765181571,0.946490623575437,0.980628253121229,0.99035622867897,0.980628253121229
"Peli1",0.648774927540381,0.454375912578018,0.648774927540381,0.93711933978055,0.931778406569865,0.93711933978055
"Pgm5",0.944946511567618,0.0669291421129949,0.944946511567618,0.980628253121229,0.823047558416559,0.980628253121229
"Phf20l1",0.563982104961833,0.835925750607143,0.563982104961833,0.899214432777062,0.98406423428776,0.899214432777062
"Phf21a",0.905449556303192,0.0110866752783485,0.905449556303192,0.977808699620772,0.533068826653265,0.977808699620772
"Pid1",0.793727796861654,0.896290778594284,0.793727796861654,0.955812386684349,0.992719671291447,0.955812386684349
"Piezo2",0.777227584510726,0.446894305892391,0.777227584510726,0.955812386684349,0.931778406569865,0.955812386684349
"Pitpnc1",0.852466412790286,0.582199599809217,0.852466412790286,0.973699769821691,0.943876754371689,0.973699769821691
"Pkp4",0.370039118518747,0.646379964765389,0.370039118518747,0.856439110902901,0.943876754371689,0.856439110902901
"Plcb4",0.985256003339984,0.747659902755692,0.985256003339984,0.993324863962192,0.957292316223317,0.993324863962192
"Plce1",0.742398843710378,0.361631503665512,0.742398843710378,0.955812386684349,0.911637865974365,0.955812386684349
"Plcl1",0.92178153781037,0.13900221578757,0.92178153781037,0.977808699620772,0.911637865974365,0.977808699620772
"Pld5",0.339729748295917,0.317256421025737,0.339729748295917,0.856439110902901,0.911637865974365,0.856439110902901
"Plekhg1",0.753677863908433,0.398598639227778,0.753677863908433,0.955812386684349,0.911637865974365,0.955812386684349
"Plpp1",0.207224725289153,0.998222719583129,0.207224725289153,0.764139366123245,0.999338877577022,0.764139366123245
"Plxna4",0.193557227283401,0.702439078292268,0.193557227283401,0.733904486782894,0.957292316223317,0.733904486782894
"Pnisr",0.262994354559072,0.877388685691185,0.262994354559072,0.803140270630197,0.99035622867897,0.803140270630197
"Ppfibp1",0.222646139286061,0.786530219232386,0.222646139286061,0.779978597690252,0.966526157226252,0.779978597690252
"Ppp1r12a",0.560522364921083,0.0971796281232379,0.560522364921083,0.899214432777062,0.891784344874745,0.899214432777062
"Ppp2r5a",0.461609131579759,0.248146613897854,0.461609131579759,0.894436192546438,0.911637865974365,0.894436192546438
"Prex2",0.541861984034949,0.824890469279995,0.541861984034949,0.899214432777062,0.98406423428776,0.899214432777062
"Prkce",0.62950377731117,0.783558703397128,0.62950377731117,0.923949092505104,0.966176720991038,0.923949092505104
"Prkch",0.880472254764201,0.216759718752679,0.880472254764201,0.977808699620772,0.911637865974365,0.977808699620772
"Prkcq",0.1144347826437,0.367140785195206,0.1144347826437,0.607691611577188,0.911637865974365,0.607691611577188
"Prkg1",1.44272891021907e-10,0.411978554196029,1.44272891021907e-10,3.28220827074839e-08,0.912142181769404,3.28220827074839e-08
"Prox1",0.00462768680429269,0.648507801297781,0.00462768680429269,0.105279874797659,0.943876754371689,0.105279874797659
"Prpf39",0.24516095302458,0.449420226630804,0.24516095302458,0.803140270630197,0.931778406569865,0.803140270630197
"Psme4",0.718355617604007,0.364540695223628,0.718355617604007,0.954465552774759,0.911637865974365,0.954465552774759
"Ptpn12",0.353089930511724,0.948372802155231,0.353089930511724,0.856439110902901,0.99387014232882,0.856439110902901
"Ptpn14",0.489056735015383,0.764592824697096,0.489056735015383,0.894436192546438,0.957292316223317,0.894436192546438
"Ptprb",0.732469128175133,0.386683304276359,0.732469128175133,0.955812386684349,0.911637865974365,0.955812386684349
"Ptpre",0.75247189932191,0.523535849875628,0.75247189932191,0.955812386684349,0.931778406569865,0.955812386684349
"Ptprg",0.350789741783831,0.439748949426197,0.350789741783831,0.856439110902901,0.931778406569865,0.856439110902901
"Ptprk",0.795839385004478,0.28733281977966,0.795839385004478,0.955812386684349,0.911637865974365,0.955812386684349
"Ptprm",0.922795109877101,0.0620283805920242,0.922795109877101,0.977808699620772,0.807864898543628,0.977808699620772
"Pvt1",0.580812544597644,0.449199356269536,0.580812544597644,0.899214432777062,0.931778406569865,0.899214432777062
"Qki",0.894400392291233,0.051165104967462,0.894400392291233,0.977808699620772,0.7275038362561,0.977808699620772
"Rai14",0.932516080555949,0.199317713958384,0.932516080555949,0.977849475056225,0.911637865974365,0.977849475056225
"Ralgapa1",0.345712969353336,0.281254945567099,0.345712969353336,0.856439110902901,0.911637865974365,0.856439110902901
"Ralgapa2",0.274063918355236,0.0386300990003609,0.274063918355236,0.803140270630197,0.659216297689346,0.803140270630197
"Rap1gds1",0.317891673060615,0.339947917366235,0.317891673060615,0.850827713191646,0.911637865974365,0.850827713191646
"Rapgef2",0.796931383779208,0.275144267233663,0.796931383779208,0.955812386684349,0.911637865974365,0.955812386684349
"Rapgef5",0.26007576589777,0.197056787686015,0.26007576589777,0.803140270630197,0.911637865974365,0.803140270630197
"Rasa1",0.656189249303605,0.343626816833739,0.656189249303605,0.943062541420998,0.911637865974365,0.943062541420998
"Rasal2",0.494822697402513,0.953095310426542,0.494822697402513,0.894436192546438,0.99387014232882,0.894436192546438
"Rassf8",0.455451495675254,0.260106233801479,0.455451495675254,0.894436192546438,0.911637865974365,0.894436192546438
"Rb1",0.0432651326872185,0.966063029961743,0.0432651326872185,0.385992850444793,0.99387014232882,0.385992850444793
"Rbm25",0.623429448782943,0.638977596517766,0.623429448782943,0.923949092505104,0.943876754371689,0.923949092505104
"Rbm39",0.501088363022976,0.194318248247418,0.501088363022976,0.894436192546438,0.911637865974365,0.894436192546438
"Rbm6",0.482651818836367,0.470428813693571,0.482651818836367,0.894436192546438,0.931778406569865,0.894436192546438
"Rbms1",0.907132824509349,0.254478653230036,0.907132824509349,0.977808699620772,0.911637865974365,0.977808699620772
"Rbms3",0.214831576707197,0.340669647569073,0.214831576707197,0.779978597690252,0.911637865974365,0.779978597690252
"Rbpms",0.801250186129368,0.264120506954879,0.801250186129368,0.956873581860531,0.911637865974365,0.956873581860531
"Reln",0.50040949239956,0.723629130239482,0.50040949239956,0.894436192546438,0.957292316223317,0.894436192546438
"Rere",0.00513189026885416,0.730197414296144,0.00513189026885416,0.111190955825173,0.957292316223317,0.111190955825173
"Rfx3",0.833181287530301,0.461080307464958,0.833181287530301,0.972917025671083,0.931778406569865,0.972917025671083
"Rhoj",0.858991193803594,0.371883725298083,0.858991193803594,0.973699769821691,0.911637865974365,0.973699769821691
"Rin3",0.702011029097313,0.269461426701555,0.702011029097313,0.950400621332215,0.911637865974365,0.950400621332215
"Rock1",0.114147393545604,0.720638486560176,0.114147393545604,0.607691611577188,0.957292316223317,0.607691611577188
"Rock2",0.658796435991779,0.126661015921835,0.658796435991779,0.943062541420998,0.911637865974365,0.943062541420998
"Rora",0.702282655813158,0.736974290606373,0.702282655813158,0.950400621332215,0.957292316223317,0.950400621332215
"Rtn3",0.0309262844656335,0.0418859169863384,0.0309262844656335,0.315853018679247,0.659216297689346,0.315853018679247
"Rtn4",0.322198076615581,0.70523091515568,0.322198076615581,0.851041922669351,0.957292316223317,0.851041922669351
"Sash1",0.912024805314791,0.520565470154967,0.912024805314791,0.977808699620772,0.931778406569865,0.977808699620772
"Sbf2",0.442199893837919,0.486534688157658,0.442199893837919,0.894436192546438,0.931778406569865,0.894436192546438
"Schip1",0.414659003602273,0.141455695757865,0.414659003602273,0.894436192546438,0.911637865974365,0.894436192546438
"Sema3a",0.171627231560838,0.918588831916454,0.171627231560838,0.706361924011094,0.993817759303161,0.706361924011094
"Sema3d",0.366818823192594,0.0250256258246144,0.366818823192594,0.856439110902901,0.640773609272105,0.856439110902901
"Sema6a",0.0170251547451492,0.796421440504307,0.0170251547451492,0.24207641903259,0.96984063765753,0.24207641903259
"Septin11",0.79076474965593,0.524592672613194,0.79076474965593,0.955812386684349,0.931778406569865,0.955812386684349
"Serinc3",1.48917932738768e-05,0.838424799899752,1.48917932738768e-05,0.00169394148490349,0.98406423428776,0.00169394148490349
"Setd5",0.917189731780317,0.72334451780409,0.917189731780317,0.977808699620772,0.957292316223317,0.977808699620772
"Sh3pxd2a",0.791815249126194,0.543803472363197,0.791815249126194,0.955812386684349,0.93481384491297,0.955812386684349
"Sik2",0.278877394567951,0.552783227334177,0.278877394567951,0.808211557505846,0.936707530798744,0.808211557505846
"Sik3",0.480109446335171,0.744158286478976,0.480109446335171,0.894436192546438,0.957292316223317,0.894436192546438
"Slc8a1",0.811840694322812,0.720920550247742,0.811840694322812,0.96194665603354,0.957292316223317,0.96194665603354
"Slit3",0.782225883821437,0.364987435078446,0.782225883821437,0.955812386684349,0.911637865974365,0.955812386684349
"Slmap",0.594378155223916,0.751628547075953,0.594378155223916,0.901473535422939,0.957292316223317,0.901473535422939
"Smad1",0.184597452464132,0.0117157983879838,0.184597452464132,0.72439052361937,0.533068826653265,0.72439052361937
"Smg1",0.805039399613813,0.993911011264283,0.805039399613813,0.958882007393416,0.999338877577022,0.958882007393416
"Smg6",0.0608955022406446,0.0298865562363546,0.0608955022406446,0.484586964168549,0.647542051787683,0.484586964168549
"Smurf2",0.832350618329964,0.97452188678002,0.832350618329964,0.972917025671083,0.994187126647778,0.972917025671083
"Smyd3",0.530215732319155,0.600231531337297,0.530215732319155,0.899214432777062,0.943876754371689,0.899214432777062
"Sncaip",0.00434636931776963,0.767617170173162,0.00434636931776963,0.105279874797659,0.957292316223317,0.105279874797659
"Sned1",0.437749000493384,0.539530252826478,0.437749000493384,0.894436192546438,0.93481384491297,0.894436192546438
"Snrk",0.887130724615831,0.799926856264071,0.887130724615831,0.977808699620772,0.96984063765753,0.977808699620772
"Sntb2",0.90635186787988,0.883702480975081,0.90635186787988,0.977808699620772,0.99035622867897,0.977808699620772
"Son",0.734650325242932,0.492731342748477,0.734650325242932,0.955812386684349,0.931778406569865,0.955812386684349
"Sorbs1",0.811235885588363,0.356590945875699,0.811235885588363,0.96194665603354,0.911637865974365,0.96194665603354
"Spag9",0.521209446265742,0.268783696641452,0.521209446265742,0.899214432777062,0.911637865974365,0.899214432777062
"Sptan1",0.495769734584324,0.227693576064277,0.495769734584324,0.894436192546438,0.911637865974365,0.894436192546438
"Sptbn1",0.447307735472865,0.958507863309443,0.447307735472865,0.894436192546438,0.99387014232882,0.894436192546438
"Srek1",0.326215989537445,0.696511480785813,0.326215989537445,0.851041922669351,0.957292316223317,0.851041922669351
"Srgap2",0.367058151461517,0.333584614215193,0.367058151461517,0.856439110902901,0.911637865974365,0.856439110902901
"Ssbp2",0.601111280665489,0.586666865964226,0.601111280665489,0.905591175243899,0.943876754371689,0.905591175243899
"Ssh2",0.698801999803154,0.414974575002784,0.698801999803154,0.950400621332215,0.912142181769404,0.950400621332215
"Stab1",0.111615044164252,0.497753208349653,0.111615044164252,0.607691611577188,0.931778406569865,0.607691611577188
"Stag1",0.732714794517708,0.322901211503965,0.732714794517708,0.955812386684349,0.911637865974365,0.955812386684349
"Stard13",0.0648005122049476,0.401798824483464,0.0648005122049476,0.484586964168549,0.911637865974365,0.484586964168549
"Stat3",0.833928879146642,0.953282235249927,0.833928879146642,0.972917025671083,0.99387014232882,0.972917025671083
"Ston2",0.169436520477287,0.236539218641856,0.169436520477287,0.706361924011094,0.911637865974365,0.706361924011094
"Stox2",0.327323816411289,0.630446067148005,0.327323816411289,0.851041922669351,0.943876754371689,0.851041922669351
"Strn3",0.395394198826077,0.240598227627586,0.395394198826077,0.869103190656353,0.911637865974365,0.869103190656353
"Stxbp6",0.130150478162299,0.184679382077523,0.130150478162299,0.636817484375577,0.911637865974365,0.636817484375577
"Susd6",0.290941475042255,0.382052049435566,0.290941475042255,0.827257123849708,0.911637865974365,0.827257123849708
"Swt1",0.848363608956025,0.284605814623297,0.848363608956025,0.973699769821691,0.911637865974365,0.973699769821691
"Syne1",0.0745852540930222,0.516912933534402,0.0745852540930222,0.506511800183957,0.931778406569865,0.506511800183957
"Tanc1",0.136001616065467,0.557907122739472,0.136001616065467,0.646493605187195,0.936707530798744,0.646493605187195
"Tanc2",0.00436271435242495,0.82646356826305,0.00436271435242495,0.105279874797659,0.98406423428776,0.105279874797659
"Tasor",0.0859604820018559,0.50683184087371,0.0859604820018559,0.543222490428395,0.931778406569865,0.543222490428395
"Tbc1d5",0.783313342274862,0.767937792135188,0.783313342274862,0.955812386684349,0.957292316223317,0.955812386684349
"Tc2n",0.0021481897385364,0.281849036173817,0.0021481897385364,0.0814521942528386,0.911637865974365,0.0814521942528386
"Tcf12",0.281531952731815,0.38402939784261,0.281531952731815,0.810740749955542,0.911637865974365,0.810740749955542
"Tcf4",0.333854109409786,0.162701894361233,0.333854109409786,0.856439110902901,0.911637865974365,0.856439110902901
"Tcf7l1",0.495361737391344,0.896720406375351,0.495361737391344,0.894436192546438,0.992719671291447,0.894436192546438
"Tcf7l2",0.527231360137227,0.584455532556883,0.527231360137227,0.899214432777062,0.943876754371689,0.899214432777062
"Thsd7a",0.579074447930695,0.703391249702558,0.579074447930695,0.899214432777062,0.957292316223317,0.899214432777062
"Timp3",0.160825819655694,0.127956144309369,0.160825819655694,0.690337244748498,0.911637865974365,0.690337244748498
"Tll1",0.151174696221166,0.382113886442495,0.151174696221166,0.685910686348724,0.911637865974365,0.685910686348724
"Tmcc1",0.0797878911670575,0.571563693097587,0.0797878911670575,0.518621292585874,0.943876754371689,0.518621292585874
"Tmtc1",0.622759220392513,0.967294375492953,0.622759220392513,0.923949092505104,0.99387014232882,0.923949092505104
"Tnks2",0.380204669283433,0.831406307107481,0.380204669283433,0.864480117519202,0.98406423428776,0.864480117519202
"Tnrc6c",0.0209304629155009,0.58709902929266,0.0209304629155009,0.25061475333034,0.943876754371689,0.25061475333034
"Top1",0.841955676069506,0.635408723379575,0.841955676069506,0.973699769821691,0.943876754371689,0.973699769821691
"Tshz2",0.4389420770181,0.957329295144343,0.4389420770181,0.894436192546438,0.99387014232882,0.894436192546438
"Tspan18",0.0262730899062504,0.496327227586681,0.0262730899062504,0.291567217252291,0.931778406569865,0.291567217252291
"Tspan5",0.0111880423854246,0.20592781425989,0.0111880423854246,0.188539232791414,0.911637865974365,0.188539232791414
"Tspan9",0.472129380748623,0.216767106178686,0.472129380748623,0.894436192546438,0.911637865974365,0.894436192546438
"Ttc28",0.569813127897623,0.376652317141744,0.569813127897623,0.899214432777062,0.911637865974365,0.899214432777062
"Ube2d3",0.635540513646012,0.185925394226844,0.635540513646012,0.929810076234519,0.911637865974365,0.929810076234519
"Ube2e2",0.504574791923415,0.401525962977236,0.504574791923415,0.895698968680663,0.911637865974365,0.895698968680663
"Ubn2",0.275362378501782,0.246479312573005,0.275362378501782,0.803140270630197,0.911637865974365,0.803140270630197
"Ubr3",0.127984227998695,0.102512642608469,0.127984227998695,0.636817484375577,0.896985622824101,0.636817484375577
"Ubr5",0.697660116934224,0.776202315086571,0.697660116934224,0.950400621332215,0.962321671292615,0.950400621332215
"Ulk2",0.781640319592248,0.622475842254193,0.781640319592248,0.955812386684349,0.943876754371689,0.955812386684349
"Usp24",0.599507856033938,0.594722164724406,0.599507856033938,0.905591175243899,0.943876754371689,0.905591175243899
"Usp25",0.899157116127215,0.874610103699551,0.899157116127215,0.977808699620772,0.99035622867897,0.977808699620772
"Usp34",0.982354752021041,0.555573091704262,0.982354752021041,0.993324863962192,0.936707530798744,0.993324863962192
"Utrn",0.603064013404179,0.00865492572257644,0.603064013404179,0.905591175243899,0.508428707427429,0.905591175243899
"Uvrag",0.50127742659196,0.148187502920695,0.50127742659196,0.894436192546438,0.911637865974365,0.894436192546438
"Vav3",0.67969055031934,0.578890377007876,0.67969055031934,0.947194921111152,0.943876754371689,0.947194921111152
"Vgll4",0.349751274188298,0.347543740431459,0.349751274188298,0.856439110902901,0.911637865974365,0.856439110902901
"Vps13b",0.611616822915859,0.382848376744213,0.611616822915859,0.915413336929987,0.911637865974365,0.915413336929987
"Wac",0.0857425878736478,0.708062327090054,0.0857425878736478,0.543222490428395,0.957292316223317,0.543222490428395
"Wasf2",0.789406614107558,0.706102149617275,0.789406614107558,0.955812386684349,0.957292316223317,0.955812386684349
"Wdfy3",0.586931173360303,0.385059045646123,0.586931173360303,0.899214432777062,0.911637865974365,0.899214432777062
"Wipf1",0.494638360502587,0.393745737224151,0.494638360502587,0.894436192546438,0.911637865974365,0.894436192546438
"Wnk1",0.469151824414901,0.631237362538548,0.469151824414901,0.894436192546438,0.943876754371689,0.894436192546438
"Wwc2",0.158243670173653,0.35551157874107,0.158243670173653,0.690337244748498,0.911637865974365,0.690337244748498
"Wwox",0.366896761140477,0.556817077150612,0.366896761140477,0.856439110902901,0.936707530798744,0.856439110902901
"Wwtr1",0.412244240915192,0.806773697331483,0.412244240915192,0.894436192546438,0.971116487528636,0.894436192546438
"Xdh",0.0470128614199069,0.920932941452873,0.0470128614199069,0.403600980114295,0.993817759303161,0.403600980114295
"Yes1",0.244938723762034,0.570293734021686,0.244938723762034,0.803140270630197,0.943876754371689,0.803140270630197
"Zbtb16",0.782729237494379,0.510531698546015,0.782729237494379,0.955812386684349,0.931778406569865,0.955812386684349
"Zbtb46",0.160054387974962,0.803582242630525,0.160054387974962,0.690337244748498,0.96984063765753,0.690337244748498
"Zbtb7c",0.0630399320779709,0.156952248663688,0.0630399320779709,0.484586964168549,0.911637865974365,0.484586964168549
"Zcchc7",0.566237484565551,0.305427160283795,0.566237484565551,0.899214432777062,0.911637865974365,0.899214432777062
"Zeb1",8.70023490994718e-05,0.782948533107912,8.70023490994718e-05,0.00791721376805193,0.966176720991038,0.00791721376805193
"Zfand3",0.462238950093519,0.347512090725484,0.462238950093519,0.894436192546438,0.911637865974365,0.894436192546438
"Zfc3h1",0.446597988074262,0.0147920928590657,0.446597988074262,0.894436192546438,0.560866854239575,0.894436192546438
"Zfp148",0.796998921018221,0.555237240389579,0.796998921018221,0.955812386684349,0.936707530798744,0.955812386684349
"Zfp407",0.687581442022889,0.825893392418159,0.687581442022889,0.94802895794065,0.98406423428776,0.94802895794065
"Zfp423",0.564832596690352,0.227725249672186,0.564832596690352,0.899214432777062,0.911637865974365,0.899214432777062
"Zfp521",0.469481154985508,0.200106539623874,0.469481154985508,0.894436192546438,0.911637865974365,0.894436192546438
"Zfpm2",0.587119597168006,0.523543849368421,0.587119597168006,0.899214432777062,0.931778406569865,0.899214432777062
"Zup1",0.937016200273657,0.974046535703079,0.937016200273657,0.977849475056225,0.994187126647778,0.977849475056225
"Rps6ka3",0.999305967876502,0.999338877577022,0.999305967876502,0.999305967876502,0.999338877577022,0.999305967876502
"Arhgap6",0.000707789351755514,0.0021537739919717,0.000707789351755514,0.0425831323877719,0.475654382186928,0.0425831323877719
