"","AR","N","log2FC","llr","pval","padj"
"1700025G04Rik",0.551459293394777,31,0.31194400631474,2.63843142062947,1,1
"2010001K21Rik",0.46031746031746,21,-0.523561956057013,-8.2334860818933,4.95049985990233e-05,0.00102136628688511
"2210408F21Rik",0.549329501915709,29,0,11.7950965738043,1,1
"2610037D02Rik",0.427272727272727,33,-0.16349873228288,-5.20309397098054,0.00125593741434166,0.0108601647004838
"2610307P16Rik",0.482954545454545,44,-0.332575339086871,3.74314812629049,1,1
"4632427E13Rik",0.695402298850575,29,0.921997487998727,6.90943414689677,1,1
"4732440D04Rik",0.31359649122807,38,-1,4.8310257064044,1,1
"5031425E22Rik",0.576923076923077,39,0.381870635343644,6.67779663322317,1,1
"9330159M07Rik",0.104938271604938,27,-3.1963972128035,-5.15193421223617,0.00132751630116767,0.0113897388101015
"9530026P05Rik",0.586402917006365,58,0.613451057680852,-0.483291079959827,0.325534060062108,0.900771893254208
"AW554918",0.428571428571429,28,-0.678071905112638,3.10456296490807,1,1
"Aak1",0.46003861003861,37,0.155278225477911,2.09368090797567,1,1
"Abcc5",0.467948717948718,26,0.192645077942396,18.797676143485,1,1
"Abcd3",0.471264367816092,29,0,-6.51839650489672,0.000305430665578966,0.0038622200292566
"Abhd18",0.4625,22,-0.295455883526171,-8.19829801303563,5.13774128434115e-05,0.00102750954516278
"Abi1",0.919532134532135,55,3.62803122261304,-2.63276334355892,0.0217518398866926,0.102320654827002
"Abi3bp",0.341269841269841,21,-1,5.58172579206585,1,1
"Ablim1",0.492043576580394,43,-0.145540842815353,-3.3550519851912,0.00958681350585668,0.0534115369983225
"Ablim3",0.32183908045977,29,-1.15754127698648,14.6662832162118,1,1
"Abra",0.396081111870586,19,-1.0911478880582,-3.53479501355201,0.00784031935699172,0.0463327415267451
"Abtb2",0.413419913419913,22,-0.334419039070559,2.07753493801413,1,1
"Acacb",0.643478260869565,23,0.459431618637297,-8.80429802995793,2.71358996296555e-05,0.000679192121299194
"Acadl",0.321212121212121,22,-0.506959988719883,-8.30220565866286,4.60438022362249e-05,0.000984500207814554
"Acat1",0.471428571428571,25,-0.137503523749935,-4.48350463063243,0.00274898213814132,0.0207230961182961
"Ackr3",0.492753623188406,23,0.231325546106456,-3.91607476794787,0.00513250269280413,0.0326260711715549
"Aco2",0.384656084656085,27,-0.67137725253863,-0.410348378486525,0.364976529222349,0.98342620966588
"Acsl1",0.386274509803922,17,-0.211504105193712,-2.20857484314668,0.0355794218672675,0.155544238349095
"Acss1",0.573968253968254,15,0.383328639551506,-7.60256710219038,9.64408601279281e-05,0.00162020645014919
"Actc1",0.493333333333333,25,-0.227410496103072,-0.40032405361773,0.37089966674153,0.991313654745545
"Actn2",0.381060165424002,26,-0.426264754702098,-4.22007632868919,0.00367025436845371,0.0260608902657679
"Acyp2",0.487987012987013,35,-0.244236810379668,-0.250834594769181,0.478767611570694,1
"Adamts9",0.486111111111111,30,0.229481846122767,8.97297014960357,1,1
"Adamtsl1",0.556851851851852,45,0.532495080827021,2.76045331762661,1,1
"Adamtsl5",0.445,20,-0.074000581443777,-6.46027043602493,0.000324995937985577,0.00398120024032332
"Adcy9",0.477604166666667,32,0.199308808223407,2.52895511029039,1,1
"Adgrd1",0.30952380952381,28,-1.58496250072116,-0.426107260339528,0.35592661460551,0.971159393912019
"Adgrl3",0.434848484848485,22,-0.736965594166206,-0.912775671890035,0.176653903558077,0.542415119019055
"Adk",0.339171681116169,58,-0.588143747965836,0.484627975373343,1,1
"Adra1a",0.126754385964912,19,-2.77760757866355,-8.93079947784642,2.37566815208008e-05,0.000651021219926564
"Aebp1",0.477011494252874,29,0.356143810225275,1.75889457318379,1,1
"Aebp2",0.498,25,-0.275634442613427,2.84310098166393,1,1
"Aff1",0.378907496012759,38,-0.678071905112637,2.30246838326296,1,1
"Afg1l",0.4625,28,-0.415037499278844,-1.0572473801798,0.145910200545061,0.460027870887376
"Afg2a",0.451388888888889,24,-0.337034987277571,-1.46191988778395,0.0872799445253578,0.311979376175747
"Agap1",0.38978835978836,45,-0.34617564113404,0.242231131116057,1,1
"Agl",0.407720057720058,21,-0.111031312388744,-2.18749140052623,0.0364701984053503,0.157679975458426
"Ago3",0.660714285714286,28,0.830074998557688,2.76676340541688,1,1
"Agtpbp1",0.623717948717949,26,0.610053481683987,0.555664407504977,1,1
"Ahnak",0.491477272727273,44,-0.0297473433940521,5.23581605451258,1,1
"Aig1",0.407910906298003,31,-0.569365645670138,1.14446088856403,1,1
"Airn",0.274153541597761,51,-0.632695111505258,5.519088361621,1,1
"Akap13",0.530272108843537,42,0.192645077942396,3.50133087687541,1,1
"Akap6",0.55458518090097,26,0.376148485885249,-1.71300133897354,0.0641772605839146,0.245063977153924
"Akt3",0.531862745098039,34,0.0365258760251138,6.35583642051875,1,1
"Aldh1a1",0.722435897435897,26,1.04730571477836,-0.055131956829328,0.739843873724618,1
"Aldh1a2",0.725,20,0.938599455335857,8.47519502741911,1,1
"Alpk2",0.570703933747412,23,0.505235308250422,-2.83798633646893,0.0171988017862483,0.0860671953218213
"Ambra1",0.563008130081301,41,0.304854581528421,14.4694602623994,1,1
"Ank",0.435507246376812,23,-0.070389327891398,-4.21253506815597,0.00370082370270683,0.0260608902657679
"Ank2",0.56883559562131,42,0.0653760088520239,-3.45242688271783,0.00859620569127447,0.049312867770433
"Ank3",0.416269841269841,21,-0.351472370501378,-1.1347389699803,0.131944342392089,0.429824228955948
"Ankhd1",0.561111111111111,45,0.162271428898877,7.92195781243533,1,1
"Ankrd11",0.400347222222222,48,-0.525091044743758,4.89337663907032,1,1
"Ankrd12",0.654651162790698,43,0.793549122532574,7.99804148827444,1,1
"Ankrd17",0.535355955247596,51,-0.0843921872903725,2.25046126636596,1,1
"Ankrd44",0.382716049382716,27,-0.561878887608115,-5.68756588950291,0.000744339440921228,0.00741816256375732
"Ano1",0.45047619047619,35,-0.175086706558091,5.2720010878247,1,1
"Ano4",0.338541666666667,16,-1.32192809488736,-7.53944649107619,0.000103109780411671,0.00163860948329898
"Ano6",0.474473975636766,43,-0.0962153152593031,1.81193660267191,1,1
"Anxa2",0.567436974789916,34,-0.20945336562895,5.1486175540299,1,1
"Anxa3",0.478395061728395,27,0.120294233717712,0.902175930861805,1,1
"Aopep",0.526706349206349,40,-0.15200309344505,0.503461779196442,1,1
"Ap1g1",0.452564102564103,26,-0.251538766995964,19.4479230413214,1,1
"Ap2b1",0.474666666666667,25,-0.395928676331139,1.12776352333773,1,1
"Ap3b1",0.512254901960784,34,0.247927513443586,1.62292490560922,1,1
"Ap4e1",0.693827160493827,27,1.09310940439148,1.02521479084214,1,1
"Apbb2",0.552489177489177,36,0.637429920615292,-1.89636130217313,0.0514758543713209,0.205903417485283
"Apc",0.392543859649123,38,-0.493040011280117,2.90525833040635,1,1
"Aplp2",0.581609195402299,29,0.0588936890535685,7.65456675686805,1,1
"App",0.399927113702624,49,-0.633872101202103,1.46129553000164,1,1
"Aqp1",0.502485445588894,29,0.082462160191973,-3.70064577544049,0.0065177065088464,0.0393067838687352
"Arb2a",0.491033434650456,47,-0.0242475462466772,4.88434631284264,1,1
"Arf4",0.4578125,32,0.0458036896131249,7.80263438953467,1,1
"Arfgef1",0.4525,40,-0.241008099503795,10.818189865396,1,1
"Arfgef2",0.585904761904762,25,0.736965594166206,-5.01626702481989,0.00153799305657712,0.0127371819333429
"Arhgap10",0.616145833333333,48,0.316027493447678,24.1566322088975,1,1
"Arhgap12",0.495,30,0.60768257722124,16.9981028131732,1,1
"Arhgap18",0.611489898989899,44,0.532873989572702,3.50771771819299,1,1
"Arhgap21",0.583785529715762,43,0.269186632815389,8.52830616335504,1,1
"Arhgap24",0.67994227994228,22,0.472068444315223,-6.05827245072859,0.000499764163211758,0.00543932229999288
"Arhgap26",0.526946334089191,42,-0.131244533278252,-0.843595796170817,0.193971593189102,0.586572709062002
"Arhgap28",0.508620689655172,29,0.16349873228288,-3.23260777386276,0.0110006297775803,0.0596163162139834
"Arhgap29",0.646875,32,1.39231742277876,4.11461240256882,1,1
"Arhgap42",0.490277777777778,24,0.0641303374197155,0.127439970502067,1,1
"Arhgap44",0.480324074074074,36,-0.526068811667588,-2.82274746984355,0.0175002756837343,0.0872047635765743
"Arhgap5",0.443589743589744,39,0,12.2624087645878,1,1
"Arhgef12",0.753857365881587,51,1.86993945943563,-0.409687975122836,0.36536268649268,0.98342620966588
"Arid1b",0.512833333333333,50,-0.174497731232136,1.96498634926331,1,1
"Arid2",0.503225806451613,31,-0.106915203916512,2.94042505412913,1,1
"Arid4b",0.601219512195122,41,0.384663850235325,8.01928877970839,1,1
"Arih1",0.547027699968876,51,-0.0220263063299988,3.22930092964734,1,1
"Arl15",0.559480491351836,45,-0.0483630215613991,0.880682806308485,1,1
"Armh3",0.490196078431373,34,-0.165059246270496,2.21001132016966,1,1
"Art1",0.443099547511312,17,-0.862496476250065,-6.01360589394357,0.000524294463365948,0.00560518444471232
"Art3",0.582608695652174,23,0.0901978089715785,1.30444885035042,1,1
"Asap1",0.42862872421696,44,-0.351472370501378,-0.17053679708399,0.559210177614651,1
"Ascc3",0.488157894736842,38,0.160464672193246,14.2668646138939,1,1
"Ash1l",0.620225510923185,43,0.595609744920665,0.851089318147892,1,1
"Asph",0.518719923866983,34,0.139724763666613,-3.1311910336846,0.0123328269733604,0.0647473416101423
"Atad2b",0.488131313131313,33,0.197939377611909,-0.239782713847482,0.488619225971464,1
"Ate1",0.488738738738739,37,0.15200309344505,8.43836296333279,1,1
"Atf6",0.370573870573871,39,-0.596644305768791,-5.64293946753084,0.00078098849351721,0.00759043362294412
"Atf7",0.404901960784314,34,-0.16349873228288,5.82706034878915,1,1
"Atg10",0.612254901960784,34,0.584962500721156,2.79633841631085,1,1
"Atosa",0.567695473251029,27,0,-1.60458619432566,0.073226513856742,0.274249618775569
"Atp10d",0.526455026455027,36,-0.12199052437861,2.91989770653488,1,1
"Atp11a",0.48828125,32,-0.103093492964104,2.75169944198458,1,1
"Atp1a1",0.48695652173913,23,0,-4.02775192267761,0.00453656250138437,0.0303124858047047
"Atp1b1",0.391666666666667,20,-0.514573172829758,-13.2742259971829,2.57010575244036e-07,1.88902772804366e-05
"Atp2a2",0.483404970698589,48,0.180572245641821,-0.498121639876814,0.318221234857022,0.882613613660042
"Atp2c1",0.627450980392157,34,0.465663572348812,18.1025272706848,1,1
"Atp5f1a",0.437094155844156,28,-0.534336427651188,7.32506067425071,1,1
"Atp5f1c",0.407407407407407,27,-0.432959407276106,0.756772963216392,1,1
"Atp5pb",0.506,25,0.125530882083859,1.03999401574686,1,1
"Atp6v0b",0.485858585858586,33,0.229481846122767,6.77460739464975,1,1
"Atp8a1",0.660493827160494,27,0.951090399519054,-0.38164942428298,0.382298124075429,1
"Atrnl1",0.380128205128205,26,-0.584962500721156,-0.646905300723965,0.255346891175872,0.728854233065111
"Atxn1",0.476311249137336,46,-0.347923303420307,0.944068454961055,1,1
"Atxn2",0.468434343434343,33,0.0458036896131249,4.16547459156001,1,1
"Atxn7",0.456770833333333,32,-0.502500340529183,14.7818382016085,1,1
"Auts2",0.634761904761905,25,1.12928301694497,0.598838214866685,1,1
"B2m",0.485507246376812,23,-0.371968777386958,-8.95419795464479,2.31796275047444e-05,0.000651021219926564
"B4galt1",0.542746400885936,43,0.258311995591391,1.39602754879776,1,1
"B4galt6",0.53030303030303,22,0.0703893278913978,-2.71502466475849,0.0197931200420725,0.0949800011823017
"Babam2",0.502720385674931,44,-0.0857298740258839,9.5861518056259,1,1
"Bach1",0.403282828282828,36,-0.387023123109247,2.02551679565502,1,1
"Bag3",0.54320987654321,27,0.106915203916512,-1.55241593311613,0.0780602908776829,0.287274695302944
"Baiap2l1",0.649122807017544,19,0.304854581528421,2.47552032210211,1,1
"Baz1b",0.475308641975309,27,0,22.3006546937696,1,1
"Baz2b",0.583333333333333,27,0.231325546106456,3.36516064553554,1,1
"Bbx",0.534649122807018,38,0,6.18885411425335,1,1
"Bcam",0.390625,32,-0.710493382805015,5.59484563525722,1,1
"Bcas3",0.430630630630631,37,-0.216811389073148,1.27300231212125,1,1
"Bckdhb",0.576811594202899,23,0.793549122532574,-7.33344752516436,0.000128279634413206,0.00195917987103806
"Bcl2",0.535978835978836,21,0,-4.21267209647081,0.00370026593984427,0.0260608902657679
"Bclaf1",0.626068376068376,26,0.347923303420307,-3.17860277625552,0.0116905524250559,0.0626875782782958
"Bicc1",0.542384698634699,56,-0.188761643455168,7.14075627981819,1,1
"Bicd1",0.806899641577061,31,2.34395440121736,-4.43842228910085,0.00288810284907763,0.0216331780287599
"Bicra",0.454166666666667,20,-0.0874628412503393,-1.93588134119785,0.0491049240255518,0.197765036486469
"Birc6",0.516386554621849,34,-0.169925001442313,5.14597673774988,1,1
"Bmpr1a",0.51095913542722,47,0.358047520694014,0.0465962984728989,1,1
"Bmpr1b",0.7,24,1.1926450779424,-1.80923430026802,0.0571414487103735,0.222511071799335
"Bmpr2",0.574791666666667,40,0.710493382805015,8.51976557245028,1,1
"Bnc2",0.463252122209341,55,-0.249359468936717,-0.504492349845108,0.315146196445843,0.876151127707593
"Bnip3",0.483333333333333,15,0,-9.45489665184911,1.37047315659635e-05,0.000460478980616375
"Bptf",0.564102564102564,26,0.436099114806674,-5.61312998531154,0.00080648002946153,0.00764855253747387
"Braf",0.617886178861789,41,0.462971976342546,6.6135126698438,1,1
"Brwd1",0.518939393939394,44,0.0627357553479627,6.89151901219648,1,1
"Btaf1",0.427777777777778,30,-0.283792966000591,6.59425105645388,1,1
"Btbd7",0.585858585858586,33,0.430634354329862,6.92050529241953,1,1
"Btbd9",0.420416666666667,40,-0.557995453120887,-4.08876560834357,0.00424124438047261,0.0289982755316034
"Btg2",0.566600066600067,40,0.173331602885562,1.62611174472467,1,1
"C3",0.543948412698413,30,0.174029399775049,0.749486605548142,1,1
"C330020E22Rik",0.465215773809524,32,-0.925999418556223,-0.462906276849424,0.335953399540897,0.923086910888073
"Cacna1c",0.614231973866286,37,0.411938260619957,-1.53390927615627,0.0798565639327175,0.290248285017269
"Cacna2d1",0.762414965986395,35,1.69089594547022,-1.84208809918915,0.0549311009586156,0.216050082700107
"Cacnb2",0.58610772079224,54,0.337500898807824,-0.360015541181781,0.3961337137636,1
"Cald1",0.5265625,32,0.321928094887362,3.15323041395903,1,1
"Camk2d",0.498015392077453,52,0.171271427149829,0.0927842704524835,1,1
"Camkmt",0.488095238095238,28,-0.337034987277571,11.0763405562628,1,1
"Canx",0.51025641025641,26,-0.0641303374197155,3.49826660007184,1,1
"Cap2",0.407792207792208,22,-0.628031222613042,-2.59745655369463,0.0226530875600054,0.105296565101053
"Capza1",0.514492753623188,23,-0.082462160191973,12.3171475348449,1,1
"Carmil1",0.398148148148148,18,-0.691877704637668,6.82683484563214,1,1
"Casp4",0.572916666666667,24,0.436099114806674,3.244626790556,1,1
"Cast",0.514351851851852,36,0.0418201756946271,4.36977082697467,1,1
"Cav1",0.542222222222222,30,0.0874628412503394,0.669553665693968,1,1
"Cblb",0.420430107526882,31,-0.351472370501378,6.70795629241455,1,1
"Ccar1",0.482568027210884,28,-0.120294233717712,-1.38461143984419,0.0960928031003386,0.331393362011725
"Ccbe1",0.490277777777778,24,0,-2.09245601343165,0.0407853294137342,0.172530746009178
"Ccdc141",0.588707869511441,28,0.312590230308026,-2.14621316119866,0.0382824962507418,0.16490921461858
"Ccdc171",0.921052631578947,38,4.12928301694497,0.436302812550629,1,1
"Ccdc85a",0.491666666666667,23,0.0874628412503394,3.28922622193221,1,1
"Ccnl1",0.391304347826087,23,-0.485426827170242,-0.196278965761076,0.530957899689731,1
"Ccnl2",0.502450980392157,34,0.15754127698648,13.2129868251663,1,1
"Ccnt2",0.452777777777778,30,-0.273018494406416,4.22600077075594,1,1
"Ccny",0.476190476190476,28,0.0641303374197155,-1.40153317264679,0.0940842174501562,0.327346271365041
"Cd2ap",0.694464207290294,55,1.69187770463767,0.305140580586794,1,1
"Cd36",0.450080107800696,34,-0.0476967420312963,-0.665403849808762,0.248661578019766,0.714978033621624
"Cd47",0.437333333333333,25,-0.561878887608115,-1.42734850475228,0.0911074038455937,0.321979613725475
"Cd55",0.368627450980392,17,-0.459431618637297,8.49443470011004,1,1
"Cdc37l1",0.497962382445141,29,-0.137503523749935,-3.72191713938514,0.00636541340500511,0.0386081298287239
"Cdc42",0.490740740740741,27,-0.334419039070559,-3.73013320176143,0.00630756713724039,0.0386081298287239
"Cdc42bpa",0.468815331010453,41,-0.178337241258512,6.81483004413792,1,1
"Cdc42bpb",0.430555555555556,24,-0.160464672193246,9.13879072732366,1,1
"Cdc73",0.366666666666667,30,-0.610053481683987,5.2608539995375,1,1
"Cdh11",0.494286460665771,29,-0.14017765804826,3.38522927387563,1,1
"Cdh13",0.62656831016206,32,0.500073603134643,-2.45385418448734,0.0267370914832783,0.122544497529521
"Cdh2",0.487769467335555,27,-0.071161028921239,-1.52375445678553,0.0808610822146861,0.292592715952218
"Cdh3",0.593415637860082,27,0.491853096329675,-1.03729318135073,0.14977053806267,0.467632987527714
"Cdh8",0.268518518518518,18,-2,1.61855648329499,1,1
"Cdk13",0.428787878787879,44,-0.216811389073148,13.2399381740303,1,1
"Cdk14",0.19712962962963,60,-2.58496250072116,0.186135708421212,1,1
"Cdkal1",0.444767441860465,43,-0.253756592245783,1.61830165717446,1,1
"Cdon",0.361247947454844,29,-0.736965594166206,-4.21560383033233,0.00368835301045696,0.0260608902657679
"Celf1",0.451075268817204,31,-0.383328639551506,1.88510346006017,1,1
"Celf2",0.465913065562925,63,0.0375723068151004,-0.0757543221172625,0.697097792815131,1
"Cemip2",0.644557823129252,28,1.58496250072116,-0.233682431205693,0.494201959424319,1
"Cep85l",0.562939958592133,23,0.241008099503795,-6.15102413241539,0.000452461481886202,0.00511629521825167
"Ces1d",0.451357733175915,22,-0.111031312388744,-0.607602912335263,0.270303566944867,0.765968661993166
"Cflar",0.463768115942029,23,-0.584962500721156,1.20756990155809,1,1
"Cgnl1",0.417893217893218,22,-0.454565863465481,-2.09789367443635,0.0405245309277219,0.172046384010834
"Chaserr",0.473809523809524,30,0.0588936890535685,6.40261625794263,1,1
"Chchd3",0.534306929842644,42,0,-0.311518493174077,0.429920956738611,1
"Chd2",0.531746031746032,38,0.0824621601919729,0.735334845364982,1,1
"Chd6",0.562222222222222,30,0.215728691055437,-3.38440460624663,0.00927647093615809,0.0521967934015403
"Chd7",0.536231884057971,23,0.137503523749935,-4.34201037964187,0.0032101200742793,0.0234478335860401
"Chd9",0.51468253968254,42,0.257157839497125,7.9295220921608,1,1
"Chpt1",0.503174603174603,21,0.0703893278913978,-2.9008824097024,0.0160100970777196,0.0811546300146478
"Chrm2",0.494076099339257,23,-0.019899557437705,-0.913018795618086,0.17659628329501,0.542415119019055
"Ckmt2",0.447997080891818,27,-0.225712779628059,-5.09071145956759,0.00141862662673512,0.011916463664575
"Clasp1",0.502233372687918,33,0.206450877467426,-2.05674569350838,0.0425424519376932,0.178042432308638
"Clasp2",0.538194688194688,37,-0.117836490293858,-0.386784160746373,0.379115422191399,1
"Clcn3",0.538961038961039,33,0.299560281858908,2.14986675069093,1,1
"Clic4",0.412986347244888,56,-0.807354922057604,0.701446996831436,1,1
"Clic5",0.67156862745098,17,0.612976876890753,-14.3718144636973,8.26212747058992e-08,7.47404761954904e-06
"Clip1",0.494554154995331,40,0,-5.78393471687095,0.000671012599150987,0.00692202470703123
"Clk1",0.529166666666667,28,0.176877762084079,0.84985441637351,1,1
"Cltc",0.501041666666667,32,-0.199308808223407,2.19327145360566,1,1
"Cmah",0.575,20,0.447458976971221,-7.05243849541341,0.00017289492370742,0.00239205212094031
"Cmip",0.441570141570142,37,-0.367731784500487,2.78195251649513,1,1
"Cmss1",0.50679012345679,27,0.362570079384708,-3.51123915518543,0.00804927458504367,0.0470942632438376
"Cmya5",0.555848861283644,23,0.584962500721156,-1.14512811810863,0.130188428635621,0.426466830293844
"Cnksr3",0.481818181818182,22,0.371968777386958,9.68639452818321,1,1
"Cnot2",0.558441558441558,35,0.229481846122767,3.35761901597035,1,1
"Cnot4",0.596296296296296,45,0.249978253008347,12.7657669786895,1,1
"Cobl",0.577916666666667,40,0.197036847059554,3.30437200864922,1,1
"Cobll1",0.642400419287212,53,1.02169507109932,1.3246515085432,1,1
"Cog5",0.513392857142857,28,0.321928094887362,-3.46134649660216,0.00851087138171846,0.0493043583492656
"Col14a1",0.378205128205128,26,-1.22239242133645,1.62485950945264,1,1
"Col3a1",0.575793650793651,21,0.263034405833794,-10.0265149289559,7.53240984276501e-06,0.000295270465836388
"Col4a1",0.626543209876543,27,0.722466024471091,4.74761663381526,1,1
"Col4a2",0.57797619047619,28,0.736965594166206,-0.175659615388597,0.553367293898956,1
"Col4a4",0.592261904761905,28,0.465663572348812,-5.62637445944303,0.000795051834680603,0.00764855253747387
"Colec12",0.469105691056911,41,-0.912537158749661,0.912858941775539,1,1
"Coq10b",0.449514991181658,27,-0.476438043942987,-2.42477279085069,0.0276534165968903,0.125561459142637
"Corin",0.625631605236868,26,1.01792190799726,-0.944813310061569,0.169244041214564,0.523765769653494
"Coro6",0.636741363211951,21,0.569365645670138,-4.56305645825033,0.00251986545810125,0.019495801175836
"Cp",0.742826617826618,26,1.28950661719498,-2.22651798448374,0.0348392571936807,0.152876740521524
"Cpe",0.599801587301587,30,0.142019004872428,15.1254908986336,1,1
"Cpeb1",0.439655172413793,29,-0.299560281858908,0.0573323917212605,1,1
"Cpeb3",0.459445088712562,36,0.340424438504752,-1.51179650653236,0.0820614702497026,0.295120149888839
"Cpeb4",0.3496114996115,26,-0.241008099503795,-7.50332991065774,0.000107132431345754,0.00167983652350143
"Cped1",0.381809383028895,41,-0.489038080722621,1.7098568085969,1,1
"Cpne8",0.358585858585859,33,-1.14438990933517,7.65892307831004,1,1
"Cpq",0.452777777777778,46,0.113656781795567,4.19088771666858,1,1
"Cradd",0.356310803891449,31,-1.11929892837234,-0.298834131739596,0.439469074698698,1
"Creb3l2",0.419413919413919,26,-0.176877762084079,3.59562060620219,1,1
"Creb5",0.742272727272727,20,1.24792751344359,-4.80739239931594,0.00193017079860285,0.0154413663888228
"Crebbp",0.482251082251082,44,-0.134929580086108,5.018757610103,1,1
"Crim1",0.544515933874979,53,0.309955453221286,0.612673182049164,1,1
"Crtc3",0.681818181818182,33,1.18762700317577,5.42161642138446,1,1
"Csde1",0.441666666666667,30,-0.398549376490275,4.37204856913409,1,1
"Csgalnact1",0.277056277056277,22,-0.954196310386875,-9.2384460274254,1.71976867735305e-05,0.000546607557991133
"Csnk1a1",0.521951219512195,41,0.404390255079335,7.14108641462941,1,1
"Cspp1",0.438271604938272,27,-0.473931188332412,7.37703918550338,1,1
"Csrp3",0.46967846967847,21,-0.31194400631474,-4.36408374231071,0.00313331255219032,0.0231746890652567
"Cstf3",0.35,35,-0.31315788525963,2.55078705738229,1,1
"Ctdspl",0.443333333333333,35,-0.0418201756946271,4.00506842914482,1,1
"Ctif",0.557692307692308,26,-0.15200309344505,16.6808060777471,1,1
"Ctnnal1",0.715277777777778,24,1.39854937649027,7.39572698133815,1,1
"Cul1",0.544871794871795,26,0.395928676331139,7.68882286710376,1,1
"Cul3",0.536781609195402,29,0.115477217419936,1.36615696755216,1,1
"Cux1",0.560869565217391,46,0.341036917835067,6.05240438590888,1,1
"Cwf19l2",0.471264367816092,29,-0.559427408614019,13.481388104368,1,1
"Cxadr",0.385858585858586,33,-0.678071905112638,9.50644880674174,1,1
"Cyb5a",0.47741935483871,31,0.310340120612151,4.36586701708423,1,1
"Cyfip1",0.462121212121212,22,-0.211504105193712,-7.60670566492032,9.60190819406683e-05,0.00162020645014919
"Cyrib",0.498809523809524,28,0.415037499278844,3.94234491109808,1,1
"Cyyr1",0.55,15,0.497499659470817,-16.4073341283934,1.01376983603562e-08,1.24891584084144e-06
"D830005E20Rik",0.430438394601861,26,-0.468996482672831,-1.17334709262628,0.125549000540436,0.414736306115228
"Daam1",0.468476977567887,44,-0.145430439521564,1.22834803781268,1,1
"Dapk1",0.411474867724868,36,-0.505235308250422,8.59713789948477,1,1
"Dcaf6",0.466388888888889,30,-0.66296501272243,7.27156886046463,1,1
"Dcaf8",0.626488095238095,28,0.540568381362703,-9.04923273335918,2.09770419928859e-05,0.000649184246937731
"Dcn",0.697321428571429,40,0.459431618637297,-3.0078836298238,0.0141786126190815,0.073453957885638
"Ddx5",0.557777777777778,30,0.362570079384708,-7.31262647841765,0.000131145372354394,0.00197726869088163
"Ddx50",0.603603603603604,37,0.485426827170242,31.6508671851053,1,1
"Ddx6",0.482142857142857,28,-0.192645077942396,19.3745976303971,1,1
"Dennd1a",0.385416666666667,40,-0.502500340529183,8.77256679951117,1,1
"Dennd1b",0.498412698412698,35,0.0395283641866375,3.25126065045998,1,1
"Dennd4a",0.571666666666667,20,0.211504105193712,-3.93139235733818,0.00504626136541697,0.0325496405224233
"Dennd4c",0.420555555555556,30,-0.968291140272662,-0.3588374601079,0.396907638076472,1
"Dennd5b",0.47119341563786,27,-0.111031312388744,2.98447796672817,1,1
"Diaph1",0.604166666666667,24,0.584962500721156,6.40483282689597,1,1
"Dip2b",0.574712643678161,29,0.231325546106456,20.0013675306827,1,1
"Dip2c",0.533711593799313,54,0.498805856971442,0.0687792164479362,1,1
"Dlat",0.61578947368421,19,0.160464672193246,-7.56166734933137,0.00010071071864301,0.00162856730468498
"Dlc1",0.481655568852501,47,-0.123871658162168,-0.0946903426753778,0.663432568254524,1
"Dleu2",0.534649122807018,38,0.656045598782639,1.3545577399926,1,1
"Dlg1",0.460555555555555,30,-0.245112497836532,0.813055692574032,1,1
"Dmxl1",0.45952380952381,42,-0.169925001442313,10.6419636585426,1,1
"Dnaaf9",0.370804195804196,26,-0.696607856550065,7.17882097096012,1,1
"Dnajb6",0.396794871794872,26,-0.485426827170242,-8.41747264870005,4.07754988616504e-05,0.000887999752987054
"Dnajc1",0.569970669427191,46,0.0978473233981446,2.01927930798927,1,1
"Dnm1l",0.293478260869565,23,-1.11547721741994,-1.55235932809738,0.0780657182114921,0.287274695302944
"Dock1",0.541463414634146,41,0.42449782852791,4.23688259907639,1,1
"Dock4",0.450942113442113,44,-0.0238467419543678,7.07837896003707,1,1
"Dock5",0.565277777777778,36,0.768674453893544,6.87905300789705,1,1
"Dock9",0.532334332334332,33,-0.321928094887362,3.14117291748008,1,1
"Dpp4",0.519607843137255,34,0.263034405833794,1.22443101882436,1,1
"Dst",0.39389898989899,55,-0.222392421336448,0.173336756130496,1,1
"Dtna",0.331362007168459,31,-0.37851162325373,-2.24770218335346,0.0339860749004407,0.150254225875633
"Dusp16",0.503968253968254,28,0.103093492964104,-0.679408673605415,0.243742550815154,0.704167274069814
"Dync1i2",0.651333333333333,25,0.807354922057604,7.80392126154786,1,1
"Dyrk1a",0.433390022675737,42,-0.370368449945115,2.4142694617533,1,1
"Ebf1",0.492312432219265,28,-0.105353000146229,-2.13929380833255,0.0385954065336241,0.165650357969131
"Ece1",0.626984126984127,21,0,-5.44134575648991,0.000970670866949227,0.00884890650800225
"Ecpas",0.517312661498708,43,0.160464672193246,2.27853276883056,1,1
"Eea1",0.640804597701149,29,0.432959407276106,4.422368648292,1,1
"Efemp1",0.610606060606061,44,0.53051471669878,4.60078387215744,1,1
"Efna5",0.458504578210312,62,-0.00518023910568033,-0.0472020448325736,0.75865119883066,1
"Egfr",0.527131099353322,27,0.571156701196126,-0.140417987204067,0.596153812348712,1
"Egln1",0.519230769230769,26,-0.211504105193712,0.896937853523035,1,1
"Egr1",0.5,20,-0.15200309344505,2.22050728946045,1,1
"Ehbp1",0.524637445887446,40,0.538095895683182,-2.20120063611838,0.0358883647197296,0.156313766334822
"Ehd4",0.292929292929293,22,-0.921997487998727,-4.48656879084109,0.00273977706909214,0.0207230961182961
"Ehmt1",0.382843137254902,34,-0.245112497836532,2.87206878678673,1,1
"Eif1",0.421052631578947,19,-0.263034405833794,-18.2483654314533,1.52922515722446e-09,2.99728130815994e-07
"Eif4g3",0.547018970189702,41,0.335603031784439,4.06296687621067,1,1
"Elf1",0.544047619047619,35,-0.084888897586513,9.0726857117873,1,1
"Elf2",0.521551724137931,29,-0.115477217419936,4.7996212869009,1,1
"Elmo1",0.536707706338349,43,0.050626073069968,2.55717551595126,1,1
"Elp4",0.572463768115942,23,0.304854581528421,0.492480463673793,1,1
"Eml6",0.518333333333333,25,-0.637429920615292,-3.96634237570949,0.00485497075383844,0.0315438983785304
"Enah",0.661957486957487,24,1.22239242133645,-0.405283573021933,0.367952626915443,0.985677196475081
"Epb41",0.613793103448276,29,0.347923303420307,5.99426802757185,1,1
"Epc1",0.536921850079745,38,0.497499659470817,8.45224000093916,1,1
"Eps8",0.618571428571429,25,0.685891409571937,2.2653287344663,1,1
"Erbin",0.497126436781609,29,0.0565835283663676,2.25395134246277,1,1
"Erc1",0.492857142857143,35,-0.0801703486839833,4.61672100187992,1,1
"Ern1",0.605769230769231,26,0.395928676331139,-4.12124409083098,0.00409209976156696,0.0281421597637587
"Errfi1",0.623043623043623,26,1.08406426478847,-0.409556141127624,0.365439841516998,0.98342620966588
"Esrrb",0.396666666666667,20,-0.452512204697507,-6.96681126923302,0.000189380410064601,0.00258966700274385
"Esrrg",0.41663140505865,25,-0.206450877467426,-2.19114302823812,0.0363142613905936,0.15758513430014
"Esyt2",0.682558139534884,43,1,-2.65174773717133,0.0212826733003358,0.100515758237731
"Etfa",0.466666666666667,26,-0.46948528330122,-1.43183229029554,0.0906008779937406,0.321893149609181
"Etl4",0.419312169312169,18,-0.3536369546147,-7.89050038490229,7.11130447739228e-05,0.00128659908698666
"Etv6",0.395609945609946,39,-0.442518235700951,8.73873990643547,1,1
"Ext1",0.509020798042537,55,0.0581029545635681,-0.539280779998748,0.29901956780762,0.837254789861337
"Ezr",0.409126984126984,42,-0.0951572330403403,4.42800765431625,1,1
"Fabp3",0.625,16,0.716207033999409,-14.6688651200896,6.08002671039253e-08,5.95842617618468e-06
"Faf1",0.393939393939394,44,-0.200298650485831,2.55121809486045,1,1
"Fam13a",0.580820105820106,18,0.807354922057604,-6.48161122095265,0.000317669928000412,0.00393241931924721
"Fam168a",0.576666666666667,25,0,12.5081421092152,1,1
"Farp1",0.616666666666667,25,1.05444778402238,6.58126793708384,1,1
"Fars2",0.5375,36,0.197939377611909,2.88931818118733,1,1
"Fbxl17",0.473169033695349,57,0.100526875953964,2.89851281236993,1,1
"Fbxl7",0.683843537414966,35,1.15432814639129,1.88707069544625,1,1
"Fbxo11",0.540598290598291,39,0.0384741478146357,7.78960180026633,1,1
"Fbxw7",0.316558441558442,28,-1.41503749927884,-0.620939455709536,0.265109248819768,0.754887352571542
"Fcho2",0.596229260935143,34,0.510194732319184,2.84452265853317,1,1
"Fchsd2",0.568199233716475,29,0.245112497836532,-2.00565828849819,0.0451958450534877,0.183276944078971
"Fgd4",0.341269841269841,21,-0.777607578663552,6.0091809542186,1,1
"Fgf1",0.608616780045351,21,0.893084796083488,-1.61240627469025,0.0725301001149262,0.272509257939787
"Fhip1a",0.524019607843137,34,0.0303736490435187,6.78942609093523,1,1
"Fhl2",0.678788988010305,29,0.74153832395603,-8.62715683420592,3.26954399435302e-05,0.000784690558644726
"Fhod3",0.538744084169646,37,0.424351250418473,-0.0450376588053274,0.764081426718688,1
"Fign",0.369565217391304,23,-0.523561956057013,-0.545289304300233,0.296343043476632,0.831740857108637
"Filip1",0.465771801543584,35,-0.398549376490275,-2.28720454573006,0.0324529368039241,0.144563082126571
"Flnb",0.563690476190476,38,0.754887502163469,-2.81711263241088,0.0176131273715356,0.0873214557561069
"Flrt2",0.517784533685269,48,0.0329146224727348,-1.39849433589642,0.0944415300942812,0.32762017519432
"Flt1",0.414677719940878,19,-0.370368449945115,-8.92889232022375,2.38043473272468e-05,0.000651021219926564
"Fmn1",0.105797101449275,23,-2.87446911791614,-3.17179857454838,0.0117805738091015,0.0626875782782958
"Fmnl2",0.469202898550725,23,-0.186413124230882,-4.34690862488893,0.00319291234854385,0.0234478335860401
"Fmo2",0.84018759018759,21,2.23266075679027,-5.0421504771343,0.00149537881943295,0.0124720956854833
"Fnbp1",0.474509803921569,17,0.0780025120012731,-17.7684463501357,2.50265399197061e-09,4.20445870651062e-07
"Fndc3a",0.433163265306122,28,-0.253756592245783,-1.37644784649567,0.0970784689426456,0.333813682679974
"Fndc3b",0.58026113671275,31,0.37851162325373,6.46871030111158,1,1
"Fnip1",0.386666666666667,35,-0.341036917835067,2.96329603519217,1,1
"Fnip2",0.424835309617918,23,-0.584962500721156,-0.408118350082216,0.366282768872621,0.983444146562107
"Foxn3",0.560342261904762,32,0.570315724756755,-2.32028389768756,0.0312246699897113,0.140153480564506
"Foxo1",0.510869565217391,23,0.184424571137427,4.8202600323663,1,1
"Foxp1",0.505952380952381,28,-0.334419039070559,3.77078197166902,1,1
"Fras1",0.366319444444444,24,-0.84799690655495,0.351595447915408,1,1
"Frk",0.383333333333333,20,-0.754887502163468,-1.39566694547754,0.0947753067808412,0.327811061100792
"Frmd4b",0.598986185383244,44,0.577308928177721,1.36060022489801,1,1
"Fry",0.504700546885421,35,0.197446064206217,-2.05838062722227,0.0424602919474281,0.178042432308638
"Fryl",0.455913978494624,31,-0.443606651475615,3.03204474116524,1,1
"Fsd1l",0.473484848484849,22,-0.199308808223407,0.868946191922234,1,1
"Fsd2",0.463541666666667,16,-0.321928094887362,-20.1132508700488,2.26159325397761e-10,5.31926733335533e-08
"Fstl4",0.552804232804233,15,1.18057224564182,-3.35117333073911,0.00962861041126221,0.0534115369983225
"Fto",0.579950869236584,42,0.227410496103072,8.70355538826304,1,1
"Fubp1",0.684408602150538,31,1.0703893278914,1.54787542395048,1,1
"Fus",0.461111111111111,30,-0.192645077942396,6.20407793328457,1,1
"Fut8",0.4171875,32,0.106915203916512,26.0002474501261,1,1
"Fxr1",0.452380952380952,28,-0.211504105193712,10.0759257628722,1,1
"Fyn",0.541666666666667,26,0.610053481683987,-1.20773355014236,0.120142129058441,0.400246866211692
"Gab1",0.61,40,0.243925582886089,6.87648325323082,1,1
"Gab2",0.490901875901876,55,0.0161196653632769,1.48230448082359,1,1
"Garem1",0.621212121212121,22,0.819427754358179,-1.54616938478475,0.0786616730735625,0.288181082662023
"Garre1",0.560714285714286,28,0.0588936890535685,-0.649791955513521,0.254289241022311,0.728854233065111
"Gas1",0.283333333333333,31,-1.44057259138598,3.66640800133659,1,1
"Gata6os",0.505208333333333,32,0.0473057147783567,2.37041375863653,1,1
"Gbe1",0.53125,24,0,-3.92247755424076,0.0050962723790746,0.0325718278140855
"Gbf1",0.452777777777778,39,-0.0365258760251138,3.69011036412351,1,1
"Gcnt2",0.436666666666667,25,0.0641303374197155,15.1586764483118,1,1
"Gda",0.583760683760684,26,0.387023123109247,-1.92401771736224,0.04980429467795,0.199897100823444
"Ghr",0.471943833943834,50,-0.203533394085132,1.02181822609074,1,1
"Gigyf2",0.493589743589744,26,0.137503523749935,-9.46081862500142,1.36199111426589e-05,0.000460478980616375
"Gli2",0.229885057471264,29,-1.72246602447109,-8.85011585191129,2.5859510077324e-05,0.0006757951966874
"Glis3",0.326268115942029,20,-0.526068811667588,-3.62409868762831,0.00709722239831444,0.0421531996990797
"Gls",0.4375,32,-0.271302021817394,3.81293168753027,1,1
"Glud1",0.570707070707071,33,0.540568381362703,10.5596584673547,1,1
"Glul",0.607575757575758,22,0.53605290024021,-7.85055362042428,7.41807329547219e-05,0.00130203793962318
"Gm13481",0.990196078431373,17,6.28540221886225,-1.43735643240625,0.0899810230493251,0.320659645775777
"Gm13938",0.437092731829574,19,-0.120294233717712,-11.661187424624,1.36997016618245e-06,7.21474398783079e-05
"Gm20186",0.983333333333333,20,5.7279204545632,-2.04518780850468,0.0431280567098357,0.178413546560801
"Gm20619",0.447724043504095,22,-0.13245029602365,1.59567138252657,1,1
"Gm20732",0.575330687830688,36,0.158697746019058,1.76847659814842,1,1
"Gm26862",0.144954648526077,21,-2.05444778402238,-6.13707485995129,0.000459275866457108,0.00514388970431961
"Gm29266",0.52536231884058,23,0.137503523749935,0.136536228245458,1,1
"Gm35041",0.397222222222222,18,-0.658963082164933,4.15325714877967,1,1
"Gm35330",0.66859410430839,21,1.12029423371771,-5.70141673573982,0.000733321716346888,0.00737517355461276
"Gm37376",0.515204678362573,38,-0.401362562381767,-0.0196473300848368,0.842866049457243,1
"Gm56730",0.994047619047619,56,8.80413102118332,-0.716636569663557,0.231231002359634,0.67308826429438
"Gmds",0.414920634920635,30,-0.62148837674627,-1.08273482858997,0.141141494524563,0.448964593654516
"Gnaq",0.537830687830688,45,0.34577483684173,5.48065627439735,1,1
"Gnb1",0.564814814814815,36,0.187627003175771,4.15105855679913,1,1
"Golga4",0.448039215686274,34,0,7.29996639500074,1,1
"Gpatch2",0.486111111111111,24,0.0780025120012731,2.44832584540011,1,1
"Gpatch8",0.51625,40,0.178337241258512,5.6543472381315,1,1
"Gpbp1",0.544117647058823,34,0.222392421336448,21.3100021357049,1,1
"Gpcpd1",0.61848630025205,49,0.00958604882919811,-0.326308035929131,0.419178915567332,1
"Gphn",0.508656672545561,54,0,0.917630254931183,1,1
"Gpm6a",0.534173401026098,57,0.232042591370167,-0.840428087237797,0.194810725911356,0.587429265825013
"Gpr39",0.26155462184874,34,-1.48542682717024,0.781643968150725,1,1
"Grb10",0.714912280701754,38,1.58496250072116,4.48659381358788,1,1
"Grb14",0.489473684210526,19,-0.263034405833794,-11.6327767645983,1.41104686836827e-06,7.21474398783079e-05
"Grip1",0.4453125,32,-0.084888897586513,6.9652039131647,1,1
"Grk5",0.49537037037037,27,0.176877762084079,-5.20893655688712,0.0012480154204448,0.0108601647004838
"Grm1",0.996277056277056,25,6.88264304936184,-2.6675512364527,0.0209001113930138,0.0991069798313879
"Gulp1",0.603153153153153,37,0.807354922057604,4.94298274576424,1,1
"Hadha",0.503333333333333,25,0.176877762084079,5.86193525428251,1,1
"Hadhb",0.755579605579606,27,1.10433665981474,-1.42677159950007,0.0911727987845094,0.321979613725475
"Hand2os1",0.62110177404295,34,0.395928676331139,-0.277840502081872,0.456005684897062,1
"Hapstr1",0.40625,32,-0.295455883526171,-1.36589115758451,0.0983694508573633,0.337266688653817
"Hdac4",0.575132275132275,27,-0.229481846122767,0.66665378008042,1,1
"Heatr5a",0.451333333333333,25,-0.222392421336448,-3.25247705982704,0.0107574339785258,0.0585682516608625
"Hectd1",0.5,31,-0.15200309344505,6.45112679784869,1,1
"Heg1",0.554339685658889,57,0.158064846232251,0.0531809695496577,1,1
"Herc1",0.424537037037037,36,-0.148098638989134,1.36068001537613,1,1
"Herc2",0.499479166666667,32,-0.0506260730699679,3.30738718762284,1,1
"Hibadh",0.403225806451613,31,-0.280107919192735,2.31030679983044,1,1
"Hip1",0.650812749342161,34,0.682809824119301,-0.37489756254093,0.386541103132042,1
"Hipk2",0.502873563218391,29,0,7.62795880045242,1,1
"Hivep2",0.636965960626675,56,0.26038968457823,1.81183097473654,1,1
"Hmcn1",0.530930411380238,34,-0.409112665321739,-0.720005738657655,0.230137483173628,0.671567444695253
"Hnrnpa2b1",0.501785714285714,30,0.214124805352848,3.76899630976028,1,1
"Hnrnpc",0.588888888888889,30,0.299560281858908,1.17523914268105,1,1
"Hnrnph1",0.645299145299145,33,0.568283759574526,3.33091851278851,1,1
"Homer1",0.436556036556037,33,-0.490986352512142,7.32242108045675,1,1
"Hpgd",0.784057971014493,23,2.52356195605701,0.374929663985036,1,1
"Hs3st5",0.48452380952381,20,-0.113210610447991,-2.04882810760926,0.0429427041850144,0.178413546560801
"Hspg2",0.523809523809524,28,0.251538766995964,3.25319172547826,1,1
"Hycc1",0.358666666666667,25,-0.925999418556223,-5.30709273868376,0.00112223376951626,0.0100744039156574
"Idh3b",0.622666666666667,25,0.176877762084079,-0.807867569910933,0.203687488369598,0.608714566601173
"Ifrd1",0.533419913419913,35,0.133266530863464,-0.0993055744132505,0.655844229808368,1
"Igf1r",0.536869488536155,45,0.192645077942396,3.16984056880807,1,1
"Igfbp5",0.457045785831305,54,-0.100028818331272,-0.521857203547256,0.306959169887629,0.8574441420139
"Igfbp6",0.690695886197616,34,0.915607812709628,-5.22364498462105,0.00122829533038442,0.0108170175198723
"Igfbp7",0.48179012345679,27,-0.0443941193584536,-0.370124866730805,0.389580891330773,1
"Ikzf2",0.5,20,0.074000581443777,-2.60097929055349,0.0225614532200967,0.105286781693785
"Il15ra",0.427083333333333,24,-0.308122295362332,-8.75224156732064,2.86631006988731e-05,0.000702245967122391
"Il6st",0.478386243386243,45,-0.489805267680816,1.68082223215764,1,1
"Ino80",0.478174603174603,30,-0.15754127698648,8.02106129786235,1,1
"Inpp5a",0.518802521008403,34,0.187627003175771,4.26112925702888,1,1
"Insr",0.632679609952337,33,0.597240830499593,-1.28060272005536,0.109515050644746,0.37115187192571
"Ints6",0.602564102564103,26,0.678071905112638,5.00331255847263,1,1
"Ipo7",0.520833333333333,32,-0.115477217419936,17.0597599468106,1,1
"Irf2",0.437440476190476,40,-0.0840642647884746,3.61490558144249,1,1
"Itga6",0.462525879917184,23,-0.332575339086871,-3.74118296811549,0.00623061479806264,0.0385642263290614
"Itpr1",0.506190476190476,45,0.385290155884792,-2.87077860173553,0.0165680973135536,0.0832653095758078
"Itpr2",0.285227272727273,44,-1.71424551766612,-0.382535167376979,0.381746417390004,1
"Itsn2",0.402777777777778,30,-0.628031222613042,3.06840111284153,1,1
"Ivns1abp",0.614215229215229,30,0.359081093304828,-1.00528049274286,0.156207547534017,0.485979036772496
"Jak1",0.624074074074074,30,0.415037499278844,0.74316423920309,1,1
"Jak2",0.506499356499357,37,0.192645077942396,9.626891768356,1,1
"Jarid2",0.546875,32,0.509013647487858,21.5240713700473,1,1
"Jmjd1c",0.449612403100775,43,0.0655883416275768,9.49924598581865,1,1
"Jph2",0.408722943722944,25,-0.39231742277876,-2.78714255298976,0.0182261042023389,0.0889373383483423
"Kank1",0.449944629014396,43,-0.070389327891398,0.484263506082364,1,1
"Kansl1",0.448466810966811,51,-0.432111012637785,6.8811154758177,1,1
"Kansl1l",0.619047619047619,28,0.652076696579693,-5.47987055780503,0.000931128248506511,0.00855474078315357
"Kat6a",0.449404761904762,28,-0.37851162325373,2.67459765277924,1,1
"Kat6b",0.487612612612613,37,0.131244533278253,-0.475753536658665,0.329335981239495,0.909152849618888
"Kcmf1",0.568840579710145,23,0.275634442613427,-11.449269322307,1.70781644015809e-06,8.36830055677464e-05
"Kcnd2",0.893890503435958,55,2.56333248474961,-3.34589533352244,0.00968578690875761,0.0534764572990561
"Kcnd3",0.327586206896552,29,-0.765534746362977,0.267693182164237,1,1
"Kcng2",0.500108225108225,22,0,1.75822675503609,1,1
"Kcnj3",0.492697381983096,21,0.238786859587117,-4.29806531790594,0.00336877998509686,0.0244548472992216
"Kcnq1ot1",0.318858225108225,44,-0.935869662580284,6.16922455312221,1,1
"Kcnt2",0.518876439464675,51,0.046293652273935,0.963214056585869,1,1
"Kdm3b",0.458333333333333,24,-0.131244533278253,6.8934376376461,1,1
"Kdm4c",0.437931034482759,29,-0.485426827170242,-5.27102456980754,0.0011668897470774,0.0103959268375987
"Kdm5a",0.428030303030303,22,-0.222392421336448,-3.65988054524145,0.00682004779068072,0.0409202867440843
"Kdr",0.545454545454545,22,-0.321928094887362,4.15771889868127,1,1
"Kidins220",0.560087719298246,38,0.42449782852791,3.74349730322505,1,1
"Kif13a",0.510387488328665,51,0.532221038649183,1.8713803973267,1,1
"Kif13b",0.379807692307692,26,-0.667424660913129,-4.20130543967935,0.00374682488364794,0.0262277741855356
"Kif1b",0.414054954459319,41,-1.14048122354983,0.127893216874959,1,1
"Kif5b",0.633903133903134,39,0.269186632815389,1.43935407018723,1,1
"Kiz",0.599382716049383,27,2,-2.79888352658503,0.0179833838635027,0.0881185809311631
"Klf12",0.475142857142857,50,-0.0943273825481531,16.1846133426474,1,1
"Klf13",0.531989247311828,31,0.096215315259303,5.12074183751041,1,1
"Klhl7",0.525320512820513,26,0.120294233717712,-1.58518673224063,0.0749852980881742,0.279945112862517
"Kmt2a",0.453703703703704,36,-0.103093492964104,12.832953903283,1,1
"Kmt2c",0.441056910569106,41,-0.283792966000591,1.1459468096405,1,1
"Kmt2e",0.586046511627907,43,0.347923303420307,12.0179083743534,1,1
"Krit1",0.382882882882883,37,-0.255257055242075,8.92055452762533,1,1
"Ktn1",0.533462033462033,37,0.371968777386958,-0.0164940301491043,0.855876121259852,1
"Lama2",0.395390413747086,41,-1.1533507769068,-1.03656816493243,0.14991295603567,0.467632987527714
"Lamc1",0.518382352941177,34,0.134301091711591,2.40146169157313,1,1
"Larp4b",0.5,30,-0.383328639551506,9.08149655879559,1,1
"Lats2",0.379365079365079,30,-0.103093492964104,8.40422682356646,1,1
"Lclat1",0.348343685300207,23,-0.954196310386875,-3.92801967686312,0.00506512263231587,0.0325496405224233
"Ldb3",0.473908213077468,28,0.010888316142736,-1.51357075056287,0.0818821561980851,0.295120149888839
"Ldlrad4",0.411428571428571,35,-0.452512204697507,8.79926868485416,1,1
"Lhfpl6",0.45959408808246,43,-0.0824621601919728,0.13093130217532,1,1
"Limch1",0.538357864973577,48,0.00737953036559746,-1.22673807174407,0.117264922363001,0.392887603130737
"Lims1",0.551657329598506,42,0.175849835399418,4.34853785902706,1,1
"Lin52",0.480769230769231,26,-0.395928676331139,-0.554495984327474,0.292301177163582,0.822359292689885
"Lmbrd1",0.475694444444444,24,-0.415037499278844,-8.47065664852257,3.85533283202957e-05,0.000855447435937127
"Lmo7",0.542669687431881,47,0.0970986881050815,-1.71292207048883,0.0641834225879325,0.245063977153924
"Lmod2",0.640165631469979,23,0.54432051622381,-3.38733591303145,0.00924604901602118,0.0521967934015403
"Lncpint",0.47969636467863,60,-0.0843162859334756,-0.867625782338791,0.18774161133405,0.571979624167986
"Lnpep",0.55891156462585,35,0.691877704637668,3.32787262616178,1,1
"Lnx2",0.595238095238095,21,0.144389909335175,-2.80793014186667,0.0177986416454595,0.0875782534521353
"Lonp2",0.595098039215686,34,0.476438043942987,5.24072395144613,1,1
"Lpin1",0.562112622826909,21,0.381870635343644,-4.63312044353954,0.00233416281111263,0.0181786454693275
"Lpl",0.51270600744285,27,-0.295455883526171,-1.19836010370903,0.121589934606338,0.403925884454953
"Lpp",0.464122392758756,55,-0.370368449945115,3.59945625788198,1,1
"Lrba",0.499396135265701,46,0.0310268956206246,7.64194543076204,1,1
"Lrch1",0.615740740740741,36,0.180572245641821,9.41332633894724,1,1
"Lrch3",0.5,36,0.285402218862248,4.29780398705206,1,1
"Lrp6",0.683796296296296,36,1.06140054466414,4.41973129659137,1,1
"Lrpprc",0.621428571428571,21,0.667424660913129,-6.19132229622906,0.000433342942688587,0.00499618922158606
"Lrrc1",0.494791666666667,32,0.131244533278253,15.1041759361558,1,1
"Lrrc2",0.561396825396825,25,0.283792966000591,-2.0987057836927,0.0404857314581943,0.172046384010834
"Lrrfip1",0.50328798185941,21,0.387023123109247,-10.9227401585046,2.95511846155494e-06,0.000133662281184177
"Lrrfip2",0.71781045751634,34,0.800691191776593,-0.978493769035218,0.16183586259016,0.502160882337805
"Ltbp4",0.382352941176471,17,-0.46948528330122,-24.8763957036611,1.74389902320864e-12,2.05082525129336e-09
"Luc7l2",0.50473056449133,55,-0.019899557437705,0.341438470109608,1,1
"Luzp1",0.472222222222222,27,-0.398549376490275,-0.647110232119211,0.255271627241984,0.728854233065111
"Macf1",0.368939393939394,22,-0.612976876890753,-22.2495711435952,2.5446866617199e-11,9.97517171394201e-09
"Maco1",0.543478260869565,23,-0.15200309344505,1.70874746605188,1,1
"Magi1",0.443936671295162,53,-0.584962500721156,-1.1023100077056,0.137597795655054,0.439714694810715
"Malat1",0.514347956320633,63,-0.0778426477381711,-0.192278681274729,0.535174248406774,1
"Malt1",0.274744897959184,28,-1.9205655325056,3.3139907427301,1,1
"Man1a",0.431551627384961,54,-0.716207033999409,0.974465751017817,1,1
"Man2a1",0.680952380952381,35,1.16349873228288,0.217457448792956,1,1
"Map2k5",0.567708333333333,32,0.206450877467426,10.4358313134595,1,1
"Map3k20",0.542124542124542,26,-0.402098443571346,-7.07970205784779,0.000167955470035488,0.00237970641881607
"Map3k7",0.506666666666667,25,-0.144389909335175,-0.465753653722487,0.334471558248457,0.921167570258047
"Map4",0.479166666666667,28,0.115477217419936,-0.118337490696433,0.626618000602873,1
"Map4k3",0.42485119047619,32,-0.371968777386958,0.993034135062715,1,1
"Map4k4",0.405555555555556,30,-0.245112497836532,3.21989967623094,1,1
"Mapk1",0.777777777777778,27,1.36923380966572,-20.9907502182192,9.21410205049769e-11,2.70894600284632e-08
"Mapk10",0.342592592592593,18,-1,-2.00827016339889,0.0450560491841248,0.183276944078971
"Mapk8ip3",0.545138888888889,24,0.452512204697507,-2.45245143591135,0.0267805577084073,0.122544497529521
"Mapkapk2",0.550125313283208,19,-0.15200309344505,-4.66601945537958,0.00225181663639342,0.0177727272778434
"Marchf3",0.574007936507936,36,0.599462070416271,1.68388262434313,1,1
"Mark2",0.374358974358974,26,-0.53605290024021,-0.0714047711696537,0.705503769435607,1
"Mast2",0.475249901486957,38,-0.137503523749935,-0.418519426428809,0.360245035948447,0.978402222344975
"Mast4",0.682944172115872,61,1.332420468705,-0.0827736123693228,0.684099835291492,1
"Mat2a",0.6,25,0.415037499278844,2.48444673981897,1,1
"Mb",0.338712522045855,27,-0.906890595608518,-1.79930884572899,0.0578276357455739,0.224439932794703
"Mb21d2",0.652777777777778,24,0.793549122532574,2.38541563546713,1,1
"Mbnl2",0.42367593420225,57,-0.537174601766891,-0.936182720063314,0.171204408441413,0.528441953614439
"Mbtd1",0.484126984126984,21,-0.0874628412503393,-2.04442187614519,0.0431671625938191,0.178413546560801
"Mcc",0.385135135135135,37,-0.813586875769118,0.692595939097046,1,1
"Mctp1",0.364907212885154,32,-0.504472582860788,1.86762832471527,1,1
"Mcu",0.367202380952381,40,-0.862496476250065,1.72335102599711,1,1
"Mdh1",0.479166666666667,20,-0.20163386116965,-16.5800425799042,8.48750153899886e-09,1.24766272623283e-06
"Me3",0.558074534161491,23,0.253756592245783,-6.29018219331078,0.000389820720354483,0.00463059764784719
"Med13",0.483796296296296,36,-0.146841388329271,11.0394909324335,1,1
"Med13l",0.463131313131313,33,-0.0780025120012732,0.450550225189232,1,1
"Mef2a",0.620833333333333,40,0.665580960929441,6.45810752578381,1,1
"Meis1",0.456954887218045,38,-0.282399730700725,0.550350873433231,1,1
"Meis2",0.493474517906336,44,0.0809199953835675,6.88831823387036,1,1
"Mfhas1",0.466666666666667,28,-0.430634354329862,2.29603397444956,1,1
"Mfn1",0.62687074829932,28,0.54432051622381,-5.94357000134337,0.000565228458042079,0.00598836636628364
"Mgat5",0.24156746031746,24,-1.27008916336774,-8.19094004559777,5.1777856875569e-05,0.00102750954516278
"Mgp",0.581844622882359,53,0.201633861169651,-0.338562916580599,0.41057819349817,1
"Mhrt",0.625767493724102,28,0.426625473554056,-4.00087811337414,0.00467320023222545,0.0310490591700403
"Mia2",0.456035353535354,30,-0.394278939112046,1.57160599111521,1,1
"Mib1",0.43989703989704,37,-0.148098638989134,10.3300190858598,1,1
"Mical2",0.429545454545455,44,-0.180572245641821,4.8169379108408,1,1
"Mir133a-1hg",0.537612146307799,23,0.145850866463455,-1.56257928498628,0.0770923711064612,0.285995673252992
"Mir99ahg",0.44511753887815,57,-0.242856523896164,-0.218837191222292,0.508247072974368,1
"Mitf",0.483964646464646,44,-0.234465253637023,-1.41636578447558,0.0923611419327796,0.323205401624652
"Mkln1",0.574242424242424,33,0,10.8566391037738,1,1
"Mlip",0.473891786374545,25,-0.206450877467426,-4.39944593142575,0.00301413565903278,0.0224343261710288
"Mllt10",0.52410568155249,47,0.176877762084079,1.3543020491181,1,1
"Mnat1",0.656666666666667,35,0.402098443571346,7.06955336811131,1,1
"Mon2",0.481770833333333,32,-0.111031312388744,4.00733192337469,1,1
"Mpdz",0.457107843137255,34,-0.362570079384708,5.20676117726526,1,1
"Mpp7",0.731428571428571,35,1.95693127810811,0.702359991921536,1,1
"Msi2",0.540666666666667,50,0.0941221773645499,0.798494601574731,1,1
"Msln",0.498809523809524,28,0.415037499278844,-6.3734347306715,0.000356605529837301,0.00432338250606872
"Msrb3",0.656948219738917,43,0.459431618637297,-1.70122974332056,0.065099285598766,0.246957289884351
"Mtdh",0.622666666666667,25,0.436099114806674,4.34920395239121,1,1
"Mtmr3",0.427452177452177,45,-0.137503523749935,4.15786134992205,1,1
"Mtss1",0.494949494949495,27,0,-0.740000869835448,0.223774250114918,0.656255656197365
"Mtus1",0.384895833333333,32,-0.374395514781498,2.90381154979445,1,1
"Muc16",0.442722597553106,59,-0.209923069374231,0.894534663585887,1,1
"Mybpc3",0.526244588744589,22,0.624490864907794,-4.51759332830491,0.0026483201234637,0.0202235354882682
"Mycbp2",0.476876315174188,47,-0.192645077942396,4.41874810684936,1,1
"Myh6",0.53446277808648,37,0.51834821652114,-3.79512312072207,0.00586849331101408,0.0367092985837902
"Myh7",0.529042845208259,21,0.197036847059554,-7.69739687601728,8.72282927380515e-05,0.00150853635676395
"Myh7b",0.557291666666667,16,1.03747470541866,-9.01626689791819,2.17161838230033e-05,0.000651021219926564
"Myl2",0.58015873015873,21,0.777607578663552,-7.96475456393915,6.57456563558991e-05,0.00120807643553965
"Mylk3",0.405277777777778,20,-0.736965594166206,-7.20593722299005,0.000146873250088229,0.00218636635574377
"Myo18b",0.537878787878788,22,0.612976876890753,2.25770676786279,1,1
"Myo1d",0.483746253746254,55,-0.366782330671623,2.16078703879903,1,1
"Myo5b",0.503968253968254,42,-0.169925001442313,14.8817507035104,1,1
"Myo6",0.411261261261261,37,-0.691877704637668,8.40004469707132,1,1
"Myo9a",0.407471264367816,29,-0.222392421336448,3.24420447985963,1,1
"Myocd",0.479963782638903,27,-0.467126010427298,-1.07381642508071,0.142789891599108,0.452617014880192
"Myof",0.435185185185185,27,-0.0588936890535685,19.7287117095249,1,1
"Myom1",0.448910479617001,28,-0.0734621619410212,-1.70610983580178,0.0647153425479825,0.246295284260283
"Myoz2",0.447086502585224,22,-0.199308808223407,-2.26225889555896,0.0334124903359728,0.148275806170204
"Mypn",0.47560917343526,23,0.0727563424353142,-0.416752568400824,0.361260936464376,0.978900602032503
"Myzap",0.474212807083177,27,-0.561115758766788,-2.71171614277402,0.0198682655534407,0.0949800011823017
"N4bp2l2",0.561156462585034,35,0.125530882083859,14.7124798634629,1,1
"Naa15",0.480769230769231,26,0.321928094887362,9.48398329800383,1,1
"Naaladl2",0.586538461538462,26,0.295455883526171,-4.17445927492222,0.0038591695847458,0.0267135054492573
"Nav2",0.554960317460317,36,0.257797757467647,2.72314848559054,1,1
"Nbas",0.462365591397849,31,-0.295455883526171,-2.76493086921607,0.0186945825574221,0.090846401188134
"Nbea",0.454320987654321,27,-0.53605290024021,2.17620646513918,1,1
"Nbeal1",0.536393345216875,51,0,3.04976840567637,1,1
"Nck1",0.576388888888889,24,0.211504105193712,3.91210061455535,1,1
"Ncoa2",0.438650075414781,34,-0.491853096329675,-4.06822699506392,0.00433840439156614,0.0293216296809298
"Ncor1",0.435227272727273,44,-0.490986352512142,8.71471602503384,1,1
"Ndfip1",0.439189189189189,37,-0.20945336562895,6.68841222907191,1,1
"Ndufaf4",0.395186335403727,23,-0.16349873228288,-3.97535340317247,0.00480685998094181,0.0314048185421532
"Ndufs4",0.432638888888889,24,-0.658963082164933,-1.4141249993794,0.0926192349893772,0.323205401624652
"Neat1",0.589898782242115,60,0.237358271733398,-0.596961291818886,0.274539750285367,0.774241597927078
"Nebl",0.367137764196588,17,-0.954196310386875,-10.3288355972415,5.49167166605808e-06,0.000222696754458079
"Nedd4",0.470698412698413,50,0.15200309344505,2.76635893600948,1,1
"Nedd4l",0.514285714285714,21,0.247927513443585,9.32932842376541,1,1
"Nedd9",0.680555555555556,18,1.84799690655495,-3.40307020747792,0.00908449134018605,0.0516104435558396
"Nek7",0.411111111111111,33,-0.722466024471091,6.9510946028578,1,1
"Neo1",0.627526132404181,41,0.473931188332412,10.9213455233488,1,1
"Nexn",0.554326923076923,24,-0.125530882083859,-3.29606038973635,0.0102431076607588,0.0562892271451043
"Nf1",0.505691056910569,41,0.206450877467426,12.6713371899456,1,1
"Nfat5",0.535493827160494,54,0.408084738637077,11.3233309195112,1,1
"Nfe2l2",0.567171717171717,33,0.862496476250065,2.78069920529448,1,1
"Nfia",0.503318878091605,55,-0.113528945630414,-0.226404329172112,0.501004176296014,1
"Nfib",0.464949370552819,58,-0.272620454662992,-2.73705319171371,0.0193002258301549,0.0930207605584517
"Nfkb1",0.466013824884793,31,-0.0418201756946271,3.82135777364043,1,1
"Nfyc",0.497354497354497,21,-0.169925001442312,-1.84928243223337,0.0544592905652071,0.215636786884456
"Nhlrc2",0.395,30,-0.540568381362703,2.88417198302413,1,1
"Nhsl1",0.432098765432099,36,-0.83650126771712,10.4623456353283,1,1
"Nipbl",0.386491739552964,49,-0.774933444365227,6.10700948866342,1,1
"Nipsnap2",0.527197802197802,28,0.156119201917282,3.06530243259053,1,1
"Nisch",0.464285714285714,28,0,6.78586461816561,1,1
"Nktr",0.382561132561133,37,-0.137503523749935,2.71589276777681,1,1
"Nlk",0.507575757575758,33,0.245112497836532,11.9474805514693,1,1
"Nnt",0.485867895545315,31,0.0801703486839833,3.08974138038884,1,1
"Nos1ap",0.438020833333333,32,-0.402098443571346,9.96268125003747,1,1
"Npas3",0.525595238095238,42,-0.0259952085329444,0.717509230460657,1,1
"Npepps",0.389035087719298,38,-0.567040592723894,13.7936253644614,1,1
"Npr3",0.314329805996473,36,-0.964376090269279,-0.150221109116458,0.583605322414577,1
"Nptn",0.525,30,-0.0588936890535685,3.23892297177434,1,1
"Nr1d2",0.616071428571429,28,0.321928094887362,3.83630326907535,1,1
"Nr3c1",0.427027027027027,37,-0.306661338234052,4.52210915937655,1,1
"Nr3c2",0.486256883705863,49,-0.095577659982231,0.455148291547133,1,1
"Nr6a1",0.521875,48,0.115477217419936,2.90124462845358,1,1
"Nrap",0.580616605616606,20,-0.0627357553479627,-4.07562102682451,0.00430316781631842,0.0292515916300027
"Nrip1",0.338383838383838,33,-0.415037499278844,5.31583486454725,1,1
"Nrp1",0.389225589225589,33,-0.314873337353412,1.22824741245874,1,1
"Nsd1",0.505050505050505,33,0.096215315259303,2.57639714184229,1,1
"Nsd3",0.443827160493827,27,-0.251538766995964,-1.8221212945143,0.0562633895004687,0.219819754327413
"Nsmce2",0.512254901960784,34,-0.0565835283663676,25.938802639636,1,1
"Nt5dc1",0.299382716049383,27,-0.956931278108114,-3.62645232661201,0.00707864189862313,0.0421531996990797
"Nufip2",0.389400921658986,31,-0.415037499278844,5.79493775415331,1,1
"Numb",0.585648148148148,36,0.15200309344505,9.43727684642451,1,1
"Nup98",0.563008130081301,41,0.197939377611909,14.1543797129656,1,1
"Obscn",0.480777777777778,25,0.070389327891398,-5.6529179880354,0.000772638531567588,0.00759043362294412
"Ogdh",0.485657045912464,38,-0.177538185552188,-0.345193202112213,0.406032981413769,1
"Osbpl9",0.441734693877551,35,-0.118644496498619,3.55900129588429,1,1
"Osmr",0.49047619047619,25,-0.125530882083859,6.11311750787898,1,1
"Oxct1",0.553256547374194,34,0.245112497836531,-1.1029490358938,0.137483806279877,0.439714694810715
"P4ha1",0.451754385964912,38,-0.302562770020431,11.7624471981307,1,1
"Pafah1b1",0.471577380952381,48,-0.133266530863464,1.97978691047961,1,1
"Pakap",0.516957802733665,58,0.348895142487632,-0.253486492542095,0.476452171864472,1
"Palld",0.528816794955775,32,0.102098187618736,-0.31156744781665,0.42988471920952,1
"Palmd",0.518571428571429,35,0.345135486048688,-1.55127268576681,0.0781699851164474,0.287274695302944
"Pals1",0.451754385964912,38,-0.0443941193584536,10.7902589461152,1,1
"Pals2",0.963182346109175,41,4.12101540096137,-1.42102812307263,0.091826635895827,0.323205401624652
"Pam",0.384683025308025,38,-0.37851162325373,-0.0908307440070857,0.66994925511929,1
"Pan3",0.463333333333333,40,-0.200298650485831,3.412960138764,1,1
"Papola",0.505952380952381,28,-0.415037499278844,5.53217755483907,1,1
"Pard3",0.551629072681704,38,0.736965594166206,14.3885436557707,1,1
"Parp4",0.259285714285714,35,-1.25633975325979,7.51439552202425,1,1
"Parp8",0.588541666666667,32,0.70626879694329,4.78415630612765,1,1
"Parva",0.508108108108108,37,0.222392421336448,6.66970682425824,1,1
"Pawr",0.416666666666667,28,-0.710493382805015,5.8239101951672,1,1
"Paxbp1",0.504166666666667,40,0.255257055242075,-2.73848052117537,0.0192687299261159,0.0930207605584517
"Pbrm1",0.302380952380952,35,-0.935869662580284,4.70098553569674,1,1
"Pbx1",0.466614317055494,60,-0.177787119215283,0.497282842424681,1,1
"Pcbp2",0.601010101010101,33,0.476438043942987,7.31853180732293,1,1
"Pcdh7",0.66653139853286,35,0.671870565944322,-2.00825366456603,0.0450569308236319,0.183276944078971
"Pcgf5",0.583333333333333,38,0.274174963438994,0.898041663695615,1,1
"Pcm1",0.497701149425287,29,-0.120294233717712,4.6993896129985,1,1
"Pcnx1",0.443922305764411,38,-0.070389327891398,7.34082374210241,1,1
"Pcsk5",0.598484848484849,22,1.11547721741994,6.09552535405324,1,1
"Pdcd6ip",0.515151515151515,33,0.308122295362332,13.9736380891542,1,1
"Pde10a",0.563400930345375,45,0.42084312096005,-3.72140625033515,0.00636902822004458,0.0386081298287239
"Pde3a",0.496519363827056,39,-0.133266530863464,-2.60355320930799,0.022494742697963,0.105286781693785
"Pde4b",0.485890192798538,43,0.0229004021100787,0.241467882267074,1,1
"Pde4dip",0.601035353535354,30,0.415037499278844,-1.12667130990722,0.133326131862827,0.431932592481224
"Pde7a",0.589529914529915,26,0.387023123109247,1.97473828663333,1,1
"Pde7b",0.311662895927602,52,-1.50250034052918,-1.484258207614,0.084899681755762,0.304396419953586
"Pde8a",0.556451612903226,31,0.561878887608115,2.95310693175924,1,1
"Pdgfd",0.678977932636469,41,1.3037807481771,2.76438766190265,1,1
"Pdk4",0.41241612094753,20,-1.11289405640593,-0.754622294127039,0.21925439169167,0.644607911573509
"Pdlim5",0.516683318874956,59,0.332420468705005,0.156591054746428,1,1
"Pds5a",0.440860215053763,31,-0.251538766995964,10.2727394826548,1,1
"Pds5b",0.452539682539683,30,-0.253756592245783,-6.935810996321,0.000195731690832093,0.00264575251055795
"Pdss2",0.38768115942029,23,-0.415037499278844,-6.91311699247204,0.00020051686131797,0.00267963441943105
"Pdzd2",0.340740740740741,36,-1.0759488532333,-3.80228170376731,0.00582207597428717,0.0366136970361589
"Pdzrn3",0.478934666865701,29,-0.783188610926852,-5.13733182003813,0.00134869458964405,0.0114105383987152
"Pdzrn4",0.816269841269841,18,1.52356195605701,-1.53279260556247,0.0799663642394517,0.290248285017269
"Pecam1",0.493790849673203,17,0.103093492964104,-5.56403641751748,0.000850308913803994,0.00787372663490942
"Peli1",0.633333333333333,30,0.347923303420307,1.56394549144437,1,1
"Per2",0.579710144927536,23,0.523561956057013,3.42441968086214,1,1
"Per3",0.43936877076412,43,0,6.70134162575499,1,1
"Pfkfb2",0.364460539460539,26,-0.958179824305373,-4.97232828372353,0.00161316963066934,0.0131742186504663
"Phactr2",0.522633744855967,27,-0.624490864907794,-1.05399711877649,0.146531267853595,0.460750724587773
"Phf14",0.462566844919786,34,-0.215728691055437,9.6382304013864,1,1
"Phf20l1",0.449363233665559,43,-0.347923303420307,4.2580861359107,1,1
"Phf21a",0.621428571428571,35,0.637429920615292,20.8421413139112,1,1
"Phip",0.539583333333333,32,0.15200309344505,2.26389758499201,1,1
"Phkb",0.521551724137931,29,0.263034405833794,-1.11903417283973,0.134649096149788,0.435020156791623
"Phlpp2",0.446428571428571,28,-0.144389909335175,17.5213930896404,1,1
"Phyhd1",0.586309523809524,24,0,1.50707744335403,1,1
"Pi4ka",0.493589743589744,26,0,-3.14999500883359,0.0120738652331908,0.063672042664719
"Pias1",0.511111111111111,30,0.383328639551506,6.8079554447862,1,1
"Picalm",0.603376623376623,35,1,3.9016686021838,1,1
"Pid1",0.538392857142857,24,0.332575339086871,-8.24420684154426,4.89482819386704e-05,0.00102136628688511
"Piezo1",0.352150537634409,31,-1.17833724125851,1.95444222623675,1,1
"Pikfyve",0.41,25,-0.584962500721156,17.1911369215325,1,1
"Pip5k1b",0.464644383394383,24,-0.355094958822562,-1.6581935876579,0.0685924098507696,0.258540621745209
"Pitpna",0.519230769230769,26,0.3536369546147,3.1235454720879,1,1
"Pitpnc1",0.444668321874204,34,-0.393663848486277,3.35557472647591,1,1
"Pja2",0.417631917631918,37,-0.478047296804644,10.0943665216536,1,1
"Pkhd1l1",0.447530864197531,27,-0.652076696579693,8.92986890989836,1,1
"Pkia",0.481501831501831,26,-0.199308808223407,6.39353293041874,1,1
"Pkp4",0.398809523809524,28,-0.428843298803874,-2.087957376776,0.0410024228708334,0.1728274168319
"Plcb1",0.29434726271461,49,-1.38956681176273,-1.13033251623581,0.132697065352954,0.431082179157663
"Plcb4",0.455128205128205,26,-0.337034987277571,-2.92016098105996,0.0156629603139749,0.079738707052963
"Plce1",0.475857852129039,59,-0.185555653156076,2.68636092295372,1,1
"Plcl1",0.342412668632181,41,-0.514573172829758,0.344757073038885,1,1
"Plekhm2",0.504982254982255,37,0.263034405833794,0.89226183179403,1,1
"Pln",0.545302108147281,25,0.220688115124199,-5.22045049263659,0.00123255131603987,0.0108170175198723
"Plod2",0.382142857142857,16,-1,-10.8505886037619,3.18595710874753e-06,0.00013876613184767
"Plpp1",0.605889724310777,19,0.951090399519054,-8.57313019023691,3.46090120371258e-05,0.000814003963113198
"Plscr4",0.612903225806452,31,0.559427408614019,-0.67779587912252,0.244302931820139,0.704167274069814
"Plxdc2",0.495945945945946,37,0.0857298740258839,13.821154114638,1,1
"Plxna4",0.44107822960282,61,-0.132103536007345,-7.87529642188667,7.22652885995154e-05,0.00128763605140955
"Pnisr",0.551470588235294,34,0.222392421336448,11.1213802061993,1,1
"Por",0.62,25,0.37851162325373,2.31360872988057,1,1
"Ppara",0.527380952380952,22,-0.106915203916512,-9.30631389306416,1.60156166092959e-05,0.000523176809236998
"Ppargc1a",0.531413301106396,23,0.678071905112638,-0.607639877526431,0.270288995088806,0.765968661993166
"Ppargc1b",0.565686274509804,17,0.241008099503795,-8.80399379940917,2.71445830791344e-05,0.000679192121299194
"Ppfia1",0.541666666666667,20,-0.263034405833794,4.95771334391851,1,1
"Ppfibp1",0.313333333333333,25,-1.15754127698648,1.06391622119658,1,1
"Ppfibp2",0.375,32,-1.04182017569463,4.27142585483012,1,1
"Ppip5k2",0.565352959797404,27,0.874469117916141,-7.17922880117023,0.000151099416811622,0.00222116142713085
"Ppl",0.587301587301587,21,0.652076696579693,-3.10192086093512,0.0127473336303675,0.0666260637747207
"Ppm1h",0.57051282051282,26,-0.231325546106456,-3.77814961605835,0.00598006689142367,0.0372093051021917
"Ppm1l",0.484942834942835,39,0.178970141045319,-1.04476758432578,0.148311190285688,0.465103892735918
"Ppp1cb",0.591304347826087,23,0.234465253637023,5.3138815485881,1,1
"Ppp1r12a",0.376271876271876,45,-0.84799690655495,-0.835461046004482,0.19613507335923,0.58991009276331
"Ppp1r12b",0.264285714285714,21,-1.09953567355091,-8.53508342407146,3.60237747963353e-05,0.000814691522317121
"Ppp1r3a",0.733597883597884,18,1.51457317282976,-11.7790500410778,1.2119813275113e-06,6.78709543406327e-05
"Ppp1r9a",0.581944444444444,24,0.643856189774725,-1.21910978549113,0.118410555724487,0.395598902079535
"Ppp2r3a",0.419117647058824,34,-0.485426827170242,1.39759108217676,1,1
"Ppp2r5a",0.502222222222222,30,0.356143810225275,5.84236635598982,1,1
"Ppp3cb",0.568452380952381,28,0.125530882083859,5.38860750477555,1,1
"Ppp4r1",0.523809523809524,28,0.275634442613427,9.09679904294202,1,1
"Pptc7",0.75,20,1.29545588352617,-6.54559082708661,0.000296689138928165,0.00379246116716872
"Prex2",0.411494252873563,29,-0.893084796083488,3.26737858054992,1,1
"Prickle1",0.541666666666667,28,-0.15754127698648,16.6965160299371,1,1
"Prkaa2",0.470781893004115,27,0.369233809665719,3.43177534889047,1,1
"Prkacb",0.409090909090909,22,-0.62148837674627,4.7806912515233,1,1
"Prkca",0.475,34,0.263034405833794,9.788633703287,1,1
"Prkce",0.622345679012346,45,0.795641501493814,0.695930255066145,1,1
"Prkd1",0.447916666666667,24,-0.20163386116965,-8.17918807456129,5.24239563858559e-05,0.00102750954516278
"Prkg1",0.124944305207463,57,-2.77258950389693,-1.54335318545177,0.0789344306018166,0.288282268284895
"Prrc2c",0.547008547008547,39,0.271302021817394,19.4734552360385,1,1
"Prune2",0.664784946236559,31,1.17584983539942,0.514418835894027,1,1
"Psme4",0.536471184218368,47,-0.136061549576028,0.445720768100195,1,1
"Ptbp2",0.482142857142857,28,0.176877762084079,1.1835074335597,1,1
"Pten",0.43109477124183,40,0.0297473433940521,2.05682713628438,1,1
"Ptp4a2",0.488505747126437,29,-0.0506260730699679,0.888165760759982,1,1
"Ptpn12",0.388318670576735,31,-0.387023123109247,3.37954163600304,1,1
"Ptpn13",0.490350367789392,41,-0.0524674198941356,9.32078541809502,1,1
"Ptpn14",0.659375,32,0.493040011280117,-3.07585243844693,0.0131285483366947,0.0683149240882876
"Ptpra",0.583333333333333,25,0.53051471669878,-1.17334445189194,0.125549426000868,0.414736306115228
"Ptprg",0.535517655764239,49,0.348803800878757,0.157489193168118,1,1
"Ptprk",0.311974789915966,51,-1.16349873228288,0.61684790848556,1,1
"Ptprm",0.458390726435452,41,-0.1410923192346,-1.78478417803566,0.0588476061207586,0.226900933763974
"Pygb",0.446969696969697,22,0.0524674198941357,3.57906004304478,1,1
"Qki",0.584449522182441,49,0.349746039027125,-0.600199320497524,0.273242017363057,0.772434164468642
"Qrich1",0.624137931034483,29,0.514573172829758,-8.04343646748543,6.05019712548773e-05,0.00112937013009104
"Rab10",0.6,36,0.37851162325373,5.75230257624096,1,1
"Rab2a",0.482142857142857,40,-0.285402218862248,12.2759482806581,1,1
"Rab7",0.375,24,-1.20645087746743,-1.86510405996471,0.053436735150579,0.212302704517165
"Rabep1",0.522727272727273,22,0.39231742277876,-14.9991586237287,4.32421400779917e-08,4.62297788470166e-06
"Ralgapa1",0.504651219992129,44,0.291462814160311,-1.25026656289867,0.113807766088909,0.384591761265969
"Ralgapa2",0.592921492921493,37,0.481869007757053,-0.342014215633831,0.408202990263171,1
"Ralgapb",0.340277777777778,24,-1.15754127698648,3.85830570355771,1,1
"Ranbp9",0.419540229885057,29,-0.37851162325373,2.6497309006963,1,1
"Rap1gds1",0.529761904761905,28,-0.184424571137427,15.7483923814018,1,1
"Rapgef2",0.575535714285714,40,0.292781749227846,3.61852412953686,1,1
"Rapgef4",0.202898550724638,23,-1.63226821549951,-5.59280747130115,0.000824339310889082,0.00775538423684448
"Rapgef5",0.311196820944367,31,-1.48874718546185,-2.4702776037067,0.0262336086799308,0.120983230618034
"Rapgef6",0.482843137254902,34,0.0489096004809464,3.28011005596193,1,1
"Raph1",0.41814381270903,46,-0.365284464081744,9.24719351008788,1,1
"Rasa1",0.447916666666667,32,-0.60768257722124,17.2283159905806,1,1
"Rasa2",0.408730158730159,21,-0.459431618637297,2.79717807487852,1,1
"Rasal2",0.558545986177565,44,0.105353000146229,2.30295096008997,1,1
"Rb1",0.58673835125448,31,0.31194400631474,1.56774107442263,1,1
"Rb1cc1",0.563095238095238,35,0.0458036896131249,16.725504086948,1,1
"Rbbp6",0.538505747126437,29,0.231325546106456,3.77265847826471,1,1
"Rbbp8",0.778494623655914,31,2.48542682717024,-1.16008880285248,0.127705444240908,0.419501682757843
"Rbfox1",0.653412570477981,61,1.01943988082369,-10.6062436042911,4.11077516816563e-06,0.000172652557062957
"Rbfox2",0.50462962962963,36,-0.0473057147783567,8.99907580466344,1,1
"Rbm20",0.546091319505651,30,0.355658952199912,-3.51337210891928,0.00803012164254431,0.0470942632438376
"Rbm24",0.477380952380952,21,-0.31194400631474,-4.64288016135785,0.00230942044918334,0.0181058563215974
"Rbm25",0.524285714285714,50,0.258734268400168,4.47037844896471,1,1
"Rbm26",0.442528735632184,29,-0.308122295362332,14.1680322103385,1,1
"Rbm28",0.695934959349593,41,0.938599455335857,0.322884206063229,1,1
"Rbm39",0.472665732959851,51,0.0400774393753353,1.22687818480217,1,1
"Rbm47",0.29320987654321,27,-1.22239242133645,0.812207571788235,1,1
"Rbm5",0.483333333333333,30,-0.231325546106456,12.7148248242543,1,1
"Rbm6",0.594593663911846,44,0.584962500721156,3.16913149201003,1,1
"Rbms1",0.520702075702076,60,-0.118319967188761,0.580039187889653,1,1
"Rbms3",0.581294642857143,40,-0.0269670476002693,0.768231491650994,1,1
"Rbpj",0.345454545454545,33,-0.37851162325373,1.26430588850642,1,1
"Rbpms",0.436780834128523,56,0.0339473319233374,-0.0741836509796059,0.70010053114225,1
"Rcan2",0.461111111111111,21,-0.251538766995964,-8.9310433904537,2.37505923061752e-05,0.000651021219926564
"Rere",0.501679586563307,43,0.0857298740258839,7.9001201891672,1,1
"Resf1",0.260338345864662,19,-1.04439411935845,-6.19814244675541,0.000430188877554404,0.00499618922158606
"Retreg1",0.588095238095238,20,0,0.327346966744102,1,1
"Rev3l",0.630769230769231,26,0.736965594166206,6.57368078280908,1,1
"Rfx3",0.556818181818182,22,0.3536369546147,-3.89519543675261,0.00525248310160371,0.0332092479972363
"Rfx7",0.431034482758621,29,-0.432959407276106,8.9740174193406,1,1
"Rhoa",0.594444444444444,30,0.415037499278844,3.55925762605812,1,1
"Rhobtb1",0.307471264367816,29,-0.969626350956481,-6.09816092406999,0.000478838340833214,0.00526274662448467
"Rhoj",0.438726551226551,30,0.142957953842043,-2.44400211658851,0.0270439309004196,0.123270010615866
"Rhot1",0.314492753623188,23,-1.05062607306997,-8.53604017460508,3.598749537507e-05,0.000814691522317121
"Rilpl1",0.656122448979592,21,0.6463630453853,-6.11445014075579,0.000470549250250388,0.00522043319145714
"Riok3",0.529885057471264,29,0.120294233717712,0.100023737494865,1,1
"Rmdn1",0.540740740740741,36,0.106915203916512,3.00180712386331,1,1
"Rnf111",0.344444444444444,24,-0.53051471669878,-11.8711260743293,1.10137851267537e-06,6.4761056545312e-05
"Rnf13",0.552380952380952,28,0.20163386116965,4.44350449088658,1,1
"Rnf169",0.654761904761905,21,1.37851162325373,-3.15302023467259,0.0120327273875038,0.063672042664719
"Rnls",0.297333333333333,25,-1.24792751344359,2.06036375821087,1,1
"Rock1",0.506436314363144,41,0.134301091711591,8.15622447448009,1,1
"Rock2",0.477948513474829,51,-0.225066555634773,1.74541567072222,1,1
"Ror1",0.542135642135642,44,0.205114429904612,-0.26749150046053,0.464519403359846,1
"Rora",0.589163339396945,55,0.388697107100063,1.04898663806911,1,1
"Rpl3l",0.461764705882353,17,0.074000581443777,-16.3621580561991,1.06200326602163e-08,1.24891584084144e-06
"Rprd1a",0.566666666666667,20,0.716207033999409,9.40288393873577,1,1
"Rps6ka2",0.736111111111111,18,1.67807190511264,-4.88084269328336,0.00178186482717069,0.0143525550462516
"Rps8",0.454365079365079,21,-0.304854581528421,-9.82645645048221,9.28616410474909e-06,0.000341266530849529
"Rptor",0.550824175824176,26,0.415037499278844,1.07295116948321,1,1
"Rras2",0.616,25,0.3536369546147,3.35947745619633,1,1
"Rsbn1l",0.416091954022988,29,-0.347923303420307,5.84786444636625,1,1
"Rsrc1",0.521236559139785,31,-0.0418201756946271,0.0789467689377261,1,1
"Rsrc2",0.477011494252874,29,0,3.63999702480691,1,1
"Rtn3",0.60012285012285,37,0.736965594166206,5.55922086442526,1,1
"Rtn4",0.578914628914629,37,0.502500340529183,1.1018783420278,1,1
"Ryr2",0.450793978934109,38,-0.425687278861346,-0.133222875300589,0.605726019924348,1
"Sacm1l",0.41304347826087,23,-0.321928094887362,-14.1051600562612,1.08822789433784e-07,9.14111431243788e-06
"Samd12",0.622100122100122,26,0.454565863465481,0.0521166344973949,1,1
"Samd4",0.483991912480285,43,-0.577976070405049,-0.104303248291174,0.64786181687451,1
"Sash1",0.413690476190476,28,-0.176877762084079,-6.29750076756497,0.000386779736154781,0.00463059764784719
"Sbf2",0.516862170087977,31,-0.237039197300849,-1.6834485467249,0.0665189294160635,0.251531385830516
"Scaf8",0.58,35,0.15200309344505,15.5695465677436,1,1
"Scaper",0.368055555555556,24,-0.337034987277571,-0.765581148650341,0.215938088432999,0.636449102749893
"Scel",0.333333333333333,18,-0.874469117916141,3.8754195966396,1,1
"Scfd1",0.594047619047619,28,0.612976876890753,-0.360194634397836,0.396016251619683,1
"Schip1",0.421685971685972,37,-0.176877762084079,-0.784857783533624,0.210248325071095,0.622801083837803
"Sdk1",0.284664987789988,32,-1.06228427825434,-2.87955807468341,0.0164033212465342,0.0827910119567564
"Sec24b",0.597619047619048,28,0.395928676331139,-2.03206645524815,0.0438031681749909,0.180113726481781
"Sec63",0.398809523809524,28,-0.415037499278844,0.7804076083182,1,1
"Sema3c",0.488759689922481,43,0.175849835399418,2.85221847031139,1,1
"Sema3d",0.483623693379791,41,-0.394859617341214,0.35361993257721,1,1
"Sema5a",0.357837301587302,48,-1.16558606571797,3.42758176400844,1,1
"Senp6",0.476344086021505,31,-0.0418201756946271,3.844696061152,1,1
"Septin7",0.488756613756614,36,-0.331205908475373,25.7045833644891,1,1
"Serinc3",0.392857142857143,22,-0.53605290024021,-0.690052442473515,0.240083282422886,0.697130716368676
"Sesn1",0.618478260869565,23,0.719892080807265,0.925761655883534,1,1
"Setbp1",0.453069153069153,33,-0.174029399775049,1.26395330317164,1,1
"Setd5",0.625193798449612,43,0.42449782852791,5.67309612467741,1,1
"Sf3b1",0.604399585921325,46,0.584962500721156,5.34574587750122,1,1
"Sfpq",0.481481481481482,27,-0.074000581443777,9.92199676507036,1,1
"Sgcg",0.69047619047619,14,1.26303440583379,4.20824632534925,1,1
"Sgk3",0.52536231884058,23,0.39231742277876,-8.13343570845521,5.50174991449522e-05,0.00104355772571716
"Sh3d19",0.472222222222222,24,-0.736965594166206,9.9729589342725,1,1
"Sh3rf1",0.477948717948718,25,0,-4.17387645313633,0.00386164619589604,0.0267135054492573
"Shb",0.586574074074074,36,0.31315788525963,7.95556156999081,1,1
"Shld1",0.438151927437642,21,-0.277533975528909,-5.40778375619679,0.00100650167240281,0.00910496897496692
"Shroom3",0.491613247863248,52,-0.346450414021431,0.806491054763299,1,1
"Sik2",0.664141414141414,45,0.928446738974966,5.47413838547589,1,1
"Sik3",0.514158980900052,56,0.0914230277635948,0.625728158426824,1,1
"Slain2",0.383410138248848,31,-0.70781924850669,-0.212171055546712,0.514778328741264,1
"Slc16a10",0.61,25,0.289506617194985,-5.70086869428775,0.000733754511810964,0.00737517355461276
"Slc20a2",0.640952380952381,25,1.50901364748786,-6.50034170741101,0.000311377311246915,0.00389552891517417
"Slc25a12",0.549319727891156,28,0.476438043942987,3.18153527322122,1,1
"Slc25a13",0.354957542457542,26,-0.562936194391157,-0.518283816258759,0.308621095577461,0.860043621798801
"Slc25a3",0.57156862745098,34,0.215728691055437,3.80838986234733,1,1
"Slc25a4",0.483904761904762,25,0.199308808223407,-1.11028948049924,0.136181982701272,0.437568337859823
"Slc2a13",0.222428571428571,50,-1.82597060022495,0.271382507010834,1,1
"Slc38a1",0.760141093474427,27,1.71620703399941,1.39911934610471,1,1
"Slc38a2",0.480272108843537,35,0.158697746019058,0.227708912448136,1,1
"Slc39a8",0.690003052503052,24,0.55019708256048,-3.45503486459022,0.00857116482830562,0.049312867770433
"Slc44a1",0.537037037037037,27,0.337034987277571,3.18414366939564,1,1
"Slc4a4",0.389495798319328,51,-0.499571009490512,0.926771665019778,1,1
"Slc6a6",0.33974358974359,26,-0.912537158749661,3.09468791947608,1,1
"Slc8a1",0.57628377401528,49,0.32920132979954,-0.806965569412455,0.203940084388488,0.608714566601173
"Slco2a1",0.422619047619048,28,-0.400537929583729,3.80647161166726,1,1
"Slco3a1",0.430418587735661,41,-0.475733430966398,-0.810855529021161,0.202853369932695,0.608560109798084
"Slit3",0.484456550335644,57,-0.247927513443585,0.409193518983102,1,1
"Slk",0.486545138888889,32,0.342887713523008,1.5103513239286,1,1
"Slmap",0.538852813852814,44,0.0605415419350508,0.63556107051734,1,1
"Sltm",0.516290726817043,38,0.101879614019213,-1.24324893395881,0.11482698260381,0.386924159146361
"Smad7",0.557142857142857,20,0,-12.9711907553571,3.51760912712437e-07,2.43335784323427e-05
"Smap1",0.376984126984127,27,-0.68805599368526,-2.38043892513027,0.0291136958792676,0.131683485976995
"Smc5",0.25,29,-2.32192809488736,-0.872006173939603,0.186631237749189,0.570073598942978
"Smchd1",0.506666666666667,25,0.125530882083859,-2.81417792627568,0.0176721993792121,0.0873214557561069
"Smg1",0.573964803312629,46,0.332575339086871,1.33470365389966,1,1
"Smg6",0.653639846743295,29,1,-1.08211226198404,0.141255867051166,0.448964593654516
"Smim14",0.565942028985507,23,0.275634442613427,-13.2813203704735,2.55129899883402e-07,1.88902772804366e-05
"Smpd3",0.599305555555556,24,0.719892080807265,1.52306399495283,1,1
"Smurf2",0.413919413919414,26,-0.678071905112638,-1.1424040120464,0.1306463063548,0.426777934092345
"Smyd1",0.554166666666667,20,0,-9.65470682362847,1.11156969517869e-05,0.000396123018645497
"Smyd3",0.490602836879433,47,-0.265894059973035,-0.268216027028515,0.463915172036723,1
"Snd1",0.5625,46,0.385290155884792,4.61175648315136,1,1
"Snrk",0.584935897435897,26,0,-2.92317167688368,0.0156094529808175,0.079738707052963
"Snta1",0.695652173913043,23,1.41503749927884,0.210908671744811,1,1
"Sntb2",0.741666666666667,40,1.61005348168399,2.60799866511146,1,1
"Snx9",0.416666666666667,26,-0.222392421336448,13.3341691729571,1,1
"Socs2",0.491935483870968,31,-0.111031312388744,17.1348279713538,1,1
"Son",0.486175898931001,49,0.037474705418663,0.872271325306343,1,1
"Sorbs1",0.53873482451507,46,-0.0561118795720321,-1.82552158366187,0.0560341050838059,0.219653691928519
"Sorbs2",0.382772304324028,29,-0.49276880251141,-1.06928244819559,0.143636204992532,0.454075744815102
"Sorbs2os",0.338849642421071,21,-0.434402824145775,-4.7799661270045,0.00198870447525526,0.0158021382628391
"Sos2",0.553571428571429,28,0.0671141958585371,-6.05011715270214,0.000504154873043558,0.00543932229999288
"Sox5",0.638988095238095,32,0.713695814843359,5.28179765296657,1,1
"Sox6",0.542361111111111,48,0.0740005814437768,-3.28645573630527,0.0103542431769607,0.0566353022144455
"Spag9",0.465320616883117,48,-0.144389909335175,-0.44965730188197,0.342965557552167,0.937970920189181
"Sparc",0.435416666666667,24,-0.559427408614019,-23.7314951872085,5.60522639288e-12,3.29587311901344e-09
"Spop",0.483928571428571,24,0.206450877467426,-0.138082538096107,0.59922584950784,1
"Sppl2a",0.384057971014493,23,-0.678071905112638,6.13785819607684,1,1
"Sptan1",0.602439024390244,41,0.405992359675837,6.93976111493213,1,1
"Sptbn1",0.566137728401384,56,-0.174874217414046,-0.0701697749822756,0.70794368678894,1
"Sptlc2",0.597701149425287,29,0.53051471669878,2.96213055136209,1,1
"Srek1",0.702248677248677,42,0.838248930003388,8.88782099585974,1,1
"Srgap2",0.325490196078431,34,-0.565597175854225,-2.1178819614991,0.0395808075209604,0.169261925980543
"Srpk2",0.569135802469136,27,0.540568381362703,-6.6584887939489,0.000263013784507795,0.00343671345090186
"Srsf2",0.461139455782313,28,-0.237039197300849,2.71078922253744,1,1
"Ssbp2",0.415185185185185,45,-0.443606651475615,2.41013920679539,1,1
"Ssbp3",0.550724637681159,23,0.15200309344505,9.62782763169268,1,1
"Ssh2",0.47202380952381,44,-0.2081081953302,1.58333005090989,1,1
"St3gal3",0.573717948717949,26,-0.115477217419936,4.4320526925211,1,1
"St3gal6",0.380952380952381,35,-0.79836613883035,5.99024991483763,1,1
"Stag1",0.45875,40,-0.158697746019058,4.14204109816756,1,1
"Stard13",0.682256235827664,42,0.874469117916141,0.840496890633538,1,1
"Stat3",0.562806637806638,42,0.369233809665719,1.0204428928612,1,1
"Stim1",0.33125,32,-0.658963082164933,-0.214357213072198,0.512620434851704,1
"Stim2",0.64367816091954,29,0.68805599368526,4.06938274004841,1,1
"Stk10",0.471153846153846,26,-0.0614005446641432,5.33204129937272,1,1
"Stk24",0.657407407407407,18,0.736965594166206,-12.0459815374483,9.18428149818363e-07,5.68458686413892e-05
"Stk39",0.549335049335049,37,0.238786859587117,0.21138056571251,1,1
"Stox2",0.566239316239316,39,0.471305718925589,2.23292105350559,1,1
"Strn3",0.557278138528139,44,0.349942471056959,2.12647199625536,1,1
"Stxbp6",0.496645021645022,22,-0.192645077942396,-3.36961098240391,0.00943157498929457,0.0528168199400496
"Suclg2",0.067687074829932,49,-4.67948009950545,-0.848122998022873,0.192779651629895,0.585811034410224
"Sulf1",0.378779233586926,52,-0.764371751506858,-0.79630389224512,0.206953949512101,0.614590516732905
"Susd6",0.694360269360269,36,0.903784684740697,4.75993664562795,1,1
"Svil",0.41837893009768,32,-0.472752997135131,-4.5456260995362,0.00256834965658562,0.0197410404976777
"Swt1",0.570987654320988,27,0.584962500721156,6.45562038439706,1,1
"Syne1",0.588690476190476,28,0.142019004872428,-1.84396627484109,0.0548075121987875,0.216050082700107
"Synpo",0.487179487179487,26,0.131244533278253,12.2961815901325,1,1
"Synpo2",0.515180754917597,30,0.111031312388744,-2.59027035670267,0.0228412146943325,0.105753025513917
"Tacc1",0.444166666666667,40,-0.302562770020431,4.41537867794896,1,1
"Tacc2",0.619761904761905,29,0.784271308944563,-3.48162385414287,0.00832008737903991,0.0484377364245095
"Tanc1",0.654285714285714,35,0.943416471633633,-3.17446369537709,0.0117452290689441,0.0626875782782958
"Tango6",0.788461538461538,26,1.76553474636298,0.118287008272773,1,1
"Tasor",0.628571428571429,35,0.79836613883035,5.685865088486,1,1
"Tax1bp1",0.352380952380952,35,-0.866733469136536,17.6483222330361,1,1
"Tbc1d4",0.428102564102564,25,-0.426264754702098,3.47330619261591,1,1
"Tbc1d5",0.419596123573396,44,-0.211504105193712,1.58036908200564,1,1
"Tcf12",0.503846153846154,43,0,8.03321671736121,1,1
"Tcf20",0.590277777777778,24,0.777607578663552,-2.33166126115983,0.0308135098367997,0.138837883402592
"Tcf25",0.46969696969697,33,-0.321928094887362,-2.29670355578809,0.0320951535255816,0.143512929833019
"Tcf4",0.58163078751314,33,0.0874628412503395,4.23307629696665,1,1
"Tcf7l1",0.583333333333333,32,0.658963082164933,6.81854355964099,1,1
"Tcf7l2",0.478070175438596,38,-0.403355694231209,14.7193925425321,1,1
"Tdrd3",0.527777777777778,30,0.369233809665719,2.79188668684228,1,1
"Tead1",0.44030303030303,45,-0.534336427651188,0.0663742440486601,1,1
"Tecrl",0.371768707482993,21,-0.600392541290762,-5.8707739441007,0.000611201697323935,0.00641761782190131
"Tef",0.660677083333333,32,0.71822903158462,1.43401329784864,1,1
"Tet2",0.409876543209877,27,-0.432959407276106,1.06153077236098,1,1
"Tfdp2",0.512009803921569,34,0.118644496498619,7.36411321385459,1,1
"Tgfb2",0.712121212121212,22,1.62803122261304,-6.74283843303415,0.000240391406507999,0.00317640779835288
"Tgfbr3",0.509259259259259,36,0.160464672193246,3.60307451402534,1,1
"Tgm2",0.587912087912088,26,0.321928094887362,-1.79115586714549,0.0583978311046753,0.225907399273349
"Thsd7a",0.362712585034014,28,-1.0163018123291,0.770766778972273,1,1
"Timp2",0.47027027027027,37,-0.584962500721156,2.88371417871154,1,1
"Timp3",0.541333333333333,25,-0.362570079384708,7.09757024281194,1,1
"Tiparp",0.45084485407066,31,-0.691877704637668,5.32010677756811,1,1
"Tle4",0.503333333333333,25,-0.20163386116965,0.0144539687895957,1,1
"Tlk1",0.423611111111111,36,-0.415037499278844,10.9540068894372,1,1
"Tll1",0.238970588235294,34,-1.76938707185858,-1.1645237399047,0.126979555779674,0.418285595509513
"Tmcc1",0.605714285714286,30,0.400537929583729,-5.00410633588386,0.00155843692846284,0.0128162365585476
"Tmem108",0.421056547619048,32,-0.69389687227432,-1.88413625773224,0.0522335523265827,0.20822595774936
"Tmem131",0.527586206896552,29,0.186413124230882,-2.23419656720836,0.0345274481113741,0.15207595123212
"Tmem135",0.53030303030303,33,0.273018494406416,20.2682703471101,1,1
"Tmem245",0.381618480725624,28,-0.71822903158462,-1.97746002984629,0.0467345378780983,0.188865348950665
"Tmem65",0.491557921245421,32,-0.525091044743758,-1.3524942978902,0.10003479734628,0.341745314365713
"Tmtc1",0.735930735930736,38,1.0815298854966,-0.420515565852618,0.359102033095663,0.977555534538194
"Tnfaip8",0.609237536656892,31,0.643856189774725,-1.1156216921246,0.135244972448881,0.435748185205163
"Tnik",0.505411255411255,22,-0.29373120305671,-0.0691453522636607,0.709986230955803,1
"Tnks",0.555913978494624,31,0.229481846122767,-5.80232349981003,0.000657872315094187,0.00684652958009525
"Tnks2",0.506410256410256,26,-0.125530882083859,-7.55809073042726,0.000101093038471091,0.00162856730468498
"Tnni3",0.477225672877847,23,-0.485426827170242,-3.17958966455344,0.0116775544019356,0.0626875782782958
"Tnni3k",0.494769618892922,26,0.115477217419936,-5.61543336253924,0.000804480666703973,0.00764855253747387
"Tnnt2",0.523086742317512,26,0.664132714154764,-0.88766186395403,0.182724595734976,0.559594074438363
"Tnpo1",0.554347826086957,23,0.337034987277571,-8.87083401968242,2.53023227181765e-05,0.0006757951966874
"Tnpo3",0.327380952380952,28,-0.793549122532574,-7.10633132928404,0.00016326813842418,0.0023415040339858
"Tnrc6a",0.460493827160494,27,0.146841388329271,1.53393031640769,1,1
"Tnrc6b",0.527610229276896,45,0.145850866463455,5.59065324082437,1,1
"Tnrc6c",0.566798941798942,36,0.55019708256048,5.53363539454461,1,1
"Tns3",0.486458333333333,32,-0.180572245641821,5.96144767413673,1,1
"Tom1l2",0.630527210884354,28,0.700439718141092,-7.58435978327642,9.83187006425249e-05,0.00162849002754379
"Top1",0.507084785133566,41,-0.144389909335175,1.15876808329842,1,1
"Tor1aip1",0.272777777777778,30,-0.796466605914868,-9.9031405732998,8.57005885015168e-06,0.000325109329283174
"Tpm1",0.501871779014636,35,0.204819791888498,1.91345212239661,1,1
"Tpp2",0.572916666666667,32,0.387023123109247,3.95155577027199,1,1
"Tpr",0.574193548387097,31,0.893084796083488,7.14924911556403,1,1
"Tra2a",0.472916666666667,40,0.112474729258412,8.31962264262211,1,1
"Trabd2b",0.695779220779221,22,0.906890595608519,-5.64460529225848,0.000779588227716985,0.00759043362294412
"Trak2",0.520498511904762,32,-0.0801703486839833,0.784665050463261,1,1
"Trdn",0.523142647516286,27,-0.0438542895894274,-3.44086582772054,0.00870811544715892,0.0497123483779558
"Trim24",0.240740740740741,27,-1.88752527074159,3.95226908959993,1,1
"Trim55",0.448333333333333,20,-0.369233809665719,-5.14567617937308,0.00133655098281803,0.0113897388101015
"Trip11",0.638235294117647,34,0.815575428862573,6.74902088689852,1,1
"Trip12",0.342234848484848,44,-0.560714954474479,-3.99388924191857,0.00470941649829735,0.031113897764032
"Trpm7",0.53968253968254,42,0.387023123109247,5.20054674613086,1,1
"Tsc22d2",0.526041666666667,32,-0.334419039070559,3.74466654497515,1,1
"Tshz2",0.452777777777778,24,0,0.832072207832077,1,1
"Tspan5",0.501599326599327,48,0.234465253637023,1.58617014397392,1,1
"Ttc14",0.551075268817204,31,0.343954401217361,0.0347011022946333,1,1
"Ttc19",0.501904761904762,25,0,-11.2464339955095,2.10925271613847e-06,9.92192477671536e-05
"Ttc28",0.5375,40,0.201633861169651,9.73331787665702,1,1
"Ttc3",0.603333333333333,25,0.347923303420307,0.442585718865967,1,1
"Ttn",0.514646800184726,42,0.071212392499187,-4.24366663246872,0.00357627623792132,0.0258018457410765
"Tulp4",0.569642857142857,28,-0.120294233717712,6.95317434348924,1,1
"Tut4",0.685858585858586,33,1.33880191345176,4.21297444572377,1,1
"Tut7",0.493827160493827,27,-0.20163386116965,-1.30946350921186,0.10559582249592,0.358903720390758
"Txlnb",0.441091183948327,21,-0.570315724756755,-7.12601631476713,0.000159888035173818,0.00232133739956062
"Txndc11",0.455555555555556,30,-0.308122295362332,3.05900112697373,1,1
"U2surp",0.40625,24,-0.452512204697507,-5.58360373933489,0.000832558478249179,0.00777054579699234
"Uap1",0.597793604245217,31,0.540568381362703,-0.0469674060015706,0.759233217146141,1
"Ubap2l",0.586666666666667,35,0.273018494406416,5.75184366726926,1,1
"Ube2b",0.552269345238095,32,0.478047296804644,-0.84338282340186,0.194027877402312,0.586572709062002
"Ube2d3",0.506585612968592,47,-0.0740005814437768,3.54245522847105,1,1
"Ube2e2",0.587596899224806,43,-0.0931094043914814,20.5710861124433,1,1
"Ube2h",0.473853615520282,54,0.249027547839915,2.19382878786961,1,1
"Ube2k",0.608585858585859,33,0.0443941193584536,4.75773717526747,1,1
"Ube3a",0.450617283950617,27,-0.289506617194985,13.6539715882475,1,1
"Ube4b",0.784285714285714,35,1.83007499855769,-0.0926559025224769,0.666847547273024,1
"Ubn2",0.50202380952381,40,0.257157839497125,-1.58110231699974,0.0753613469875465,0.280458683725806
"Ubr1",0.598484848484849,33,0.31194400631474,5.89808843100668,1,1
"Ubr2",0.637731481481482,36,0.540568381362703,10.3525402742526,1,1
"Ubr3",0.434056796861675,41,-0.399607458709238,-0.0841241115709792,0.681673382819025,1
"Ubr5",0.437241200828157,46,-0.451379346342564,3.20472609595176,1,1
"Ugp2",0.570634920634921,33,0.64045761331286,-0.255927081157893,0.474337303157114,1
"Unc13b",0.718115942028986,23,1.04730571477836,-6.6464673201595,0.000266408157736583,0.00344281311536508
"Urgcp",0.758666666666667,25,1.41503749927884,-1.76931376421359,0.0599550520494831,0.230415494150955
"Uri1",0.527336860670194,27,0,8.99823944785715,1,1
"Usp13",0.503787878787879,22,0.15200309344505,-5.72100458316578,0.000718021106880668,0.0073425462755797
"Usp15",0.55036231884058,46,0.0687127500840142,14.330789912227,1,1
"Usp24",0.519163763066202,41,-0.144389909335175,-2.6709775795175,0.0208181114365265,0.0991069798313879
"Usp25",0.313008130081301,41,-0.568283759574526,15.8258150817883,1,1
"Usp34",0.568939393939394,44,0.21864028647534,1.33942644943291,1,1
"Usp47",0.46078431372549,34,-0.192645077942396,5.59239226880759,1,1
"Usp53",0.6501287001287,37,0.951090399519054,0.0532638470530671,1,1
"Usp54",0.5859375,32,0.60768257722124,8.42865484990688,1,1
"Utrn",0.471155753968254,48,0.132103536007345,-0.326086778495871,0.419336646531169,1
"Uvrag",0.443548387096774,31,-0.214124805352848,-2.92603596029517,0.0155587225626547,0.079738707052963
"Vcl",0.673487773487773,37,0.611434712082347,1.71042041423105,1,1
"Vdac3",0.461538461538462,13,0,9.44828419910294,1,1
"Vgll4",0.55952380952381,28,0.241008099503795,20.2479758807568,1,1
"Vim",0.3998075998076,33,-0.366782330671623,-0.796991128244898,0.206758101902594,0.614590516732905
"Vps13a",0.54702006588799,53,0.199308808223407,3.02119365299929,1,1
"Vps13b",0.547521865889213,49,0.23769155771933,1.3686147730315,1,1
"Vps13d",0.560644257703081,34,0.256339753259786,0.432794197189025,1,1
"Vps54",0.452380952380952,35,-0.6463630453853,10.3148896541874,1,1
"Vti1a",0.493518518518519,36,-0.201633861169651,2.9781679282878,1,1
"Vwa8",0.557114512471655,28,0.53051471669878,-2.04303675551504,0.043237976845092,0.178413546560801
"Wac",0.409574468085106,47,-0.415037499278844,4.44316116628735,1,1
"Wapl",0.526190476190476,35,0.096215315259303,10.3314818839422,1,1
"Wasf2",0.516666666666667,30,-0.430634354329862,13.1439284596372,1,1
"Wasl",0.597126436781609,29,0.369233809665719,-4.96095927644403,0.00163322049025598,0.0132459813554554
"Wbp1l",0.424242424242424,22,-0.371968777386958,-0.0521641498753809,0.746696062994155,1
"Wdfy3",0.457619047619048,35,-0.443606651475615,7.08702871479343,1,1
"Wdr33",0.462719298245614,38,0,6.97980999306188,1,1
"Wdr70",0.526315789473684,19,0.169925001442312,-12.5795724539514,5.27887336294234e-07,3.44886393045566e-05
"Wipf1",0.453703703703704,18,-0.234465253637023,-7.06505664854153,0.000170590909013488,0.00238827272618884
"Wnk1",0.522283272283272,39,-0.0824621601919729,1.29767387448051,1,1
"Wt1",0.620083816892327,47,0.481126689736616,1.50909744609887,1,1
"Wt1os",0.555555555555556,27,0.658963082164933,10.7565547570147,1,1
"Wwc2",0.583236151603499,49,0.0230836131130413,-2.95584945882177,0.0150406596759987,0.077578139381467
"Wwox",0.448603174603175,50,-0.207804885113402,2.07046537605213,1,1
"Wwp1",0.568137254901961,34,0.450661409009565,3.51856127423352,1,1
"Wwtr1",0.494047619047619,28,-0.3536369546147,6.86291980699766,1,1
"Xdh",0.674444444444444,30,0.788495894806288,1.0640418436031,1,1
"Xirp2",0.499820062977958,19,-0.115477217419936,-1.23946695107245,0.115380436944744,0.387678268134339
"Xkr4",0.448518518518519,30,-0.395928676331139,15.0990841765027,1,1
"Xpo4",0.447916666666667,32,0,16.316538797686,1,1
"Xrn1",0.371768707482993,35,-0.62148837674627,7.18971437730415,1,1
"Ythdf3",0.450147655961609,43,-0.289506617194985,4.25381090287809,1,1
"Ywhag",0.50625,24,-0.362570079384708,-6.25248429764255,0.000405871166787021,0.00477304492141537
"Ywhaz",0.488738738738739,37,-0.0901978089715785,3.93739322330057,1,1
"Zbtb16",0.534864948195547,53,-0.0335525597110264,-0.230285402301149,0.497357327678138,1
"Zbtb38",0.393939393939394,32,-0.678071905112638,3.15082834516534,1,1
"Zbtb7c",0.541895604395604,52,0.282933963271499,1.87991220643093,1,1
"Zc3h7a",0.413978494623656,31,-0.120294233717712,12.739561675167,1,1
"Zcchc7",0.500909090909091,55,0.131244533278253,1.5095692775057,1,1
"Zdhhc14",0.586805555555556,24,0.452512204697507,-1.3507258886935,0.100256916204227,0.341745314365713
"Zdhhc20",0.660493827160494,27,0.893084796083488,4.34355514756327,1,1
"Zeb1",0.778467365967366,44,1.44057259138598,-0.460516995954912,0.337203626151623,0.924362387772281
"Zfand3",0.539568070818071,52,0.0196288067489325,1.74268308643711,1,1
"Zfand6",0.442460317460317,42,-0.245112497836532,33.3248643815865,1,1
"Zfc3h1",0.424731182795699,31,-0.295455883526171,10.6788668703913,1,1
"Zfp106",0.548275862068966,29,0.142019004872428,-0.362449043785013,0.394541932371109,1
"Zfp148",0.546886446886447,35,0.156119201917282,5.0283751697774,1,1
"Zfp280d",0.557692307692308,26,0.39231742277876,8.84168656875297,1,1
"Zfp407",0.483279220779221,44,-0.120294233717712,15.4063572229372,1,1
"Zfp445",0.586190476190476,25,0.53051471669878,-7.46464286811793,0.000111616798605909,0.00172712309421775
"Zfp521",0.51046511627907,43,0.226275855823676,3.03832026493941,1,1
"Zfp609",0.586309523809524,28,0.362570079384708,6.06974354737795,1,1
"Zfp638",0.52,25,0.263034405833794,-4.03738112205015,0.00448859962116044,0.0301633894541981
"Zfp644",0.551190476190476,28,0.106915203916512,-2.00696822860803,0.0451256758724991,0.183276944078971
"Zfp809",0.533950617283951,27,-0.169925001442312,-0.736791949154814,0.224781085491278,0.65756854860135
"Zfpm2",0.474132251612466,61,-0.0855757317060739,-0.682095946814314,0.242812308938164,0.703318412096752
"Zfr",0.457050092764378,49,-0.219009781941796,3.50472132922413,1,1
"Zfyve9",0.549479166666667,32,0.321928094887362,4.90938231028278,1,1
"Zhx1",0.212121212121212,22,-2,-0.766343988993818,0.215709475042845,0.636449102749893
"Zhx2",0.544444444444444,33,0,-3.98756597916463,0.00474242989482577,0.0311569695883526
"Zhx3",0.580246913580247,27,0.459431618637297,1.81146207962202,1,1
"Zkscan3",0.504761904761905,28,0.237039197300849,-8.16322023948971,5.33148470863147e-05,0.00102784033071321
"Zmiz1",0.533783783783784,37,0.169925001442312,12.2636634236806,1,1
"Zmym4",0.531428571428571,35,0.0430687218918858,14.0152131522824,1,1
"Zmynd8",0.31577380952381,28,-0.914270125974116,-1.41576733867252,0.0924299941888374,0.323205401624652
"Znrf1",0.601785714285714,28,0.46948528330122,-6.17275034732479,0.000442050570939382,0.00504710166431761
"Zswim5",0.21875,16,-2.95419631038688,-3.72420211814136,0.00634927156245588,0.0386081298287239
"Zswim6",0.585537918871252,36,0.395928676331139,23.1448580406972,1,1
