"","AR","bb_mu","bb_theta","thetaCorrected","theta_common","tot_gene_mean","N"
"1700025G04Rik",0.50094696969697,0.428571428571429,1.33000690593098,0.875579140812948,0.565897202295008,2.625,24
"2210408F21Rik",0.380645161290323,0.443037974683495,0.196187806866937,0.478005939419997,0.616285476824652,2.54838709677419,31
"2610307P16Rik",0.612238095238095,0.603174603170344,0.138715487535938,0.470414892235117,0.638025362636259,2.52,25
"4732440D04Rik",0.22768759018759,0.318181818181819,0.143716227752436,0.323383998894937,0.410559748882454,3,22
"5031425E22Rik",0.682430213464696,0.687499999999953,0.142730923200308,0.779401000153238,1.1076211921112,2.20689655172414,29
"9530026P05Rik",0.434629028379028,0.50887573964497,0.358679999597412,0.26945413866491,0.20351188802104,4.69444444444444,36
"Abca1",0.344285714285714,0.369565217391308,0.968113743040088,0.961209282776749,0.906581006931103,2.3,20
"Abca6",0.521014492753623,0.548387096612232,0.294004258435776,0.457049239204618,0.527544068119103,2.69565217391304,23
"Abca8a",0.618596570912747,0.683962264150939,0.366447651270684,0.251881855104604,0.172167915626102,5.3,40
"Abca8b",0.484057971014493,0.396825396978585,6.30214528154985,2.72502348065219,0.50677493281719,2.73913043478261,23
"Abca9",0.25297619047619,0.428571428571443,3.7455524119868,2.5395097346588,1.70625746911652,2.04166666666667,24
"Abi1",0.656896551724138,0.708333333333322,0.477693240837123,0.404903048008507,0.341359842306128,3.31034482758621,29
"Ablim1",0.520822211611685,0.525316455696188,0.073112106549458,0.0928232171844305,0.0993669719143346,8.54054054054054,37
"Ablim3",0.38015873015873,0.449999999863777,1.58201594106184,2.38746115513571,2.72887975846141,1.9047619047619,21
"Acacb",0.317592592592593,0.372093023255814,0.341263240508833,0.634042066046586,0.770460902713362,2.38888888888889,18
"Acadsb",0.543859649122807,0.548387096773219,998.999999999999,387.117388706038,11.8372916836892,1.63157894736842,19
"Acss1",0.526041666666667,0.48780487804878,998.999999999999,379.763961629886,0.606157396045703,2.5625,16
"Actn2",0.557665945165945,0.56976744186038,0.0368740806503484,0.164301919022688,0.229556830876784,4.3,20
"Acyp2",0.252442047200112,0.363636363636364,0.124002091646603,0.199450338172464,0.232705936680381,4.25806451612903,31
"Adamts5",0.681746031746032,0.538461538461538,24.0646370824611,9.51898580349538,0.581174809377857,2.6,15
"Adamts9",0.569176319176319,0.538461538459049,0.269657688041149,0.344787530543763,0.370204029253308,3.16216216216216,37
"Adamtsl3",0.286630036630037,0.322580645485796,1.02090443352193,0.895721984733587,0.775941473240382,2.38461538461538,26
"Adarb1",0.429047619047619,0.470588235294118,0.86174808069389,0.729978248388988,0.615106224570324,2.55,20
"Adcy9",0.571428571428571,0.555555554904943,1.44486526610287,5.06966583359889,6.90504776217704,1.71428571428571,21
"Adgrf5",0.495679012345679,0.530612244897959,0.649220901230509,2.88159280967722,4.02460462859998,1.81481481481481,27
"Adgrl2",0.669230769230769,0.638888888888889,0.225356600056587,0.408619001938453,0.493390594261177,2.76923076923077,26
"Adgrl4",0.532641432641433,0.526315789379725,0.460562328458543,0.459266255900418,0.43432651100595,2.92307692307692,39
"Adk",0.418707198598503,0.422018348623853,0.255374430084489,0.25268941829238,0.237823802089558,4.19230769230769,26
"Aff1",0.50952380952381,0.545454545452181,0.489660560704845,0.514530308551692,0.501856166052474,2.75,28
"Agap1",0.465277777777778,0.440000000000517,1.44813627325742,1.54027092097488,1.51258808147966,2.08333333333333,24
"Agmo",0.845909090909091,0.836734692090695,0.156055747721112,0.518271930450165,0.701061661429307,2.45,20
"Ago3",0.461538461538462,0.460000000764448,3.3520776613406,2.93812793209287,2.54329568470563,1.92307692307692,26
"Ahnak",0.477564102564103,0.499999999740534,1.03341986642375,5.56436819609798,7.89926150231453,1.69230769230769,26
"Airn",0.71337821432513,0.763713080166603,1.06937325245885,0.505746347617656,0.152206768501901,5.78048780487805,41
"Akap13",0.502037037037037,0.455696202739868,0.500478570383428,0.557377003041988,0.561022905157075,2.63333333333333,30
"Akap6",0.525833333333333,0.460317460382018,0.284203783178266,0.352052871462037,0.37286389143629,3.15,20
"Akt3",0.54572192513369,0.54464285713035,0.570237924423381,0.44193102035374,0.344237982254718,3.29411764705882,34
"Ambra1",0.650617283950617,0.629032258064503,0.567810773004937,0.813678900084259,0.913428658385828,2.2962962962963,27
"Ank",0.400833333333333,0.377777777811143,1.12573268793398,1.08646581820411,1.0064705006687,2.25,20
"Ank2",0.488742038742039,0.472361809045057,0.187073934414375,0.181451489886245,0.168634026925921,5.37837837837838,37
"Ank3",0.338888888888889,0.454545454545455,0.285006132500941,0.39038497762173,0.43094443230371,2.93333333333333,15
"Ankrd11",0.452227342549923,0.488095238095238,0.0596237107077045,0.363523674817274,0.520640073793782,2.70967741935484,31
"Ankrd12",0.709770114942529,0.704545454534599,998.999999999999,398.463887683333,29.1671777883445,1.51724137931034,29
"Ankrd17",0.535564135564136,0.544,0.345974804116179,0.347383837583895,0.329905528215751,3.37837837837838,37
"Ankrd44",0.536666666666667,0.545454545484714,1.57508989897044,4.08238620541081,5.32161238966126,1.76,25
"Ano6",0.504861111111111,0.507246376773812,0.146481767220684,0.351023833744885,0.451170977085025,2.875,24
"Aopep",0.490975422427035,0.529411764705882,0.456180966451094,0.350014783848986,0.270004285990383,3.83870967741935,31
"Ap1g1",0.535,0.555555555555556,0.667026960754478,3.08523487956011,4.32530643547721,1.8,20
"Ap3b1",0.537878787878788,0.485714285724135,2.10570975796598,11.2510944449193,15.9628599225865,1.59090909090909,22
"Apbb2",0.652531102531103,0.560439560137107,0.375874097290922,0.595576783385525,0.691637297395424,2.45945945945946,37
"Apc",0.481578947368421,0.437500000000005,1.13883716990207,0.846931367917861,0.633020950723345,2.52631578947368,19
"App",0.575026036055448,0.520833333414379,0.286620880096096,0.262347909920847,0.234452597296705,4.23529411764706,34
"Aqp1",0.53735632183908,0.549999999994126,1.4046252220657,1.56472281916369,1.5751706903379,2.06896551724138,29
"Arb2a",0.485741341991342,0.494949494943957,0.530247346913,0.454002712088649,0.385870014387189,3.09375,32
"Arfgef1",0.522,0.574074074033353,0.166143991743206,0.873556477480835,1.23784841139467,2.16,25
"Arhgap10",0.635930735930736,0.610169491525423,0.652114908431815,0.597636253501639,0.534563124291051,2.68181818181818,22
"Arhgap21",0.604022988505747,0.63013698630137,1.78924054237408,1.09864842080815,0.640242840137343,2.51724137931034,29
"Arhgap24",0.592506472285884,0.54421768707483,0.223011898410619,0.233854522476609,0.227826906251115,4.32352941176471,34
"Arhgap26",0.48212481962482,0.43558282208589,0.260597391118,0.238950764355231,0.213810980576782,4.52777777777778,36
"Arhgap29",0.427777777777778,0.46,0.85750322865829,1.31597989138027,1.51258808147966,2.08333333333333,24
"Arhgap42",0.557142857142857,0.53030303016624,0.726027326497685,1.01250412125464,1.12533544516093,2.2,30
"Arhgef12",0.502521008403361,0.494845360893233,0.0412875556160412,0.316505022180283,0.459461888286049,2.85294117647059,34
"Arhgef3",0.489142857142857,0.509090909090926,0.261586695148751,0.836134261248715,1.12533544516093,2.2,25
"Arid1b",0.591898148148148,0.553571428571428,0.105441126659664,0.289970754066152,0.38172614491443,3.11111111111111,36
"Arid2",0.347222222222222,0.395348837209302,1.15507387307142,3.39098203253142,4.50921704463823,1.79166666666667,24
"Arid4b",0.631944444444444,0.558139534883712,0.86053051215199,3.27913012332151,4.50921704463823,1.79166666666667,24
"Arih1",0.63468253968254,0.533333333333333,0.29044649242185,0.538858266018755,0.654557226027973,2.5,30
"Arl15",0.474533585050001,0.430000000000728,0.19589605900333,0.20933210769789,0.206100191601979,4.65116279069767,43
"Asap1",0.501517857142857,0.511450381678457,0.49976634786335,0.41744171633723,0.347708166324986,3.275,40
"Asb3",0.591666666666667,0.648648648648648,51.9359045493347,21.9651589869524,3.42529485412443,1.85,20
"Ascc3",0.454372294372294,0.477611940298511,0.769547682780278,0.642845587239604,0.535501837564728,2.68,25
"Ash1l",0.624712643678161,0.613333333132489,0.482453582244754,0.569541972552988,0.59005736171064,2.58620689655172,29
"Asph",0.506410256410256,0.560606060599978,0.181238401440387,0.477164456539501,0.623670907119241,2.53846153846154,26
"Atad2b",0.455254515599343,0.436363636363636,2.53375944868758,2.80779867064651,2.81886402272865,1.89655172413793,29
"Ate1",0.484126984126984,0.441176471063084,4.13995564194885,10.0494650826768,12.9477087306113,1.61904761904762,21
"Atf6",0.540833333333333,0.490566037735836,4.09933289164311,1.91784551612047,0.551576307801658,2.65,20
"Atf7",0.486666666666667,0.470588235294118,7.94582597336828,4.14016053065585,1.71482611926809,2.04,25
"Atosa",0.565217391304348,0.608695652173913,998.999999999999,380.639317767258,1.94311800319201,2,23
"Atp2a2",0.506485951222793,0.561224489795918,0.25858073458437,0.167498108087444,0.105848617693288,7.94594594594595,37
"Atp2c1",0.516666666666667,0.509803921549902,2.32513397747587,1.76831180984103,1.35222386396119,2.125,24
"Atp5f1a",0.463333333333333,0.361111111115132,0.411193150167098,0.65154150959654,0.756629038560198,2.4,15
"Atp6v0b",0.538461538461538,0.466666666669026,9.33832088763878,7.64969580723872,6.26740928142545,1.73076923076923,26
"Atrnl1",0.447210884353742,0.414285714285714,0.974754332943816,1.64238903293284,1.94311800319201,2,35
"Atxn1",0.598483923483923,0.559701492515216,0.0689204961287649,0.236276307551084,0.320898792645005,3.43589743589744,39
"Atxn2",0.522222222222222,0.552631578947368,0.0999082613856282,0.956189336448311,1.40247305493172,2.11111111111111,18
"Atxn7",0.546666666666667,0.547619047603577,3.5023619179543,6.92171280818568,8.54039278328877,1.68,25
"Auts2",0.588732993197279,0.576086956371914,0.548205279383478,0.434555814327294,0.34575251837347,3.28571428571429,28
"B3galt1",0.519557823129252,0.525423728813559,5.23167413255937,2.91472857524418,1.41739111370517,2.10714285714286,28
"B4galt1",0.588541666666667,0.52,1.76132022770797,1.21447127021693,0.833336721307374,2.34375,32
"Babam2",0.642006802721088,0.586206896551625,2.7947876092604,2.08541521029459,1.56414735115224,2.07142857142857,28
"Bach1",0.545614035087719,0.441176470588235,8.15534415983567,6.08224188160177,4.55951115446175,1.78947368421053,19
"Baz2b",0.532291666666667,0.48275862069237,0.69348228521864,0.745855888256787,0.736950834570721,2.41666666666667,24
"Bbx",0.44047619047619,0.431372548810788,2.85172383353418,1.48566524313846,0.615106224570323,2.55,20
"Bcas3",0.455026455026455,0.407407407407408,1.18856077868176,1.72358135409915,1.94311800319201,2,27
"Bicc1",0.47477035159962,0.427672955974843,0.186446479968262,0.24493754232764,0.265962314600157,3.8780487804878,41
"Birc6",0.563702147525677,0.521276595743965,1.31213085571206,0.822605180975141,0.495356416763039,2.76470588235294,34
"Bmpr1a",0.486111111111111,0.419354838709714,8.8166742898316,3.73567592387065,0.591951272956119,2.58333333333333,24
"Bmpr2",0.423809523809524,0.417910447764397,0.470449621529624,0.679821138856371,0.765452705592782,2.39285714285714,28
"Bnc2",0.35452380952381,0.426470588235298,0.601367707779952,0.566006223188295,0.515686901037217,2.72,25
"Bptf",0.485507246376812,0.394736842507651,998.999999999999,386.086782358025,10.2632122548237,1.65217391304348,23
"Braf",0.466666666666667,0.529411764705882,0.901536011166924,1.46511370956672,1.71482611926809,2.04,25
"Brwd1",0.746666666666667,0.693877550162308,0.541200583365815,1.66144246316553,2.22368011705598,1.96,25
"Btbd7",0.440972222222222,0.446808510638503,0.498410404155054,1.65373702586704,2.23672964976433,1.95833333333333,24
"Btbd9",0.605072463768116,0.604651162536264,0.393448173446448,2.21091839625077,3.14860942327474,1.8695652173913,23
"C1qtnf7",0.507246376811594,0.452054794520548,0.917590788733752,0.589186651460257,0.367681754864722,3.17391304347826,23
"Cacna1c",0.651068966344684,0.584821428563418,0.0495372799551501,0.0568669101657644,0.058123105085857,16.5925925925926,27
"Cacna2d1",0.52926267281106,0.62931034458634,0.0999348874709892,0.221639551441486,0.280555240168456,3.74193548387097,31
"Cacnb2",0.517077522201746,0.529702970297027,0.0970399070802546,0.113064549812715,0.11640410964074,7.21428571428571,28
"Cald1",0.438383838383838,0.380952380952381,0.654591939399156,0.653496954984525,0.618444357728188,2.54545454545455,33
"Camk2d",0.41046398046398,0.452173913043478,0.0497959318418151,0.196059965853283,0.270567280711662,3.83333333333333,30
"Camkmt",0.568627450980392,0.53125,0.59830210362779,2.18190596388571,2.98548248873732,1.88235294117647,17
"Cap2",0.451960784313725,0.421052631769589,0.358402448776554,0.81652960854445,1.03923946849316,2.23529411764706,17
"Cast",0.481884057971014,0.463414634159267,1.36696531760493,3.61097423453999,4.72232143000988,1.78260869565217,23
"Cav1",0.397849462365591,0.396825396825406,998.999999999999,380.51651040297,1.75555022213664,2.03225806451613,31
"Cblb",0.529292929292929,0.5,0.549364460776225,0.645867192805065,0.667823105227393,2.48484848484848,33
"Ccdc141",0.686666666666667,0.571428571419719,1.1992254416004,0.914412320530909,0.701061661429307,2.45,20
"Ccdc80",0.522619047619048,0.489795918367347,3.34625955053125,1.72974172898566,0.701061661429307,2.45,20
"Ccdc85a",0.589160222493556,0.585858585858586,0.726782156714927,0.465490979931425,0.289426239120605,3.66666666666667,27
"Ccnd3",0.425438596491228,0.531914893617021,0.940085710101869,0.800931417877081,0.678039540378512,2.47368421052632,19
"Ccny",0.505952380952381,0.500000000021467,0.436220162657275,1.01144641259539,1.29180812649614,2.14285714285714,28
"Cd36",0.435992942883525,0.42666666689329,0.0526416527258293,0.116439702928578,0.147310081025267,5.92105263157895,38
"Cdc37l1",0.503174603174603,0.444444444445211,0.477960300160949,1.02729709772337,1.29180812649614,2.14285714285714,21
"Cdc42bpa",0.438920454545455,0.424657534246825,1.43492736009649,1.1617416214609,0.942108834321991,2.28125,32
"Cdc73",0.615942028985507,0.595238095238095,0.0192336355712118,2.50594908115902,3.81626405465891,1.82608695652174,23
"Cdh13",0.537918185615554,0.492890995260663,0.129608661926042,0.154700669487883,0.161106465280722,5.55263157894737,38
"Cdh2",0.458272800184565,0.446327683632169,0.137607749339825,0.115436422765555,0.0964974017534923,8.85,20
"Cdk13",0.434782608695652,0.466666666694452,0.315916995894269,1.59381183666431,2.25105008757995,1.95652173913043,23
"Cdk14",0.514069264069264,0.425531915534545,0.796070405584302,0.650994314372857,0.532564480913249,2.68571428571429,35
"Cdk8",0.378985507246377,0.442307692360629,0.853042763057177,0.967745701126789,0.98330546494782,2.26086956521739,23
"Cdkal1",0.493298059964727,0.487179487152022,0.273395838084923,0.395918084550233,0.446129301713801,2.88888888888889,27
"Celf2",0.524143892377126,0.503267973856208,0.0997856033719301,0.0919228532556241,0.0825211879167037,10.6744186046512,43
"Cep112",0.453416149068323,0.475000000000684,0.610737816365456,4.14366321921305,5.97452702331944,1.73913043478261,23
"Cep85l",0.430833333333333,0.474358974637384,1.2765719080167,0.865290167630432,0.581174809377857,2.6,30
"Cflar",0.277272727272727,0.285714285714306,0.846546984828875,2.07825157147043,2.68318564895843,1.90909090909091,22
"Chchd3",0.549488729661143,0.530434782608666,0.144098150094328,0.223271963917473,0.257433785835244,3.96551724137931,29
"Chd2",0.42843137254902,0.457142857142858,5.46408404429586,3.1368932965875,1.62191294929637,2.05882352941176,34
"Chd6",0.5625,0.615384615384614,3.29717654160202,1.71958202041323,0.714012545048631,2.4375,16
"Chd9",0.482539682539682,0.443181818181818,2.68086071857602,1.43880818293162,0.642640481290127,2.51428571428571,35
"Chrm2",0.405952380952381,0.492537313432836,1.22082039920011,0.648774450713884,0.282819012854274,3.72222222222222,18
"Chst11",0.451388888888889,0.44736842156876,998.999999999999,390.445856143458,16.920970949776,1.58333333333333,24
"Ckmt2",0.458072197410433,0.455284552851659,0.302312508693947,0.20656822838532,0.140157285778022,6.15,20
"Clasp1",0.360728982951205,0.37179487192347,0.791029554273259,0.592487850191374,0.446129301713801,2.88888888888889,27
"Clasp2",0.503937728937729,0.424657534829213,0.521415861790055,0.510491246977839,0.477269098045921,2.80769230769231,26
"Clec2d",0.545833333333333,0.542857142857142,1.25611872300541,4.1575009820412,5.62134097389445,1.75,20
"Clec3b",0.324074074074074,0.333333333333333,0.886715312077329,2.75325493848164,3.69084316170277,1.83333333333333,18
"Clic4",0.262820512820513,0.294964028776983,0.318099514150883,0.31891535711059,0.302592337219395,3.56410256410256,39
"Clip1",0.675974025974026,0.641791044776119,0.120983395971245,0.284399910910455,0.364203094267246,3.19047619047619,21
"Cmip",0.481182795698925,0.472222222222222,0.576924684501022,0.786790626875724,0.867075233770929,2.32258064516129,31
"Cmss1",0.47,0.432432432434183,4.07096870889605,3.78860107286172,3.42529485412443,1.85,20
"Cmya5",0.476041666666667,0.51063829787234,1.47017262134356,0.839561655807427,0.429590381923948,2.9375,16
"Cnot2",0.490740740740741,0.413793103541016,0.916672038182774,1.18272798451329,1.27475009286729,2.14814814814815,27
"Cnot4",0.486699507389163,0.457627118644068,0.932289380568468,1.49569058454807,1.74369024540338,2.03448275862069,29
"Cobll1",0.55452380952381,0.625,0.591825316440788,0.461916642400199,0.36224200162358,3.2,20
"Col4a1",0.405721076309312,0.388888889043363,0.260648027893327,0.285401130606715,0.284726803968526,3.70588235294118,34
"Col4a2",0.518965517241379,0.559999999999948,0.553488010425825,0.596517071862256,0.59005736171064,2.58620689655172,29
"Col5a2",0.353086419753086,0.4375,0.803287248032882,0.825488326135904,0.794889232925832,2.37037037037037,27
"Col8a1",0.506954022988506,0.558139534862597,5.59838109969028,2.26939781360944,0.219065889499125,4.44827586206897,29
"Colec12",0.266666666666667,0.333333333333335,998.999999999999,380.875473282012,2.30380619272735,1.95,20
"Corin",0.483065953654189,0.573333333333328,0.522911937790756,0.343638639032859,0.221561824097548,4.41176470588235,17
"Cp",0.656806156806157,0.703124999999998,0.95233106719284,0.560519815964543,0.303748579944665,3.55555555555556,18
"Cpeb3",0.628535353535354,0.5607476635514,0.178952062111248,0.194914286147694,0.193906890351721,4.86363636363636,22
"Cped1",0.568673687423687,0.53757225433526,0.215427701156489,0.241436284599493,0.243805618674196,4.11904761904762,42
"Cpne8",0.404761904761905,0.384615384615393,1.26501952398446,1.15180184618832,1.02547402916732,2.24137931034483,29
"Cpq",0.537329931972789,0.574468085106383,0.153594370937829,0.276603295743956,0.333380698555661,3.35714285714286,28
"Cradd",0.367307692307692,0.390625,0.0733485808228878,0.479364844230033,0.689607728543395,2.46153846153846,26
"Creb3l2",0.524458874458874,0.474576271237928,0.239111954363469,0.440799688665559,0.534563124291051,2.68181818181818,22
"Creb5",0.543269230769231,0.492753623201011,0.538904557552311,0.564392548264656,0.54945090866921,2.65384615384615,26
"Crebbp",0.464550264550265,0.500000000000673,0.485041198274487,0.471657346513813,0.439054092242895,2.90909090909091,33
"Crim1",0.602272727272727,0.5636363636377,14.9780937775312,6.11644584264257,0.654557226027973,2.5,22
"Csgalnact1",0.548979591836735,0.48484848483981,0.729359976626093,0.809582748208153,0.813473930986785,2.35714285714286,28
"Csnk1a1",0.453809523809524,0.394736842105303,0.256590347098241,0.508335730705923,0.627575704714533,2.53333333333333,30
"Cwc27",0.391666666666667,0.342857142857145,1.15494530398123,4.11908069633581,5.62134097389445,1.75,20
"Cyfip1",0.515151515151515,0.513513513425762,0.403118844948556,5.68000807403072,8.44145673499943,1.68181818181818,22
"Cyth1",0.476,0.541666666653064,1.06102271221067,2.08761810670983,2.57309554856596,1.92,25
"Cyth3",0.523333333333333,0.582089552238646,1.6801354050259,0.988638393155662,0.535501837564728,2.68,25
"Cyyr1",0.564646358543417,0.541666666666651,0.138327099793728,0.193703426615552,0.215619982370458,4.5,32
"D830005E20Rik",0.392032722179781,0.461538461538462,0.0808245659754742,0.0979823949208988,0.102773529576744,8.21052631578947,19
"Daam1",0.443055555555556,0.456521739130435,12.0651824156302,6.28794898892585,2.60598828802055,1.91666666666667,24
"Dach1",0.557967032967033,0.56198347107438,0.348040280690661,0.350014020803573,0.33272471830674,3.36111111111111,36
"Dcaf6",0.500541125541126,0.551020408163265,1.74970111048004,1.35705362209596,1.05784658806947,2.22727272727273,22
"Dcaf8",0.656481481481481,0.628571428571429,0.290107466906712,1.64898079612115,2.35028100513647,1.94444444444444,18
"Dcbld2",0.298484848484848,0.265306122467611,1.530881007731,1.27395738054569,1.05784658806947,2.22727272727273,22
"Dcn",0.537601887601888,0.494117647059871,0.167955336856597,0.200994796527976,0.209571957186902,4.5945945945946,37
"Ddx17",0.589026915113872,0.607843137249145,0.545199858191566,0.915148609483561,1.08152105846678,2.21739130434783,23
"Ddx50",0.43030303030303,0.434782608695652,1.73718126348355,1.62948207446078,1.48119715557264,2.09090909090909,22
"Dennd1a",0.37890625,0.327868852463028,1.73475530819286,2.43509211280056,2.71303927486553,1.90625,32
"Dennd1b",0.540909090909091,0.510638297870872,0.478184230930654,1.04142626235945,1.31325819077056,2.13636363636364,22
"Dennd4c",0.359333333333333,0.363636363652814,4.4637604705819,5.17934971361769,5.32161238966125,1.76,25
"Dennd5b",0.427489177489177,0.461538461618106,1.36865061480412,1.04629694239764,0.804226840102267,2.36363636363636,33
"Dgkh",0.484057971014493,0.465517241342707,1.18867973345769,0.868226709612769,0.636637349076443,2.52173913043478,23
"Dip2c",0.619604494604495,0.608391608391608,0.148886794690485,0.231551485934445,0.267301961930062,3.86486486486486,37
"Dlc1",0.456947614016157,0.528813559322372,0.034551070835831,0.0936047676643501,0.122926060727902,6.86046511627907,43
"Dleu2",0.543824404761905,0.609090909090907,0.3219194904274,0.332192735563519,0.320655733669456,3.4375,32
"Dnaaf9",0.71031746031746,0.716981132075468,0.819634566528238,1.03407410480012,1.10398780081167,2.20833333333333,24
"Dnajc1",0.367676767676768,0.344262295401319,0.410927466777917,2.41372042088696,3.44821772543683,1.84848484848485,33
"Dnajc7",0.6625,0.624999999999967,1e-06,1e-06,14.4552843265989,1.6,20
"Dnm3",0.434154351395731,0.406976744596539,0.582997362328431,0.496885970074923,0.420772034810609,2.96551724137931,29
"Dock1",0.434047619047619,0.49,0.711559452534332,0.569991588289976,0.457862670044977,2.85714285714286,35
"Dock4",0.508916693063035,0.45859872611465,0.781912488254262,0.474358752485886,0.270994691442638,3.82926829268293,41
"Dock9",0.46387403446227,0.45360824742268,0.251636809574599,0.39638448570885,0.459461888286049,2.85294117647059,34
"Dst",0.525352009102009,0.489898989912545,0.261214262568838,0.223128400675241,0.189287171674726,4.95,40
"Dyrk1a",0.462121212121212,0.421052631578948,0.714445291966964,0.655632414059648,0.586990971066263,2.59090909090909,22
"Ebf1",0.439208948945791,0.494318181817439,0.21547347974604,0.152148054864853,0.107406177544215,7.82222222222222,45
"Ebf2",0.48468253968254,0.494623655914036,0.485815160332081,0.543049502394378,0.547644813664407,2.65714285714286,35
"Ecpas",0.459677419354839,0.455696202502177,1.25226571395756,0.879048182618967,0.616285476824652,2.54838709677419,31
"Efna5",0.411702079971311,0.395348837209302,0.161872179650179,0.185008086817303,0.188683153735191,4.96153846153846,26
"Egfl7",0.569298245614035,0.545454545103308,0.80190605989398,0.879742584888424,0.878554659914412,2.31578947368421,19
"Egfr",0.342750360750361,0.366071428571431,0.132980063784466,0.234831830051974,0.281538044771057,3.73333333333333,30
"Ehbp1",0.477336860670194,0.489583333275321,1e-06,1e-06,0.30317045858203,3.55555555555556,27
"Eif4g3",0.574731182795699,0.491525423728814,2.00343324944262,2.55829614638958,2.7453796962423,1.90322580645161,31
"Elf1",0.504022988505747,0.454545454545458,2.67674180119153,1.64026958935846,0.952728174789065,2.27586206896552,29
"Elf2",0.574561403508772,0.5,1.27218435750741,2.3421417864036,2.8393642944128,1.89473684210526,19
"Elk3",0.391666666666667,0.390243902439158,0.13325593234786,1.140365145073,1.66442925747974,2.05,20
"Elmo1",0.495814732142857,0.477477477477477,0.439307881184348,0.373718760521032,0.315994549148868,3.46875,32
"Emcn",0.532799145299145,0.417910447761194,1.35191593741521,0.830189158965544,0.483864331759217,2.79166666666667,24
"Enah",0.657971014492754,0.709677419106054,2.33808639577012,1.23328296224298,0.527544068119103,2.69565217391304,23
"Entpd1",0.645833333333333,0.682926829266627,4.78777599566652,2.90790440962439,1.66442925747974,2.05,20
"Epas1",0.517156862745098,0.548387096774194,1.27089953495649,3.01126446059493,3.86208285587388,1.82352941176471,34
"Epb41",0.587962962962963,0.612903225713226,2.17752900892525,5.14000385894569,6.58753240205308,1.72222222222222,18
"Epc1",0.51025641025641,0.488888888877443,3.62217940584569,5.47900916858312,6.26740928142545,1.73076923076923,26
"Epc2",0.558333333333333,0.545454545473738,1e-06,1e-06,10.6014769326923,1.65,20
"Eps15",0.711805555555556,0.649999999634429,0.444477236210041,6.26736778619918,9.31456293511972,1.66666666666667,24
"Eps8",0.618181818181818,0.602739726027397,0.196302101072328,0.359587642813373,0.435354974501675,2.92,25
"Erbin",0.459848484848485,0.434782608954618,0.417833123855714,1.12846379358945,1.48119715557264,2.09090909090909,22
"Erc1",0.552380952380952,0.531914893512821,998.999999999999,385.010389657473,8.61920180351491,1.67857142857143,28
"Erg",0.46031746031746,0.447368421082639,1.84788882856194,3.40469642235511,4.12833081517778,1.80952380952381,21
"Errfi1",0.785294372294372,0.761194029850588,0.106063566822124,0.151224909667568,0.169453976608768,5.36,25
"Esrrg",0.680491692056789,0.636363636121944,0.0455219272525871,0.116728805800408,0.151881078252656,5.78947368421053,19
"Esyt2",0.495052083333333,0.511904761904343,0.348003677034936,0.502666522244831,0.565897202295008,2.625,32
"Etl4",0.502418154761905,0.478723404255319,0.139413888098888,0.334210238119579,0.429590381923948,2.9375,32
"Etv6",0.357598039215686,0.45744680851064,0.545196792235372,0.5313643973764,0.495356416763039,2.76470588235294,34
"Exoc6",0.472222222222222,0.454545455014982,0.290070215685005,2.52668085124405,3.69084316170277,1.83333333333333,18
"Ext1",0.480808700360839,0.463576158941946,0.11424124495411,0.123825238341111,0.12286249195294,6.86363636363636,44
"Fabp4",0.529409382040961,0.508196721311439,0.0428802857590012,0.203393884904313,0.2857796944703,3.6969696969697,33
"Faf1",0.55284178187404,0.546666666633411,0.151924024287089,0.538197404464197,0.733890901665138,2.41935483870968,31
"Fam117b",0.503968253968254,0.437500000003057,2.69127391630074,2.29423191268864,1.94311800319201,2,24
"Fam193a",0.518817204301075,0.5,0.604716563025266,1.10579616382933,1.33818373433401,2.12903225806452,31
"Fbn1",0.43640350877193,0.358974358997354,0.292871048753083,0.359787712883856,0.379650558534489,3.12,25
"Fbxl17",0.477476859184176,0.497267759601892,0.12424951493367,0.189946324830581,0.218046634796379,4.46341463414634,41
"Fbxl7",0.556491710903476,0.571428571306824,0.184070095987166,0.219826977003543,0.228988413870856,4.30769230769231,39
"Fbxo11",0.563492063492063,0.512820512820499,1.17730074214343,2.62094573774744,3.3202233596764,1.85714285714286,21
"Fbxw7",0.344927536231884,0.304347826086958,0.610398936585997,1.50402622418936,1.94311800319201,2,23
"Fcho2",0.556298003072197,0.564705882352941,0.506753982538095,0.523404538526299,0.505495888637073,2.74193548387097,31
"Fchsd2",0.447101449275362,0.471698113207547,0.720978451637509,0.86218121230281,0.89867060297407,2.30434782608696,23
"Fer",0.571212121212121,0.454545454538684,0.51215527844604,0.623051475901359,0.654557226027973,2.5,22
"Fgf1",0.727777777777778,0.744186046511627,1e-06,1e-06,0.45271972496464,2.86666666666667,15
"Fhip1a",0.375,0.307692307692397,998.999999999999,380.164459747941,1.21785152168959,2.16666666666667,18
"Fhl2",0.580368287166561,0.603174603174603,0.375773410312953,0.173293449093815,0.0467282832677734,23.625,24
"Fhod3",0.711720646503255,0.725663716814073,0.11274446307595,0.10072774643829,0.088453056142697,9.82608695652174,23
"Filip1",0.361835748792271,0.428571428688568,0.42363961452576,0.380168504365397,0.334933052575809,3.34782608695652,23
"Fli1",0.429802955665025,0.44047619047619,0.419034131007311,0.449443588386823,0.4434103780119,2.89655172413793,29
"Flnb",0.705952380952381,0.630434782593261,998.999999999999,386.52973043031,10.9397416105608,1.64285714285714,28
"Flrt2",0.409090909090909,0.363636363642106,1.54298279018128,1.85817199137745,1.94311800319201,2,22
"Flt1",0.485460209724916,0.478599221792991,0.0614932632725451,0.115715400944404,0.141069896344343,6.11904761904762,42
"Fmnl2",0.706018712470325,0.609756097560975,0.172183170659005,0.233800214098466,0.257224621350835,3.96774193548387,31
"Fmo1",0.467391304347826,0.538461538461539,998.999999999999,384.432210784618,7.73612993837327,1.69565217391304,23
"Fmo2",0.633333333333333,0.645833333333333,1.49813518676829,1.54934089250192,1.49744158148899,2.08695652173913,23
"Fndc3a",0.652857142857143,0.595238095229221,998.999999999999,380.313118921511,1.44490363278778,2.1,20
"Fndc3b",0.578735632183908,0.526315789486213,0.307056890865133,0.488794925997217,0.568459786937972,2.62068965517241,29
"Fnip1",0.554029304029304,0.534246575342466,0.550828248367131,0.521660507703311,0.477269098045921,2.80769230769231,26
"Fnip2",0.50530753968254,0.5,0.350602859814034,0.418917153439633,0.436476473661326,2.91666666666667,24
"Foxj3",0.604166666666667,0.578947368421053,0.839527107414604,11.3975752981731,16.9209709497759,1.58333333333333,24
"Foxn3",0.575,0.537313432835821,0.190816607714238,0.511700484385079,0.670863574009886,2.48148148148148,27
"Foxp1",0.569791666666667,0.586956521580622,1e-06,1e-06,0.450254895831855,2.875,16
"Frmd4b",0.482034632034632,0.482142857142857,0.193746318916341,0.478492288978393,0.618444357728187,2.54545454545455,22
"Frmd6",0.379710144927536,0.340909091069373,998.999999999999,381.097214142023,2.64247839958399,1.91304347826087,23
"Fry",0.532493551001169,0.472826086960708,0.0761947736724197,0.156665113433917,0.195086881188066,4.8421052631579,38
"Fto",0.448571428571429,0.48101265823197,0.680841491058989,0.907489178638882,0.991150407360238,2.25714285714286,35
"Fubp1",0.536,0.527272727272727,0.344805318708102,0.867736270195304,1.12533544516093,2.2,25
"Fut8",0.565217391304348,0.48780487804878,998.999999999999,382.458962088614,4.72232143000988,1.78260869565217,23
"Fyn",0.446743295019157,0.506329113741388,0.436921167494126,0.502277228576928,0.513730476633235,2.72413793103448,29
"Gab1",0.407986111111111,0.5,0.907322960174666,0.9007929182905,0.849563733634383,2.33333333333333,24
"Gab2",0.571660487209268,0.57803468194202,0.23574734177742,0.243831743901975,0.235678891955379,4.21951219512195,41
"Galnt18",0.499090157154673,0.438356164383562,1.32248493280124,1.03700701814573,0.816814124689858,2.35483870967742,31
"Garre1",0.530246913580247,0.540983606487002,0.230705753452284,0.733626574736097,0.986682984811274,2.25925925925926,27
"Gda",0.36231884057971,0.437500000001189,998.999999999999,380.347517403855,1.49744158148899,2.08695652173913,23
"Gdi2",0.479166666666667,0.606060606059663,1.53361078466706,1.63304697066311,1.6047128180859,2.0625,16
"Ghr",0.543143939393939,0.596938775510201,0.505033927015969,0.317455092143081,0.19194006639727,4.9,40
"Gli3",0.570175438596491,0.666666666666667,998.999999999999,381.226122410135,2.8393642944128,1.89473684210526,19
"Glis3",0.436580086580087,0.403508771929824,0.858818692293211,0.710457755955691,0.586990971066263,2.59090909090909,22
"Gls",0.522189349112426,0.410256410307181,0.826432968535224,0.582643520711186,0.410559748882454,3,26
"Glud1",0.447368421052632,0.454545454545455,0.498278744970897,4.15219124217682,6.05277841846828,1.73684210526316,19
"Gm20619",0.445738636363636,0.29629629629634,1.15677050342722,0.655639176800269,0.330452677378487,3.375,16
"Gm20732",0.553030303030303,0.545454545252675,998.999999999999,401.621325040275,33.9896371115138,1.5,22
"Gm29237",0.5125,0.55555555554964,0.550199584352494,3.04087005307834,4.32530643547721,1.8,20
"Gm37376",0.473333333333333,0.479999999999803,0.0463623609632462,0.446168089515488,0.654557226027973,2.5,30
"Gm56730",1,0.999999999998356,1e-06,1e-06,0.399365012694477,3.04166666666667,24
"Gmds",0.494318181818182,0.479166666666667,0.904519033282244,1.11235562862163,1.17431679081106,2.18181818181818,22
"Gnaq",0.469187675070028,0.455445544554456,0.276782132278823,0.37959032268141,0.419227316120357,2.97058823529412,34
"Gnb1",0.462053571428571,0.452054794520846,0.159896240576412,0.677552588731761,0.942108834321991,2.28125,32
"Golga4",0.471153846153846,0.418604651242706,2.06630869421696,7.42863689204464,10.1475457038037,1.65384615384615,26
"Gpatch8",0.381666666666667,0.370370370370371,1.31982327017523,3.33313221225153,4.32530643547721,1.8,30
"Gpbp1",0.399092970521542,0.400000000038928,2.53090526667583,2.74779887372331,2.72887975846141,1.9047619047619,21
"Gpcpd1",0.574114774114774,0.489361702127654,0.996217960557215,0.572010077044301,0.295843640549144,3.61538461538462,26
"Gphn",0.56222442680776,0.507575757585552,0.757547065167822,0.477173856559106,0.289426239120605,3.66666666666667,36
"Grk5",0.711666666666667,0.680555555555556,0.328142814045312,0.418809458789807,0.449338814578685,2.88,25
"Grm1",1,0.999999999997781,1e-06,1e-06,0.109444698630679,7.75,12
"Gucy1a2",0.703703703703704,0.666666666666666,0.473293584157131,2.59625934560055,3.69084316170277,1.83333333333333,18
"Gulp1",0.469871794871795,0.514705882352927,0.70526206791985,0.642103196571885,0.571653616170613,2.61538461538462,26
"Hdac9",0.699036281179138,0.596491228070173,0.478215937281649,0.343887518530216,0.247865626345128,4.07142857142857,28
"Heatr5a",0.385416666666667,0.424242424408656,0.762207436743979,1.34010899043916,1.6047128180859,2.0625,16
"Hectd1",0.497126436781609,0.507246376811594,1.0424833651055,0.908455286581668,0.782873689277876,2.37931034482759,29
"Hecw2",0.442765567765568,0.478260869565217,0.722397056215083,0.634073243959379,0.54945090866921,2.65384615384615,26
"Heg1",0.45709354242249,0.478468899543777,0.160260097471827,0.175858510333232,0.17564370824863,5.225,40
"Helz",0.4375,0.413793103448276,0.99277577217539,3.04145176987855,4.06950072199944,1.8125,16
"Herc1",0.443174603174603,0.4375,0.351272434675056,0.488592982207357,0.542506336046504,2.66666666666667,30
"Herc2",0.441391941391941,0.470588235392048,4.160309604446,3.02796984025273,2.21173969876732,1.96153846153846,26
"Hibadh",0.552631578947368,0.5,31.5480902701626,12.6995013294233,1.09847934044493,2.21052631578947,19
"Hip1",0.325396825396825,0.318181818181902,0.708378567086455,1.22736231823603,1.46373181180901,2.0952380952381,21
"Hipk3",0.453703703703704,0.54545454524546,13.1809518335371,7.42195235169422,3.69084316170277,1.83333333333333,18
"Hivep2",0.497230339105339,0.540540540540541,0.198025270129343,0.262074673620305,0.285420728167726,3.7,40
"Hmcn1",0.496135265700483,0.419753086419753,0.481551009293745,0.384791921663448,0.308405942963601,3.52173913043478,23
"Hnrnpa2b1",0.424666666666667,0.385964912280864,1.95627021954564,1.36132195403884,0.944555670465516,2.28,25
"Hnrnpc",0.618702553485162,0.557692307683553,3.10104937017806,1.82141909623598,0.98330546494782,2.26086956521739,23
"Hnrnph1",0.529166666666667,0.517857142855166,0.524734063447113,1.47149525970624,1.94311800319201,2,28
"Homer1",0.425925925925926,0.500000000000076,1.22165644047414,1.02016006270802,0.849563733634384,2.33333333333333,18
"Hs3st5",0.37979797979798,0.428571428571429,1.10399422764898,0.73378274089876,0.480414187562966,2.8,15
"Hspa4",0.39448051948052,0.380952380952381,2.36575121968597,2.65516457204908,2.68318564895843,1.90909090909091,22
"Hspg2",0.421153846153846,0.459016393442623,0.602747559260997,0.77211976036492,0.829690662959309,2.34615384615385,26
"Htra3",0.389569160997732,0.425531914893617,1.8826123274223,1.39117064877055,1.03286615431728,2.23809523809524,21
"Hycc1",0.481060606060606,0.479166666666667,0.442001923753827,0.936716219939951,1.17431679081106,2.18181818181818,22
"Ifrd1",0.410890652557319,0.468354430379747,0.150147763505643,0.34076757144457,0.433379967953066,2.92592592592593,27
"Igf1r",0.607953912559176,0.572580645158821,0.0670792481745617,0.234731393423924,0.319607117614894,3.44444444444445,36
"Igfbp7",0.55359477124183,0.614583333333332,0.395189070477259,0.458391750841856,0.470907339908985,2.82352941176471,34
"Il1r1",0.6103663003663,0.566666666666667,0.526250983042355,0.695234357523852,0.756629038560198,2.4,25
"Il6st",0.412698412698413,0.390243902718106,0.406798302834454,1.65010987245665,2.28432479622148,1.95238095238095,21
"Insr",0.494570707070707,0.537313432835821,0.17932245176382,0.328728042833867,0.398070275398577,3.04545454545455,22
"Irf2",0.6,0.529411764699756,0.531035507969127,0.675444581105729,0.723628428920057,2.42857142857143,28
"Itga1",0.530008210180624,0.556962025155891,1.46271800761351,0.891820332419732,0.513730476633235,2.72413793103448,29
"Itga6",0.393333333333333,0.410256410279485,6.6761214924065,15.8624229427806,20.3550568423444,1.56,25
"Itpkb",0.497849462365591,0.509090909065899,3.20515502624213,4.44733181686221,4.93356821306712,1.7741935483871,31
"Itpr1",0.49951714951715,0.565573770325924,0.466697834176959,0.424561007503588,0.377761434971178,3.12820512820513,39
"Itpr2",0.437341153470186,0.322222222222296,2.81698677716143,1.35853114353846,0.44107756914411,2.90322580645161,31
"Itsn2",0.431818181818182,0.48837209302325,1.39529862519203,2.01403935580545,2.26683624015548,1.95454545454545,22
"Ivns1abp",0.581159420289855,0.571428571402148,0.162744024610677,0.393605281814524,0.50677493281719,2.73913043478261,23
"Jak1",0.602564102564103,0.630434782608687,998.999999999999,382.683024207753,5.06453897330794,1.76923076923077,26
"Jarid2",0.537710144927536,0.461538461538462,0.39793827022074,0.308529917376569,0.240423830411783,4.16,25
"Jmjd1c",0.544516594516595,0.516129032166928,0.371378425678444,0.450745362801952,0.47303893055935,2.81818181818182,33
"Jph2",0.322222222222222,0.355555555562295,0.38329060227901,0.991346579540355,1.29180812649614,2.14285714285714,21
"Kansl1",0.519343891402715,0.491525423728813,0.324542114738083,0.329960250269091,0.315724862362904,3.47058823529412,34
"Kat6b",0.503703703703704,0.519230769228687,3.53282780800232,2.98900965724586,2.5161739545255,1.92592592592593,27
"Kcnd2",0.814444444444444,0.794117647058788,0.732760400541348,0.418018496322993,0.213452551070003,4.53333333333333,15
"Kcnq1ot1",0.758024691358025,0.836065573439141,0.859039624632489,0.972234373918453,0.986682984811274,2.25925925925926,27
"Kcnt2",0.466138666138666,0.49999999999992,0.084207276379979,0.176112536015441,0.220142326373863,4.43243243243243,37
"Kif13a",0.489043209876543,0.500000000000083,0.137330639624435,0.608390771246108,0.849563733634384,2.33333333333333,36
"Kif16b",0.5375,0.473684210526315,1.60688675545335,2.4307219466894,2.78052833508067,1.9,20
"Kif1b",0.427954144620811,0.486111111112244,2.28091356946234,1.22136809668354,0.542506336046504,2.66666666666667,27
"Kif5b",0.480555555555556,0.564516129032142,0.13694334136157,0.303660880090586,0.384364246201977,3.1,20
"Kitl",0.481275720164609,0.484375000180459,0.732379379174137,0.798561287328785,0.794889232925832,2.37037037037037,27
"Klf12",0.503472222222222,0.487179487179524,0.42818714464532,0.393320616091811,0.352383143749941,3.25,36
"Klf7",0.512566137566138,0.523809523807225,0.928160979811386,0.908706090304444,0.849563733634384,2.33333333333333,27
"Kmt2a",0.384057971014493,0.404761904919297,0.832297352485357,2.81470745467072,3.81626405465891,1.82608695652174,23
"Kmt2c",0.663095238095238,0.63013698626945,0.60317371169962,0.606642977608168,0.576705288347763,2.60714285714286,28
"Kmt2e",0.473118279569892,0.472727272727273,998.999999999999,382.597272946137,4.93356821306712,1.7741935483871,31
"Krit1",0.671957671957672,0.589743589436659,0.474389692986951,0.977519125025328,1.21785152168959,2.16666666666667,18
"Ktn1",0.490555555555556,0.524590163926827,0.622874350345643,1.38219265919543,1.74980179827736,2.03333333333333,30
"Lama2",0.392117836735241,0.369444444444444,0.0279143582785453,0.0767619100628373,0.101050696167751,8.37209302325581,43
"Lamc1",0.50249053030303,0.485875706214419,0.228389630465048,0.23119823671866,0.220650787878572,4.425,40
"Ldb3",0.543078997026365,0.510489510489507,0.116929600656149,0.117395714599112,0.111483219717143,7.52631578947368,19
"Ldlrad4",0.572297651843106,0.585365853658537,0.150839669992397,0.242070368216194,0.282235133793277,3.72727272727273,33
"Lhfpl6",0.564523707286865,0.547872340425532,0.302312718126677,0.238825881606558,0.189425353326944,4.94736842105263,38
"Limch1",0.642998350855494,0.592592592592592,0.251959038418598,0.231521531525347,0.20747431020026,4.62857142857143,35
"Limd1",0.666666666666667,0.588235294057525,0.117705406695031,0.752808944358294,1.08152105846678,2.21739130434783,23
"Lims1",0.448055555555556,0.432432433284084,1.05329013784944,0.848257685513431,0.684663958388174,2.46666666666667,30
"Litaf",0.456521739130435,0.447368421082185,10.1606861354642,10.5781821563027,10.2632122548237,1.65217391304348,23
"Lmo7",0.488217751747164,0.513333333333334,0.0879738310503831,0.155641222399678,0.186691205002552,5,30
"Lncpint",0.513905286632559,0.402173913053637,0.0898329944550634,0.123610644077343,0.136691520270192,6.27272727272727,44
"Lnpep",0.528019323671498,0.490196078433937,0.257463211988726,0.805881528647039,1.08152105846678,2.21739130434783,23
"Lnx1",0.593333333333333,0.500000000007158,3.10247633881471,2.99866735809245,2.78052833508067,1.9,20
"Lonp2",0.570175438596491,0.540540540540541,60.0904328241768,24.3418322515923,2.32564075424282,1.94736842105263,19
"Lpl",0.418183135323095,0.512605042016807,0.0697191821124927,0.186964582185705,0.245120112899721,4.10344827586207,29
"Lpp",0.471286293600872,0.452702702709083,0.14165288896312,0.220247393543018,0.254232510139427,4,37
"Lrba",0.515600448933782,0.52173913042727,1.43247321279258,0.944078313984444,0.611087814805878,2.55555555555556,27
"Lrch1",0.509873949579832,0.545454545445635,0.429777872498322,0.801792533914589,0.975333297416522,2.26470588235294,34
"Lrch3",0.425595238095238,0.418181818181819,0.418410178245484,1.59319732696018,2.19066548066147,1.96428571428571,28
"Lrrc2",0.54985119047619,0.622222222222222,0.149449559399344,0.367963426232305,0.47532206188052,2.8125,16
"Lrrfip1",0.685833333333333,0.61363636363433,1.20998656977477,1.19628611237252,1.12533544516093,2.2,20
"Lrrfip2",0.531746031746032,0.500000000000704,0.166393797384065,0.674352009589349,0.933451900163375,2.28571428571429,21
"Ltbp4",0.5,0.394736842105263,0.440557439842288,1.43952945327403,1.94311800319201,2,19
"Luc7l2",0.577586367880486,0.583892617449664,0.065347450637158,0.177222377700387,0.23277612350484,4.25714285714286,35
"Macf1",0.263809523809524,0.354166666666721,1.2963951711326,2.17700005313588,2.57309554856596,1.92,25
"Magi1",0.44597424539285,0.468292682926941,0.248175688496994,0.224714365069851,0.199271840921762,4.76744186046512,43
"Malat1",0.475855017569721,0.487403598971722,0.000934607817113935,0.000934607817113935,NA,169.130434782609,46
"Man1a",0.482110682110682,0.459459459459459,0.0873624498419647,0.301983830068176,0.410559748882454,3,37
"Man2a1",0.68015873015873,0.719999999999993,0.651322664032173,0.567974436482746,0.489719144182654,2.77777777777778,27
"Map3k20",0.550925925925926,0.499999999997433,0.177177639225282,0.985532138159572,1.40247305493172,2.11111111111111,18
"Map4k3",0.515625,0.51470588186667,1.32546778015347,1.38869173490847,1.35222386396119,2.125,32
"Map4k4",0.534444444444444,0.525423728802865,5.19256648560216,3.39437552454551,2.17265432283992,1.96666666666667,30
"Mast2",0.460861495135689,0.459854014747174,0.219799701052506,0.228190077537228,0.221038485148073,4.41935483870968,31
"Mast4",0.567795414462081,0.50158730158727,0.0845433471483964,0.110817832454194,0.12022062808897,7,45
"Mb",0.476851851851852,0.478260869565217,0.713678326265755,0.671118230493245,0.611087814805878,2.55555555555556,18
"Mbnl2",0.516064463643515,0.52054794519889,0.11397031422198,0.166281381345606,0.187864314193108,4.97727272727273,44
"Mcc",0.462467997951869,0.440860215053763,1.50543322826967,0.840491720610344,0.410559748882454,3,31
"Mcu",0.331776556776557,0.378378378378379,0.610002212496095,0.53417591557158,0.462063398468592,2.84615384615385,26
"Med13l",0.403632478632479,0.440677966101695,0.641173175638368,0.875999298394383,0.966062486544101,2.26923076923077,26
"Mef2a",0.401785714285714,0.423076923076924,0.625304382615007,1.03482850083345,1.21785152168959,2.16666666666667,24
"Meis2",0.293333333333333,0.294117647058823,0.523332531735479,1.32149213509909,1.71482611926809,2.04,25
"Mfhas1",0.455882352941177,0.486486486508336,0.235567780755193,0.868191008895046,1.18938775474769,2.17647058823529,17
"Mfn1",0.527777777777778,0.515151515139537,0.0792504267269876,0.766892640329058,1.12533544516093,2.2,15
"Mgp",0.507142857142857,0.495327102836646,0.317060873772416,0.32895751309641,0.318532468214582,3.45161290322581,31
"Mhrt",0.583056758056758,0.580952380952381,0.288129662573913,0.207834147526061,0.1503168170286,5.83333333333333,18
"Mia2",0.501666666666667,0.46551724137931,0.369935657011665,0.711017597803454,0.871398196645043,2.32,25
"Mib1",0.430864197530864,0.42553191509484,2.80141890918199,4.94006071875872,5.92029643712526,1.74074074074074,27
"Mir100hg",0.541441441441441,0.524390243902439,0.678087751959115,0.967493086194449,1.08439354417803,2.21621621621622,37
"Mir99ahg",0.385648148148148,0.400000000003976,0.191765116836465,0.191148392533311,0.18072354376406,5.11904761904762,42
"Mitf",0.526602564102564,0.5,0.701050875639281,0.550591020652597,0.43432651100595,2.92307692307692,26
"Mkln1",0.595402298850575,0.555555555552725,0.113918098607192,0.359671785757477,0.483266210254748,2.79310344827586,29
"Mlip",0.445249087631359,0.355932203389831,0.14034855807581,0.143924330201649,0.138418263310682,6.21052631578947,19
"Mllt10",0.521988795518207,0.544444444419881,0.603396490958302,0.591347720129751,0.553215119789024,2.64705882352941,34
"Mllt3",0.564393939393939,0.54347826082112,998.999999999999,380.336881594657,1.48119715557264,2.09090909090909,22
"Mnat1",0.547058823529412,0.558823529411765,2.48527097173935,2.2160029463995,1.94311800319201,2,17
"Morrbid",0.478571428571429,0.520833333333321,13.9420266295292,5.90560498382169,0.933451900163375,2.28571428571429,21
"Mpdz",0.475170068027211,0.529411764698362,3.68712918089507,2.94785833155408,2.36382736680778,1.94285714285714,35
"Msi2",0.49794935966811,0.514851485237238,1e-06,1e-06,0.371366882153989,3.15625,32
"Msrb3",0.418939393939394,0.464646464646465,0.852403880310355,0.561738325555924,0.363567418652408,3.19354838709677,31
"Mtmr3",0.588174603174603,0.604938271604937,0.873937779242416,0.675861354637066,0.525381663688412,2.7,30
"Mtss1",0.583838383838384,0.533333333274166,0.89947770791428,1.44613776598274,1.68703734398736,2.04545454545455,22
"Mtus1",0.338095238095238,0.420000000000002,0.759740202172851,0.799669488668756,0.780712548433159,2.38095238095238,21
"Mycbp2",0.424731182795699,0.482758620689655,0.242609059419782,0.404945732484625,0.477773860951377,2.80645161290323,31
"Myh6",0.564314468752973,0.616379310343769,0.137896254335656,0.0867150628236451,0.0524629784379666,19.3333333333333,24
"Myl2",0.676785714285714,0.702127659574408,0.584738354401979,0.440328859084772,0.333380698555661,3.35714285714286,14
"Myo10",0.53871635610766,0.508771929823351,0.435453976937842,0.606526262073709,0.673804470983297,2.47826086956522,23
"Myo1d",0.584254992319509,0.5,1.33681365126768,0.927429792215846,0.641142518242416,2.51612903225806,31
"Myo1e",0.535416666666667,0.577777777777768,2.65235154582278,3.02229046039183,3.07768106659457,1.875,24
"Myo6",0.354761904761905,0.385964912702138,0.108516442741988,1.17860297364574,1.73718007162458,2.03571428571429,28
"Myo9a",0.496376811594203,0.523809523809524,998.999999999999,381.865733776511,3.81626405465891,1.82608695652174,23
"Myocd",0.592763772175537,0.51136363635624,0.892840945134441,0.455560408465611,0.177944849018501,5.17647058823529,17
"Myom1",0.598526077097506,0.514851485150048,1e-06,1e-06,0.197179361054914,4.80952380952381,21
"Myoz2",0.369557823129252,0.456521739130436,0.39198413542527,0.375231329279873,0.34575251837347,3.28571428571429,14
"Myzap",0.374746031746032,0.391304347826095,0.356352725391406,0.323762635914461,0.287808885193005,3.68,25
"N4bp2l2",0.482440476190476,0.508474576253558,0.858941012234597,1.25419701056388,1.41739111370517,2.10714285714286,28
"Nav1",0.558072916666667,0.625,0.247852821288399,0.422704584722662,0.501856166052474,2.75,32
"Nav2",0.588148148148148,0.666666666666666,0.21377268196483,0.395723926081995,0.480414187562966,2.8,15
"Nbea",0.470833333333333,0.445945945945486,0.381167198688279,0.723688369958091,0.884236395143457,2.3125,32
"Nbeal1",0.407518796992481,0.495867768579169,0.172112322353524,0.304670799257213,0.365508720433806,3.18421052631579,38
"Ncoa2",0.640229885057471,0.6,0.560370236952089,1.24411966025979,1.5751706903379,2.06896551724138,29
"Ncor1",0.479474548440066,0.472222222220023,0.184945916961631,0.508713346497617,0.669706219379613,2.48275862068966,29
"Ndfip1",0.429487179487179,0.442307692307701,998.999999999999,380.639317767258,1.94311800319201,2,26
"Neat1",0.521229333729334,0.562737642580846,0.0773890636318282,0.106808602133392,0.118246681418607,7.10810810810811,37
"Nedd4",0.415438165438165,0.383177570093458,0.0583322035756797,0.313547295045052,0.445058557224915,2.89189189189189,37
"Nek7",0.529166666666667,0.581081081081025,1.24085182321155,0.919483641980055,0.684663958388174,2.46666666666667,30
"Nexn",0.508680555555556,0.551020408159669,2.36310973959599,1.15511758556802,0.393645943391888,3.0625,16
"Nf1",0.508452380952381,0.534090909090909,0.0591057066708454,0.304600005787517,0.43094443230371,2.93333333333333,30
"Nfat5",0.485416666666667,0.430379746948014,0.164244536414998,0.509346832694054,0.682680564680687,2.46875,32
"Nfia",0.50279335538043,0.476190476191171,0.0928952575406651,0.110032947563431,0.114177739204961,7.35,40
"Nfib",0.472985987324223,0.447653429616008,0.0805133961149759,0.119668102467218,0.136075312088245,6.29545454545454,44
"Nfkb1",0.483333333333333,0.470588235322788,1.89267044827353,5.64935579650197,7.5307005598587,1.7,20
"Nid1",0.707264957264957,0.73015873015873,0.296267811958855,0.590270368676142,0.729704278821891,2.42307692307692,26
"Nipbl",0.553896103896104,0.495049504950494,0.268951155727223,0.394976189220223,0.447268629347231,2.88571428571429,35
"Nktr",0.510678210678211,0.492307692307692,1.02361920805069,1.79644069819641,2.15006461904259,1.96969696969697,33
"Nlk",0.601641414141414,0.508474576271186,1.80572014446323,1.13928013118035,0.69274283656745,2.45833333333333,24
"Nnt",0.559183673469388,0.605263157894615,1.22109488318853,0.803132374602778,0.518415814560628,2.71428571428571,14
"Nptn",0.341666666666667,0.372093023255814,1.00911846779293,1.21398206453435,1.26886656191223,2.15,20
"Nr3c1",0.448275862068965,0.450704225352113,0.578254007084226,0.679747503125175,0.702813695664332,2.44827586206897,29
"Nr3c2",0.546367521367521,0.581081081081081,1.1520674168077,0.740023461512697,0.462063398468592,2.84615384615385,26
"Nrdc",0.416666666666667,0.472222222222231,1e-06,1e-06,11.4979660059932,1.63636363636364,22
"Nrip1",0.565942028985507,0.446428571428571,998.999999999999,379.836472756875,0.71690605733483,2.43478260869565,23
"Nrp1",0.499303849303849,0.440677966101695,0.954793385325415,0.601211543448663,0.364470267205183,3.18918918918919,37
"Nsd1",0.438218390804598,0.424657534568142,1.29382487785435,0.910515889977868,0.640242840137343,2.51724137931034,29
"Nsmce2",0.515151515151515,0.488372093023256,33.0075768285231,14.0187019646654,2.26683624015548,1.95454545454545,22
"Ntn1",0.640350877192982,0.58,0.342546898961968,0.498069179180057,0.562040458269733,2.63157894736842,19
"Numb",0.476388888888889,0.476190475974183,0.508503057278199,1.13913274073056,1.44490363278778,2.1,30
"Nup98",0.43968253968254,0.465116279069768,998.999999999999,380.464563717142,1.6762103173161,2.04761904761905,21
"Nxn",0.517261904761905,0.449999999994925,0.105867127866611,0.885995893054634,1.29180812649614,2.14285714285714,28
"Obscn",0.544196428571429,0.508196721311463,0.112428897754308,0.221289277827826,0.2727737296382,3.8125,16
"Ogdh",0.543498168498169,0.478723404255298,0.174596216197232,0.284578680019679,0.333380698555661,3.35714285714286,28
"Osbpl9",0.568027210884354,0.547945205476203,1e-06,1e-06,0.576705288347763,2.60714285714286,28
"Oxct1",0.528985507246377,0.526315789473682,3.00924479438093,1.58391518009007,0.673804470983297,2.47826086956522,23
"Oxr1",0.506597222222222,0.509803921568627,1.86962056708131,1.59533203374183,1.35222386396119,2.125,24
"P4ha1",0.516025641025641,0.54545454478755,0.519037827823325,0.605442719722895,0.623670907119241,2.53846153846154,26
"Pafah1b1",0.625,0.526881720430107,1e-06,1e-06,0.439542616526801,2.90625,32
"Pakap",0.56137308458737,0.561497326195107,0.18517674582265,0.213569047603498,0.218788612795939,4.45238095238095,42
"Palld",0.520369868572483,0.508982035928117,0.138308013409856,0.143621426462005,0.139139144238586,6.18518518518519,27
"Palmd",0.55,0.513513513513514,0.829685366905894,2.55773398096673,3.42529485412443,1.85,20
"Pam",0.505319842862288,0.396825396825417,0.396045125430893,0.31307708459574,0.248466894455976,4.06451612903226,31
"Pan3",0.428955627705628,0.456692913469388,0.400300110990794,0.392595909791598,0.367450755180373,3.175,40
"Pard3",0.463541666666667,0.47297297329262,0.486655157696337,0.763747088568747,0.884236395143457,2.3125,32
"Parp8",0.462406015037594,0.454545454546172,0.193779346416338,0.648808389896915,0.878554659914412,2.31578947368421,19
"Parva",0.657407407407407,0.607843136831099,1.40917666607702,2.43843633739024,2.90698263298268,1.88888888888889,27
"Pbrm1",0.455072463768116,0.469387755102041,1.85545704317701,1.5775999560488,1.33335591449587,2.1304347826087,23
"Pbx1",0.502948552948553,0.493827160493842,0.213062932717433,0.227500420788627,0.223892475041718,4.37837837837838,37
"Pcdh7",0.57737916443173,0.596491228070176,0.135616288336259,0.111070285676103,0.0909839024209372,9.5,30
"Pcdh9",0.438888888888889,0.485714285714286,1.7556900057326,0.84013883953503,0.264871850924927,3.88888888888889,36
"Pcnx1",0.416666666666667,0.473684210526327,0.505816528933139,2.89504871363531,4.12833081517778,1.80952380952381,21
"Pcsk6",0.446382783882784,0.467532467532467,0.998878394249426,0.655616066777854,0.421994803994042,2.96153846153846,26
"Pde10a",0.515254287056613,0.50925925925893,0.194377610479541,0.19916567247112,0.191453356342757,4.90909090909091,22
"Pde1a",0.565178571428571,0.612903225806434,1.77180263929632,1.38593526833757,1.08913960238238,2.21428571428571,28
"Pde3a",0.555591283716284,0.5,0.207892167621985,0.199104901712939,0.183522095995477,5.0625,32
"Pde4b",0.356746031746032,0.362068965517242,0.202767215599213,0.227479158979386,0.229831517100305,4.2962962962963,27
"Pde4dip",0.69537037037037,0.666666666666667,0.492595496271729,0.984432721209421,1.21785152168959,2.16666666666667,18
"Pde7a",0.620833333333333,0.534883720995183,1.07745352038013,1.23993208450417,1.26886656191223,2.15,20
"Pde7b",0.252210884353742,0.330000000000558,0.907339068885679,0.542032517235921,0.301607671371303,3.57142857142857,28
"Pdgfd",0.497306397306397,0.507462686565449,0.401228787530836,0.315269145932153,0.248808378785823,4.06060606060606,33
"Pdlim5",0.488643579917134,0.554896142433183,0.0647853449602116,0.0947983367043589,0.107213159516201,7.83720930232558,43
"Pds5b",0.406481481481481,0.384615384615385,0.33551938088693,0.924783563468358,1.21785152168959,2.16666666666667,18
"Pdzd2",0.543115680615681,0.595588235294117,0.44271814804169,0.327630456908043,0.243624391986704,4.12121212121212,33
"Pdzrn3",0.448460144927536,0.343434343434385,0.56396429612818,0.364252181631625,0.229235206991023,4.30434782608696,23
"Pecam1",0.539393939393939,0.454545454548574,0.141966519586517,0.48247346620787,0.654557226027973,2.5,22
"Peli2",0.462878787878788,0.469387755114667,0.178921863624258,0.760555173922879,1.05784658806947,2.22727272727273,22
"Per3",0.491921768707483,0.506172839558771,0.313451534076534,0.410203653503482,0.444715823686596,2.89285714285714,28
"Pfkfb2",0.354166666666667,0.33333333338074,218.301115584071,83.9498209451203,1.6047128180859,2.0625,16
"Phactr2",0.56031746031746,0.507246376811594,1.03760590760253,0.843797294880831,0.686948308638524,2.46428571428571,28
"Phf20l1",0.5,0.491525423728813,0.636414481862932,1.66419121932808,2.17265432283992,1.96666666666667,30
"Phf21a",0.445833333333333,0.471698113219176,0.521093222377703,0.559020325260187,0.551576307801658,2.65,20
"Phkb",0.386363636363636,0.333333333333343,0.890846000472408,1.44285990239722,1.68703734398736,2.04545454545455,22
"Phlpp1",0.5625,0.52380952383564,0.371753994607407,0.618936007656604,0.729704278821891,2.42307692307692,26
"Pi4ka",0.625,0.59999999999988,1e-06,1e-06,3.93047967567736,1.81818181818182,22
"Picalm",0.63594470046083,0.651515150530654,0.732442157143084,1.15429955400065,1.33818373433401,2.12903225806452,31
"Pid1",0.510841836734694,0.477272727138952,0.56908913278885,0.461275731825164,0.374450104056767,3.14285714285714,28
"Pik3c2a",0.430864197530864,0.456521739132345,0.504024644140808,5.01118532527395,7.36141609320008,1.7037037037037,27
"Pip5k1b",0.708791208791209,0.755555555554949,1.68559331143823,0.875379360085496,0.359351955336407,3.21428571428571,14
"Pitpnc1",0.560873015873016,0.550387596899225,0.354567407972068,0.322634914555873,0.287121962874537,3.68571428571429,35
"Pkp4",0.590143369175627,0.56060606047304,1.16095905449415,1.31702748970359,1.33818373433401,2.12903225806452,31
"Plcb1",0.469169719169719,0.471153846519546,0.281495420306183,0.27335215228089,0.254232510139427,4,26
"Plcb4",0.477380952380952,0.469387755118225,0.444932889156374,0.725201752081022,0.849563733634383,2.33333333333333,21
"Plcl1",0.530146329365079,0.477272727272727,0.267927849033241,0.261047190485396,0.243307923162082,4.125,32
"Plekhg1",0.5625,0.470588235294118,0.451233626843183,2.72505093773263,3.90034562866126,1.82142857142857,28
"Plekhm2",0.519791666666667,0.573333333322389,0.787210026048951,0.546755674448527,0.378496351665992,3.125,24
"Pln",0.582080200501253,0.540983606557377,0.247096420069455,0.180786121385646,0.132804745756059,6.42105263157895,19
"Plod2",0.51461038961039,0.523809523809524,0.661158836047097,2.00785100864191,2.68318564895843,1.90909090909091,22
"Plpp1",0.498611111111111,0.466666666776244,0.396432149857752,0.579105984032389,0.654557226027973,2.5,24
"Plpp3",0.370666666666667,0.512820512820476,4.60648645454193,1.99786951255051,0.379650558534489,3.12,25
"Plxdc2",0.49461741961742,0.482051282051282,0.346030249234962,0.253637330571037,0.186691205002552,5,39
"Plxna2",0.4875,0.461538461538461,0.872930682812612,1.83987733877695,2.30380619272735,1.95,20
"Plxna4",0.496825396825397,0.499999999999914,2.63385862571555,1.9585572772091,1.46373181180901,2.0952380952381,21
"Pnisr",0.71875,0.586956521738917,1.8155686832786,2.39569060955182,2.60598828802056,1.91666666666667,24
"Pou2f1",0.547619047619048,0.5,0.787260331861953,3.00192610715258,4.12833081517778,1.80952380952381,21
"Pparg",0.331349206349206,0.5,2.50517359606462,1.30653013210213,0.542506336046504,2.66666666666667,21
"Ppip5k2",0.520833333333333,0.644444444444437,1.44392174288585,0.859535141480346,0.47532206188052,2.8125,16
"Ppp1r12a",0.391816816816817,0.42,0.159110379904024,0.4035344651005,0.524047619352497,2.7027027027027,37
"Ppp2r3a",0.471611721611722,0.439393939568582,6.88256704334286,3.14624365961958,0.813473930986786,2.35714285714286,28
"Prex2",0.418959611816755,0.371179039301311,0.389788348551708,0.256303747305683,0.165384014558222,5.45238095238095,42
"Prkca",0.518627450980392,0.494117647057947,1.31107136360516,0.760201532659124,0.400659749990378,3.03571428571429,28
"Prkce",0.487418300653595,0.456896551770614,0.358241265108019,0.34857417872823,0.324609028548266,3.41176470588235,34
"Prkch",0.499441687344913,0.447058823526431,0.314893693529532,0.450546200928111,0.505495888637073,2.74193548387097,31
"Prkd1",0.590666666666667,0.555555555555556,1.21177320139954,1.27063086089463,1.23784841139467,2.16,25
"Prkg1",0.147188352111951,0.123188405965758,0.116958976609271,0.18769749855129,0.218840439687293,4.45161290322581,31
"Prpf39",0.412698412698413,0.444444444444453,998.999999999999,383.888071428749,6.90504776217704,1.71428571428571,21
"Prrc2c",0.408333333333333,0.369565217391304,0.574066410423137,3.5339355028503,5.06453897330794,1.76923076923077,26
"Psme4",0.527764976958525,0.504201680672269,0.653955893344473,0.425119186466724,0.270004285990383,3.83870967741935,31
"Ptbp2",0.44047619047619,0.5,0.201743010746107,1.03496906899286,1.46373181180901,2.0952380952381,21
"Ptbp3",0.406666666666667,0.454545454555586,1.0076318957091,3.8668958244255,5.32161238966126,1.76,25
"Pten",0.560793650793651,0.583333333333333,1.52232235397702,1.85032625611,1.94311800319201,2,30
"Ptpn12",0.522486772486772,0.482142857226495,1.38391484451836,1.54197942287884,1.5524459620563,2.07407407407407,27
"Ptpra",0.334848484848485,0.377777778214373,0.255282279418076,1.20150659060444,1.68703734398736,2.04545454545455,22
"Ptprb",0.46994266994267,0.508474576265663,0.115757706800871,0.282590399705165,0.364470267205183,3.18918918918919,37
"Ptprg",0.546468317563093,0.574423480083858,0.121982737700573,0.100669940250334,0.0830065675426783,10.6,45
"Ptprk",0.385960960960961,0.44,0.200405601512333,0.292104393557118,0.329905528215751,3.37837837837838,37
"Ptprm",0.518780769883711,0.501369863013766,0.0064424418449214,0.0691340814114006,0.101854170738958,8.29545454545454,44
"Qki",0.568924768924769,0.557575757576333,0.105207095791684,0.18288880880411,0.218312058420967,4.45945945945946,37
"Qrich1",0.455411255411255,0.46511627906951,0.434225978326012,1.64907505952722,2.26683624015549,1.95454545454545,22
"R3hcc1l",0.489583333333333,0.473684210526316,998.999999999999,390.445856143458,16.920970949776,1.58333333333333,24
"Rab10",0.496794871794872,0.469387755102042,2.97816010074195,3.06762344616208,2.95795068500789,1.88461538461538,26
"Ralgapa1",0.413839285714286,0.467289719764282,1e-06,1e-06,0.337558483344204,3.34375,32
"Ralgapa2",0.661157390996101,0.566666666666666,0.544270949885515,0.495474500269124,0.44107756914411,2.90322580645161,31
"Ranbp9",0.52183908045977,0.568627450980392,3.80281182026691,4.95453798919099,5.3616001664029,1.75862068965517,29
"Rap1a",0.614583333333333,0.617021276595744,1e-06,1e-06,2.23020488341016,1.95833333333333,24
"Rap1gds1",0.600666666666667,0.559999999832431,1.03146641516774,1.66392526668876,1.94311800319201,2,25
"Rapgef1",0.407979407979408,0.435897435925174,1.08699445005444,1.33840819943604,1.41373867557374,2.10810810810811,37
"Rapgef2",0.464247311827957,0.465909091008804,0.363287418631549,0.442372353431625,0.464943338334937,2.83870967741935,31
"Rapgef5",0.356810381810382,0.380952380952382,0.215108888255649,0.294870787896666,0.325602828192564,3.4054054054054,37
"Rapgef6",0.568181818181818,0.524999999996911,998.999999999999,381.960244689672,3.96061372269345,1.81818181818182,22
"Raph1",0.4,0.396551724137931,998.999999999999,379.93762431033,0.871398196645043,2.32,25
"Rasa1",0.455128205128205,0.450000000013578,1.51487596360978,16.4945694297782,24.3140776501875,1.53846153846154,26
"Rasal2",0.419384804868676,0.483516483529447,0.197754649896865,0.200105032253481,0.190929388988302,4.91891891891892,37
"Rasgrf2",0.492424242424242,0.435897435897442,998.999999999999,382.622276189448,4.97175650001792,1.77272727272727,22
"Rb1",0.494761904761905,0.5,0.32436331774654,0.487992905615636,0.557197106883954,2.64,25
"Rbfox1",0.476260504201681,0.507692307692138,0.112669783450938,0.220612697791676,0.271600652692275,3.82352941176471,17
"Rbfox2",0.429824561403509,0.564102564103066,998.999999999999,380.448425945116,1.65156256017496,2.05263157894737,19
"Rbm20",0.610046961424617,0.568047337278107,0.0145738337626971,0.0444357804224307,0.0594154250494949,16.0952380952381,21
"Rbm24",0.617777777777778,0.638888888307672,0.614325212054615,0.728680267275343,0.756629038560198,2.4,15
"Rbm25",0.511363636363636,0.494949494949495,0.0549797509588223,0.289686602644198,0.410559748882454,3,33
"Rbm39",0.571465201465201,0.490740740740784,0.150356851303083,0.3110235551986,0.387829669550873,3.08571428571429,35
"Rbm6",0.502222222222222,0.467741935483871,0.410633804893125,1.19406851669494,1.58557304099405,2.06666666666667,30
"Rbms1",0.500525236536317,0.535135135134563,1e-06,1e-06,0.192992295532384,4.86842105263158,38
"Rbms3",0.452496159754224,0.405660377424105,0.22552202195045,0.29740369757974,0.323431808038862,3.41935483870968,31
"Rbpms",0.49797410192147,0.478873239475219,0.0584037380526326,0.206248624875235,0.281136231655581,3.73684210526316,38
"Rcsd1",0.392982456140351,0.395348837383463,0.289937228334888,0.750786481693202,0.978537627271848,2.26315789473684,19
"Rdx",0.585833333333333,0.619047618857765,1.35816032763316,1.46178740035902,1.44490363278778,2.1,20
"Rere",0.492559523809524,0.581081081081081,1.10711514819282,0.784179660289192,0.55557694852986,2.64285714285714,28
"Rhoa",0.518589743589744,0.446808510638298,0.463480739715902,2.90308852704879,4.16516504794396,1.80769230769231,26
"Rhoj",0.544229274998506,0.564935064935065,0.595522218394378,0.395740811694277,0.25902524639232,3.94871794871795,39
"Rhoq",0.572727272727273,0.553571428571428,1.64658540339893,1.03020333371862,0.618444357728187,2.54545454545455,22
"Rlf",0.528070175438596,0.450000000077344,998.999999999999,380.29979137441,1.42454802584852,2.10526315789474,19
"Rnf169",0.518589743589744,0.559999999999532,0.673997990260985,1.92113565193606,2.54329568470563,1.92307692307692,26
"Rock1",0.497350230414747,0.467532467612713,0.362668121995013,0.57554546567782,0.668702263821482,2.48387096774194,31
"Rock2",0.444579945799458,0.500000000033528,0.832555440014364,0.53889092273304,0.340183914112598,3.31707317073171,41
"Ror1",0.562420634920635,0.531249999891917,0.429063377120237,0.400108311012648,0.36224200162358,3.2,30
"Rora",0.516251189471004,0.562130177514793,0.142760491574793,0.124214629309572,0.106916058718773,7.86046511627907,43
"Rptor",0.477272727272727,0.487179487105323,0.933380318244121,3.60963580397175,4.97175650001793,1.77272727272727,22
"Rrbp1",0.325396825396825,0.342857142909693,0.721167229659801,6.37243993561048,9.31456293511972,1.66666666666667,21
"Rsbn1l",0.373106060606061,0.317073170731708,1.00315406071217,2.49496809412344,3.22881858054481,1.86363636363636,22
"Rtn3",0.488636363636364,0.519999999976354,0.579567689895914,0.847977339852111,0.958994796927827,2.27272727272727,22
"Rtn4",0.613571428571429,0.560606060218839,1.01884965535144,0.611602230514259,0.34318767330161,3.3,20
"Ryr2",0.488089519300547,0.519900497512541,0.0250940545526182,0.0308129868310108,0.0325071502460452,50.25,24
"Samd12",0.41921768707483,0.397058823637362,1.18466080003805,0.923656717334434,0.723628428920057,2.42857142857143,28
"Samd4",0.604292929292929,0.543478260869565,0.835451858882147,0.635100355242528,0.485447864422109,2.78787878787879,33
"Sash1",0.401515151515151,0.367088607594937,0.371174434353196,0.544456557452754,0.616285476824652,2.54838709677419,31
"Sbf2",0.585119047619048,0.547945205479452,0.263827458902921,0.477777311989169,0.576705288347764,2.60714285714286,28
"Schip1",0.489583333333333,0.546875,1.35483228893318,1.78672243394146,1.94311800319201,2,32
"Scn7a",0.622222222222222,0.615384615376857,0.562051348247745,2.38730672740731,3.3202233596764,1.85714285714286,21
"Sdc2",0.664393939393939,0.649122807017544,0.377512421585607,0.527683222775588,0.586990971066263,2.59090909090909,22
"Sdk1",0.52394419306184,0.499999999999987,1.06301686041106,0.553604229316416,0.228988413870856,4.30769230769231,13
"Sec24b",0.485507246376812,0.485714285737325,8.39839020529309,21.5528180414125,28.0472711028473,1.52173913043478,23
"Senp6",0.475,0.529411764705882,1.1867754516059,1.33602376204231,1.35222386396119,2.125,24
"Septin11",0.37,0.4186046511628,0.769465435427661,4.66217441100085,6.67440443118725,1.72,25
"Septin7",0.422222222222222,0.388888889906509,0.253403330916078,0.755201505412499,1.0064705006687,2.25,24
"Serinc3",0.341666666666667,0.352272727430983,0.388621176819692,0.476160922266191,0.501856166052474,2.75,32
"Serpine1",0.452380952380952,0.479166666666815,0.958397882378976,0.574783422303643,0.322015108551957,3.42857142857143,14
"Sesn1",0.48698752228164,0.51851851851889,0.478215741641584,0.421979902327284,0.367138840669087,3.17647058823529,17
"Setbp1",0.463731060606061,0.462365591397849,2.29399902162546,1.15924306417731,0.440031140810708,2.90625,32
"Setd5",0.487301587301587,0.511904761890387,0.448720271045509,0.575317840419849,0.618444357728188,2.54545454545455,33
"Sf3b1",0.501190476190476,0.535714285714286,1.40697656595441,1.09053479390306,0.849563733634384,2.33333333333333,24
"Sh3d19",0.580128205128205,0.541666666666667,2.90656909055972,3.38481503697382,3.48393076061337,1.84615384615385,26
"Sh3rf1",0.398245614035088,0.421052631578947,2.12902735842794,2.0807205615977,1.94311800319201,2,19
"Shld1",0.686274509803922,0.687499999999999,0.103265288260618,0.347534618354524,0.470907339908985,2.82352941176471,17
"Sik2",0.587878787878788,0.673913043478261,1.03126858516429,1.36141396876992,1.48119715557264,2.09090909090909,22
"Sik3",0.453836272128955,0.478787878790631,0.162327833726011,0.226649672044342,0.252019455541305,4.02439024390244,41
"Slain2",0.4375,0.368421052631579,0.545214296088611,2.02755518996862,2.78052833508067,1.9,20
"Slc1a5",0.46195652173913,0.433962264168593,0.756877742009579,0.875813854216255,0.89867060297407,2.30434782608696,23
"Slc25a12",0.455555555555556,0.424242424242424,0.347804845585229,0.868875331034719,1.12533544516093,2.2,15
"Slc25a13",0.37037037037037,0.354166666724944,0.423275515591264,0.397910388913038,0.36224200162358,3.2,15
"Slc38a2",0.44375,0.483870967969137,0.64324941975108,1.82248140600031,2.41045193730885,1.9375,16
"Slc8a1",0.501174934391422,0.518382352907608,0.184269477975895,0.108209075963731,0.0583950314625865,16.4848484848485,33
"Slco3a1",0.590270935960591,0.535087719301087,0.201350642269727,0.247167485647481,0.260723767229144,3.93103448275862,29
"Slit2",0.3225,0.302325581395685,21.1576036843361,8.86530556448746,1.26886656191223,2.15,20
"Slit3",0.642075892857143,0.510416666666667,2.50790739295546,1.22117811226317,0.410559748882454,3,32
"Slk",0.613333333333333,0.603773584414586,0.249630750049318,0.991765314565906,1.36997038875172,2.12,25
"Slmap",0.582291666666667,0.599999999999991,4.12306095304188,1.92460142038714,0.548132549973661,2.65625,32
"Sltm",0.432091097308489,0.431818181818182,1.31988434007648,2.23134743572349,2.64247839958399,1.91304347826087,23
"Smchd1",0.5,0.461538461540903,0.20650202844893,2.25228799836978,3.3202233596764,1.85714285714286,21
"Smg1",0.428388278388278,0.446153846153846,0.242598052939086,0.520687972544288,0.654557226027973,2.5,26
"Smg6",0.420807453416149,0.4375,0.0447874197690421,0.336301255899537,0.487667414711181,2.78260869565217,23
"Smyd3",0.487460317460317,0.461538461538462,0.7785997119421,0.558416109541517,0.401299705046659,3.03333333333333,30
"Snd1",0.565201465201465,0.524590163934426,0.659226205071068,0.793567347381402,0.829690662959308,2.34615384615385,26
"Snrk",0.355034722222222,0.337837838602476,0.0132959624797549,0.583990432157386,0.884236395143457,2.3125,32
"Snta1",0.562222222222222,0.624999999957109,998.999999999999,380.233610700053,1.32346807588215,2.13333333333333,15
"Snx13",0.391666666666667,0.382978723939309,3.72534066795426,3.38840606031197,3.01452793536968,1.88,25
"Socs2",0.395833333333333,0.474999999975107,3.8299946590694,7.55300731386729,9.31456293511972,1.66666666666667,24
"Son",0.394700460829493,0.402061855670103,0.124398173521936,0.294450028348868,0.377572402655448,3.12903225806452,31
"Sorbs1",0.56161259819195,0.49999999999979,0.0783357947364462,0.0751588477591563,0.0693578525303458,13.1724137931034,29
"Sorbs2",0.419126046444595,0.434285714285715,0.427421465667791,0.237683613848033,0.11511765612991,7.29166666666667,24
"Sorbs2os",0.586666666666667,0.575,1.28818405173077,0.844382203874086,0.542506336046504,2.66666666666667,15
"Sos2",0.386904761904762,0.371428571453789,0.09249312613112,0.463686101604554,0.654557226027973,2.5,14
"Spag9",0.553846153846154,0.575471698113207,0.372805124961182,0.479849291761264,0.516662845805885,2.71794871794872,39
"Sparc",0.335714285714286,0.298245614035104,0.716663215379947,0.890585117013892,0.944555670465515,2.28,25
"Spop",0.505555555555556,0.458333333326076,0.512303247334396,1.46677469662547,1.94311800319201,2,24
"Spred1",0.515432098765432,0.469387754650202,1.50845530431771,3.20788435515337,4.02460462859998,1.81481481481481,27
"Sptan1",0.69552380952381,0.656716417910434,0.493774542183543,0.538121609797806,0.535501837564728,2.68,25
"Sptbn1",0.512411053342823,0.479919678738594,0.112385242102807,0.0960725757681859,0.0815514069703142,10.8260869565217,46
"Srek1",0.633333333333333,0.58695652173913,1.20384267054358,3.77309104466819,5.06453897330794,1.76923076923077,26
"Srgap2",0.327564102564103,0.39622641509434,0.237406229926155,1.21813147174705,1.72279718782448,2.03846153846154,26
"Ssbp2",0.520114942528736,0.507692307920444,0.251855154470655,0.767055883081818,1.02547402916732,2.24137931034483,29
"Ssh2",0.478460278460278,0.475409836084801,0.527360798045815,0.425276197550665,0.34366924952581,3.2972972972973,37
"St3gal6",0.343086080586081,0.318840580443075,0.370298967045119,0.500365108831544,0.54945090866921,2.65384615384615,26
"St6galnac3",0.560259103641457,0.537735849056604,1.24310741423368,0.720994747155927,0.38019701023395,3.11764705882353,34
"Stag1",0.596212121212121,0.548387096774194,0.104285529165056,0.349317680581678,0.47303893055935,2.81818181818182,33
"Stard13",0.520251778872469,0.615384615145568,0.457670012541952,0.419687867075168,0.375554661705141,3.13793103448276,29
"Stat3",0.553205128205128,0.578947367273856,0.889463981591337,1.08786554365253,1.14564419768232,2.19230769230769,26
"Stat5b",0.398412698412698,0.423076923076923,0.766654074960319,0.733547467764274,0.675712135621649,2.47619047619048,21
"Stim1",0.291369047619048,0.358490566038384,0.210147418214368,1.95289511975157,2.86083631033623,1.89285714285714,28
"Stox2",0.439880403413012,0.469273743017036,0.0538199646393898,0.162694177397568,0.217272660787707,4.475,40
"Strn3",0.568759018759019,0.584269662921348,0.281124389710758,0.451727712482271,0.526886646832349,2.6969696969697,33
"Stxbp6",0.555849974398361,0.554347826068225,0.119217206539381,0.320321988943546,0.420092471320268,2.96774193548387,31
"Sulf1",0.444444444444444,0.476190476892573,0.903184208187437,4.02347521692045,5.62134097389445,1.75,24
"Susd6",0.490740740740741,0.508474576296372,0.746512141553959,1.04624435624527,1.16498683800398,2.18518518518519,27
"Svil",0.346031746031746,0.340909090909091,0.522764887603896,1.15687611083759,1.46373181180901,2.0952380952381,21
"Syne1",0.483563748079877,0.506329113751083,0.869536860494187,0.73370811168351,0.616285476824652,2.54838709677419,31
"Synpo2",0.425701110483719,0.477272727285835,0.818552411205322,0.488492338728581,0.271330233519032,3.82608695652174,23
"Tacc1",0.447288006111536,0.488888888888903,0.883960937996857,0.697891181030468,0.553215119789024,2.64705882352941,34
"Tacc2",0.586547619047619,0.64,0.887033659491509,0.765410354779385,0.654557226027973,2.5,20
"Tanc1",0.507407407407407,0.500000000000033,0.505561113779262,0.654717183545299,0.706745932342881,2.44444444444444,27
"Tasor",0.490333333333333,0.446153846153846,0.522700373824221,0.579009838190248,0.581174809377857,2.6,25
"Tasp1",0.604166666666667,0.555555555141287,998.999999999999,401.621325040275,33.9896371115138,1.5,24
"Tbc1d4",0.470750988142292,0.551020407889605,2.21328149404381,1.71348265890961,1.33335591449587,2.1304347826087,23
"Tbc1d5",0.524722222222222,0.517241379333524,0.159874836852535,0.235603713182261,0.267117999225903,3.86666666666667,30
"Tcf12",0.588147566718995,0.58,0.00943415753356681,0.303361729428926,0.457862670044977,2.85714285714286,35
"Tcf4",0.429412435390696,0.474226804127347,0.0708596286518504,0.110844613671681,0.12819808866314,6.61363636363636,44
"Tcf7l2",0.608024691358025,0.53061224476525,1.54903872201521,3.22329577959546,4.02460462859998,1.81481481481481,27
"Tcim",0.537719298245614,0.5,0.391877292624007,0.628063858328139,0.731974036564587,2.42105263157895,19
"Tead1",0.385,0.428571428577663,0.142352011013487,0.471795850517731,0.638025362636259,2.52,25
"Tecrl",0.282482993197279,0.384615384615417,0.103202875516404,0.357626453844449,0.486357136038908,2.78571428571429,14
"Tef",0.559722222222222,0.571428571428571,0.987077633298184,4.05533347962073,5.62134097389445,1.75,24
"Tek",0.306410256410256,0.377049180327869,0.536886417185503,0.747109200083086,0.829690662959308,2.34615384615385,26
"Tenm3",0.593137254901961,0.606060606059929,998.999999999999,380.924249076279,2.37830308916986,1.94117647058824,17
"Tgfbr3",0.642857142857143,0.558823529411763,0.14557360944345,0.287494229286796,0.3546668260535,3.23809523809524,21
"Thsd7a",0.572579619281268,0.445454545454545,1.84857925651316,0.881955671703622,0.274864327137698,3.79310344827586,29
"Timp3",0.494047619047619,0.557142857142109,0.669917011462009,0.682960994768183,0.654557226027973,2.5,28
"Tlr4",0.565,0.50000000000255,1.1768823759057,0.827433383284482,0.581174809377857,2.6,20
"Tmcc1",0.55,0.540540540500452,1.52742510064905,6.1069598167018,8.44145673499943,1.68181818181818,22
"Tmem245",0.384615384615385,0.326086956522724,998.999999999999,382.683024207753,5.06453897330794,1.76923076923077,26
"Tmem65",0.564814814814815,0.60377358490566,1.12610066120334,1.86855825130049,2.20077291898835,1.96296296296296,27
"Tmod3",0.512345679012346,0.539999999801767,998.999999999999,381.591609005348,3.39758415416927,1.85185185185185,27
"Tmtc1",0.521333333333333,0.5,3.45166745643668,2.12122361597203,1.23784841139467,2.16,25
"Tnfaip8",0.680555555555556,0.777777777777778,84.679468010555,32.5853221336642,0.654557226027973,2.5,18
"Tnik",0.371212121212121,0.355555555559351,1.33247185382547,1.61056592265788,1.68703734398736,2.04545454545455,22
"Tnks",0.41304347826087,0.380952380995117,0.115353940645079,2.54245046283264,3.81626405465891,1.82608695652174,23
"Tnks2",0.590151515151515,0.551020408163265,0.711529651770075,0.96281129600357,1.05784658806947,2.22727272727273,22
"Tnni3k",0.553299916457811,0.527472527472498,0.0444755498578135,0.137275874036494,0.183870199360873,5.05555555555556,18
"Tnnt2",0.669345238095238,0.679999999910207,0.684410954635571,0.393418830528207,0.203923340138116,4.6875,16
"Tnpo1",0.510897435897436,0.499999999999987,0.526310180347164,1.86505167348777,2.54329568470563,1.92307692307692,26
"Tnrc18",0.46875,0.413793103448276,998.999999999999,382.031536919685,4.06950072199944,1.8125,16
"Tnrc6b",0.359848484848485,0.365079365079406,1.15775122654067,0.810165591677388,0.565897202295008,2.625,24
"Tnrc6c",0.481825396825397,0.423076923076923,0.206124082437949,0.458790993360018,0.581174809377857,2.6,30
"Tom1l2",0.505357142857143,0.589285714285714,1.33765883454317,1.78020086898323,1.94311800319201,2,28
"Top1",0.487096774193548,0.5,8.54605452454302,3.8930025477129,0.989200933638546,2.25806451612903,31
"Tpm1",0.638988095238095,0.651515151515152,0.135007877769708,0.37985207452569,0.501856166052474,2.75,24
"Tpp2",0.5875,0.627906976744185,2.21472188016163,3.79338000990745,4.50921704463823,1.79166666666667,24
"Tra2a",0.352380952380952,0.392156862767715,11.1062318415014,6.77125279140033,3.90034562866127,1.82142857142857,28
"Trak2",0.431818181818182,0.409090909090912,7.41071307848218,4.08642399959298,1.94311800319201,2,22
"Trdn",0.574437723807472,0.534351145038168,0.186252958989037,0.160850454595675,0.137645544772153,6.23809523809524,21
"Trip12",0.51505376344086,0.507936507936508,4.37724398938996,2.81166634830826,1.75555022213664,2.03225806451613,31
"Trpm7",0.495679012345679,0.508196721150301,4.04520560915477,2.18217082373704,0.986682984811274,2.25925925925926,27
"Tshz2",0.601237003868583,0.56,0.963143730812528,0.529030686310532,0.24938283768702,4.05405405405405,37
"Tspan13",0.416666666666667,0.341463415282705,1.1962111083709,5.14014218592286,7.15690805577772,1.70833333333333,24
"Tspan9",0.344202898550725,0.465116279069768,4.59709206773512,3.80723886243634,3.14860942327474,1.8695652173913,23
"Ttc14",0.425,0.409090909372319,0.915547265958775,2.76420378172775,3.69084316170277,1.83333333333333,24
"Ttc17",0.556140350877193,0.514285714777283,2.01619374002111,3.08818363363705,3.54729343389607,1.84210526315789,19
"Ttc19",0.571969696969697,0.568181817570576,3.49801768306993,2.60059030513263,1.94311800319201,2,22
"Ttc28",0.595701058201058,0.6195652173913,0.571638354123361,0.617179000565754,0.611087814805878,2.55555555555556,36
"Ttc3",0.598484848484849,0.571428571426249,45.068650934554,18.8714556030116,2.68318564895843,1.90909090909091,22
"Ttc7b",0.592132505175983,0.58695652173913,0.988934195013637,1.64777379068087,1.94311800319201,2,23
"Ttn",0.499272266428996,0.467741935483871,0.0118677742032143,0.0280965916218586,0.0360295518992544,38.75,32
"Tulp4",0.52,0.432432432563722,998.999999999999,406.100949008693,40.831516119278,1.48,25
"Txlnb",0.403508771929825,0.428571428604267,0.978224365885543,1.0906914923561,1.09847934044493,2.21052631578947,19
"Uap1",0.478679653679654,0.306451613075188,1.40199782916568,0.842119819822421,0.47303893055935,2.81818181818182,22
"Ube2b",0.689655172413793,0.704918032786814,0.378942247055867,1.08116587022797,1.43151416916911,2.10344827586207,29
"Ube2d3",0.459733893557423,0.432098765446455,0.283843003529753,0.617749339483759,0.778880215790937,2.38235294117647,34
"Ube2e2",0.548933531746032,0.568627450980392,0.234776783727337,0.328017627264106,0.364821721479523,3.1875,32
"Ube2h",0.518271051864802,0.494623655981268,0.330192209013612,0.413493641666479,0.440031140810708,2.90625,32
"Ube2k",0.459420289855072,0.48000000008683,1.28842014575407,1.2728009041191,1.19670756302054,2.17391304347826,23
"Ube3c",0.38,0.341463414634146,1.12414668470778,7.73285382284665,11.1586403282973,1.64,25
"Ube4b",0.612745098039216,0.558823529243976,1e-06,1e-06,1.84933411266433,2,17
"Ubn2",0.48,0.516666666666497,0.301823585223663,0.610008763415488,0.756629038560198,2.4,25
"Ubr2",0.633333333333333,0.557142857131228,0.188318719065068,0.41801369833307,0.529221398196302,2.69230769230769,26
"Ubr3",0.535008818342152,0.530120481927247,0.328586482348586,0.38059597035514,0.39071675229357,3.07407407407407,27
"Ubr5",0.520238095238095,0.482142857142857,0.925913690040832,1.62384195334943,1.94311800319201,2,28
"Ubxn4",0.495614035087719,0.527777777691051,0.794592421554744,2.16077776009246,2.8393642944128,1.89473684210526,19
"Ugp2",0.57034632034632,0.533333333333333,1.8200998669198,1.79574111750382,1.68703734398736,2.04545454545455,22
"Ulk2",0.631578947368421,0.58064516127384,0.0616023331832267,7.77369338952563,11.8372916836892,1.63157894736842,19
"Unc13b",0.485507246376812,0.514285714284967,6.75687176510843,20.929456608431,28.0472711028473,1.52173913043478,23
"Usp13",0.377450980392157,0.437500000000853,998.999999999999,381.321791240989,2.98548248873732,1.88235294117647,17
"Usp15",0.504968944099379,0.555555555499125,0.82793966031691,1.78825082315392,2.25105008757995,1.95652173913043,23
"Usp24",0.522946859903382,0.444444444444444,2.0909096364537,1.33559784264615,0.8271755158584,2.34782608695652,23
"Usp25",0.413333333333333,0.375000000000003,1.42919363954249,2.22742985126621,2.57309554856596,1.92,25
"Usp34",0.489736164736165,0.519607843137255,0.343628424973464,0.457105710498224,0.498848302016346,2.75675675675676,37
"Utrn",0.511149961149961,0.509615384615384,0.237720870445533,0.334182348262601,0.37252973505467,3.15151515151515,33
"Vav3",0.501842403628118,0.455696202531646,0.439193238392717,0.475649192343563,0.471742788171626,2.82142857142857,28
"Vcl",0.385119047619048,0.406250001292415,0.612261250901749,0.843668764089736,0.933451900163375,2.28571428571429,28
"Vegfc",0.480113636363636,0.542857142857144,0.858422049447381,0.611759883680145,0.436476473661326,2.91666666666667,24
"Vgll4",0.541666666666667,0.520000000011533,1.8169294810967,2.35516026870911,2.54329568470563,1.92307692307692,26
"Vim",0.497252747252747,0.46153846154433,0.776379243399298,1.56705672044758,1.94311800319201,2,26
"Virma",0.388888888888889,0.423076923567175,0.846241662413901,4.36469998025577,6.17553160564392,1.73333333333333,15
"Vmp1",0.46969696969697,0.512195122605756,998.999999999999,381.481112121701,3.22881858054481,1.86363636363636,22
"Vps13a",0.533106575963719,0.543859649053484,0.866669414747778,0.668540424561986,0.518415814560628,2.71428571428571,21
"Vps13b",0.397126436781609,0.445945945936692,0.567528181996049,0.617427962220905,0.613851962074353,2.55172413793103,29
"Vps13d",0.548076923076923,0.559322033148566,0.930598977539918,0.985907830762061,0.966062486544101,2.26923076923077,26
"Vps54",0.492424242424242,0.469387755107298,4.82697547983144,2.52563882564713,1.05784658806947,2.22727272727273,22
"Vti1a",0.550820105820106,0.546511627821908,0.667027938094472,0.550727636581656,0.454268472844256,2.86666666666667,30
"Wac",0.553921568627451,0.597560975609756,0.737382271745392,0.766232388810122,0.742610550896999,2.41176470588235,34
"Wapl",0.511355311355311,0.482142857151485,0.00149283312456312,0.823430985747133,1.25678774901888,2.15384615384615,26
"Wasf2",0.330128205128205,0.357142857142857,0.446322279799566,0.992353560433844,1.25678774901888,2.15384615384615,26
"Washc4",0.28,0.311111111111111,1.84619193221646,3.53301904593808,4.32530643547721,1.8,25
"Wdfy3",0.417233560090703,0.428571428571429,0.576914078237779,0.647643425189361,0.654557226027973,2.5,28
"Wdr33",0.484375,0.531250000000001,9.79647143468824,4.99240818549401,1.94311800319201,2,32
"Wipf1",0.448484848484848,0.500000000191715,1.18955146977224,1.45134238886662,1.52674375612772,2.08,25
"Wnk1",0.51327485380117,0.519607842954777,0.292652829376975,0.324874503494662,0.326453017298867,3.4,30
"Wwc2",0.533333333333333,0.541666666666642,0.491472237789149,3.35684504186589,4.84196742935879,1.77777777777778,27
"Wwox",0.426445578231292,0.463768115942029,1.64706945929089,1.07523914995236,0.686948308638524,2.46428571428571,28
"Wwtr1",0.479166666666667,0.459016393442623,3.91435927133591,3.26278982032324,2.71303927486553,1.90625,32
"Xdh",0.494444444444444,0.5,0.261591830561119,1.11578080998368,1.5524459620563,2.07407407407407,27
"Xrn1",0.651388888888889,0.666666666666666,1e-06,1e-06,3.04610450098212,1.875,24
"Yap1",0.493589743589744,0.499999999994781,0.498153358787686,16.1084722380736,24.3140776501875,1.53846153846154,26
"Yes1",0.479710144927536,0.469387755105186,0.434646292085857,1.03805156955849,1.33335591449587,2.1304347826087,23
"Ythdf3",0.511721611721612,0.507042253521085,0.166810441986248,0.397672717291284,0.510628740524197,2.73076923076923,26
"Ywhae",0.404761904761905,0.358974358974359,998.999999999999,381.540958114148,3.3202233596764,1.85714285714286,21
"Zbtb16",0.447257708751517,0.465648854961832,0.183142255480033,0.145068325275772,0.115345180626109,7.27777777777778,36
"Zbtb38",0.361111111111111,0.375000000000001,998.999999999999,382.537298622452,4.84196742935879,1.77777777777778,27
"Zbtb7c",0.376984126984127,0.461538461538603,0.083470849736822,2.20556729759303,3.3202233596764,1.85714285714286,21
"Zcchc7",0.426447876447876,0.403361344578644,0.530066710707879,0.43631912014101,0.358966043951466,3.21621621621622,37
"Zeb1",0.662236987818383,0.680628272251303,0.342628770550285,0.273827089813974,0.219500554923378,4.44186046511628,43
"Zeb2",0.545666666666667,0.565217391304348,0.705887362804414,0.593735668840328,0.497417607782234,2.76,25
"Zfand3",0.548571428571429,0.510204081633712,0.148714591445713,0.371018322087394,0.480414187562966,2.8,35
"Zfc3h1",0.597842056932966,0.585714285714286,0.660384916407215,1.14490835478293,1.36563344235561,2.12121212121212,33
"Zfp148",0.407881773399015,0.380952380952381,1.08555391821347,1.19859495110342,1.20103274942148,2.17241379310345,29
"Zfp407",0.608685064935065,0.525,1.20925403650313,0.758989531569267,0.457862670044977,2.85714285714286,28
"Zfp521",0.598839151045033,0.528846153846154,0.108935640003218,0.299719506117944,0.394588921142274,3.05882352941176,34
"Zfp644",0.414,0.441860465131791,0.097615144083718,4.40704138897151,6.67440443118726,1.72,25
"Zfpm2",0.521512855336385,0.518324607329958,0.120268188897413,0.171431634836456,0.192077700713048,4.8974358974359,39
"Zfr",0.591333333333333,0.536231884057713,0.964456596263429,0.691926516989321,0.497417607782234,2.76,25
"Zfyve9",0.444444444444444,0.484848484711718,998.999999999999,381.783616212376,3.69084316170277,1.83333333333333,18
"Zhx2",0.565972222222222,0.565217391304348,1.88913462849961,2.42362704444587,2.60598828802056,1.91666666666667,24
"Zhx3",0.358058608058608,0.294117647058826,0.433461667392415,1.61271112997922,2.21173969876732,1.96153846153846,26
"Zmiz1",0.553703703703704,0.5,0.17354260103191,0.466003398125962,0.611087814805878,2.55555555555556,18
"Znrf1",0.558641975308642,0.562499999995109,3.73232803080009,4.58754977338903,4.84196742935879,1.77777777777778,27
"Zswim6",0.558367346938776,0.494845360824742,0.644278575340864,0.567081791710343,0.492441349507896,2.77142857142857,35
