"gene","statistic","df","p_intercept","p_sex","pvalue","phi_raw","phi_used","padj"
"1700025G04Rik",NA,34,0.275874116730861,0.825100174595692,0.275874116730861,1.38680583195639,1.55475921377947,0.649365999132695
"5031425E22Rik",NA,23,0.613057544551398,0.524887480221664,0.524887480221664,1.38924017436781,1.50110040624902,0.766942789818405
"9530026P05Rik",NA,26,0.746127146574538,0.679327165146135,0.679327165146135,1.24215873130634,1.55302966443785,0.789782475398015
"AW554918",NA,30,0.133053293980206,0.176145417757241,0.133053293980206,1.20277810195869,1.50921238488195,0.649365999132695
"Abca1",NA,31,0.615425160209004,0.867554550094828,0.615425160209004,1.02046676527049,1.5481157917017,0.778236614347283
"Abca8a",NA,19,0.00386697739353134,0.174357002429368,0.00386697739353134,2.33221488173907,1.59648331806702,0.324686450614579
"Abhd17b",NA,31,0.151531326126046,0.427258076646262,0.151531326126046,1.17807059759928,1.53919102846585,0.649365999132695
"Abi1",NA,45,0.879824864243989,0.498994246881656,0.498994246881656,1.14758064222587,1.60120826880613,0.758334084296324
"Abi3bp",NA,57,0.647205441310468,0.210786087755235,0.210786087755235,1.59285789093,1.63346570863024,0.649365999132695
"Ablim1",NA,21,0.0490541051405465,0.0587090599891156,0.0490541051405465,1.66005069081672,1.53292649941547,0.581816148898335
"Acyp2",NA,20,0.847181478739789,0.351926079285948,0.351926079285948,1.3185510981675,1.54152092115287,0.696843161320559
"Adam12",NA,22,0.0699683518171342,0.188204422896379,0.0699683518171342,1.54553948638482,1.51692507886401,0.601091749701744
"Adamtsl1",NA,43,0.131555484706396,0.0516537272074622,0.0516537272074622,1.94638416584332,1.63050556986697,0.581816148898335
"Adgrf5",NA,32,0.999999999999999,0.667909409098042,0.667909409098042,1.07847025307319,1.53482056850904,0.787327723406631
"Agap1",NA,39,0.147681053715181,0.128524745162044,0.128524745162044,1.16335645548434,1.56283455806645,0.649365999132695
"Agfg1",NA,32,0.399009648335286,0.171178047598184,0.171178047598184,1.0895585404051,1.51978455349427,0.649365999132695
"Ago3",NA,39,0.755002539106315,0.485611372016497,0.485611372016497,1.18795008484425,1.55475921377947,0.748210999818897
"Ahnak",NA,38,0.721868130027495,0.38446074691634,0.38446074691634,1.03679950574647,1.54995631804795,0.705466807448429
"Airn",NA,44,0.000535938620585732,0.226330851215784,0.000535938620585732,2.29274177618685,1.62609026755853,0.101292399290703
"Akap13",NA,47,0.683691010618169,0.623475931699425,0.623475931699425,1.21519284571962,1.61816431374895,0.778236614347283
"Akt3",NA,38,0.373742755225714,0.877466672440439,0.373742755225714,1.19307502348683,1.58537808098109,0.699083590459042
"Ambra1",NA,31,0.560362102489997,0.715794569844449,0.560362102489997,1.22554584685062,1.51177223527338,0.766942789818405
"Ank2",NA,18,0.84592463814427,0.529113270438501,0.529113270438501,1.22725811736205,1.51177223527338,0.766942789818405
"Ankrd11",NA,35,0.236241170211809,0.417429036113381,0.236241170211809,1.06779327129193,1.54383374290466,0.649365999132695
"Ankrd17",NA,44,0.540109814438736,0.642145804190205,0.540109814438736,1.17488617613739,1.60120826880613,0.766942789818405
"Ano6",NA,29,0.34111325829945,0.266451461801471,0.266451461801471,1.18903877647568,1.56693866377218,0.649365999132695
"Anxa2",NA,27,0.168949040777519,0.242553408300233,0.168949040777519,1.22686609107674,1.53919102846585,0.649365999132695
"Aopep",NA,47,0.310724780770389,0.451069087917818,0.310724780770389,1.18869327823411,1.6253485361343,0.667364485021861
"Ap3b1",NA,30,0.169250262727144,0.238648814709534,0.169250262727144,1.2605738385383,1.51978455349427,0.649365999132695
"Apaf1",NA,31,1,0.490470890014877,0.490470890014877,1.42321478290829,1.54152092115287,0.75365039197408
"Apba1",NA,22,0.834834670980784,0.632156312347308,0.632156312347308,1.1157821350625,1.49529284731522,0.778236614347283
"Apbb2",NA,26,0.732816313262896,0.968981296282646,0.732816313262896,1.18508156402529,1.52271242150682,0.811536815664184
"Apc",NA,32,0.133355393544582,0.206488018950211,0.133355393544582,1.15917481038103,1.51692507886401,0.649365999132695
"App",NA,64,0.276025778549676,0.382017332199251,0.276025778549676,1.22536954849079,1.63437093760184,0.649365999132695
"Arb2a",NA,45,0.781538447429663,0.685643153617393,0.685643153617393,1.35207644872467,1.6039754425272,0.789782475398015
"Arhgap21",NA,26,0.853251056545488,0.838903875056657,0.838903875056657,1.17566842087041,1.5065824692873,0.868877071053944
"Arhgap24",NA,19,0.404968808695896,0.195222311051473,0.195222311051473,1.3958922164987,1.53078531136189,0.649365999132695
"Arhgap26",NA,39,0.856281139965256,0.842555100616597,0.842555100616597,1.04398994666751,1.58200351901701,0.870179858013862
"Arhgap29",NA,41,0.450576220610383,0.543139488159595,0.450576220610383,1.03169379078965,1.57721210606532,0.744041965306612
"Arhgap32",NA,23,0.706001476569041,0.296904907382479,0.296904907382479,1.02240497748796,1.51692507886401,0.667087123601107
"Arhgap42",NA,18,0.822738949810009,0.974099812981761,0.822738949810009,0.881377133354364,1.48570401434346,0.858744596822571
"Arhgef12",NA,40,0.902402544763712,0.321323640936451,0.321323640936451,1.14711946638074,1.60120826880613,0.667364485021861
"Arhgef3",NA,38,0.354915542486348,0.433713555337752,0.354915542486348,0.861880739787394,1.54995631804795,0.696843161320559
"Arid1b",NA,50,0.259708146400813,0.270587719439096,0.259708146400813,1.16845428510997,1.60120826880613,0.649365999132695
"Arid2",NA,29,0.364272416629676,0.863643109686994,0.364272416629676,1.3245896145748,1.51177223527338,0.699083590459042
"Arid4b",NA,23,0.703698607141098,0.885189190001206,0.703698607141098,1.08128088988439,1.49221207791666,0.792846356795455
"Arih1",NA,43,0.338496651514104,0.22347100718308,0.22347100718308,1.23655489825782,1.60647709605284,0.649365999132695
"Arl13b",NA,29,0.341993478178765,0.242332417388759,0.242332417388759,1.05552274001405,1.52831222219928,0.649365999132695
"Arl15",NA,48,0.588082433384421,0.653067955525634,0.588082433384421,1.52289101880433,1.63257308967984,0.766942789818405
"Asap1",NA,67,0.852262458505241,0.639405348475605,0.639405348475605,1.03019972429443,1.63447781573113,0.778236614347283
"Ash1l",NA,26,0.428381332537035,0.521891010389374,0.428381332537035,1.13504586870756,1.51177223527338,0.731149192373684
"Atad2b",NA,32,0.269160077963634,0.422393745849455,0.269160077963634,1.18985633906728,1.51978455349427,0.649365999132695
"Ate1",NA,32,0.169771138710644,0.108634436567849,0.108634436567849,1.14397325375481,1.52831222219928,0.649365999132695
"Atp10d",NA,25,0.364243100495915,0.26150617145545,0.26150617145545,1.38536181697789,1.50387952604923,0.649365999132695
"Atp2a2",NA,26,0.835703566773515,0.92984066737256,0.835703566773515,1.3585474003699,1.51692507886401,0.868877071053944
"Atp2c1",NA,25,1,0.29150653611085,0.29150653611085,0.962920228294092,1.50110040624902,0.666163519165615
"Atxn1",NA,36,0.520578181907023,0.697598247944413,0.520578181907023,1.33701999645115,1.56887499804859,0.763655641435896
"B3galt1",NA,16,0.564635054802695,0.929459573967542,0.564635054802695,1.56532750613148,1.51426755049512,0.766942789818405
"B4galt1",NA,19,0.690070793289032,0.355258245358712,0.355258245358712,1.4762815586827,1.51692507886401,0.696843161320559
"Bbx",NA,24,0.0694578820497951,0.155862148056214,0.0694578820497951,1.56019135001358,1.50387952604923,0.601091749701744
"Bcas3",NA,28,0.453782875704878,0.212981088545242,0.212981088545242,1.10466462789384,1.51426755049512,0.649365999132695
"Bicc1",NA,19,0.679812494196097,0.238585208031739,0.238585208031739,1.29013440429679,1.5481157917017,0.649365999132695
"Birc6",NA,45,0.564769411195185,0.99183508642013,0.564769411195185,1.07099066413341,1.57563015898898,0.766942789818405
"Bmp2k",NA,34,0.106793813979961,0.233596732780344,0.106793813979961,1.18244638858661,1.53482056850904,0.649365999132695
"Bmpr2",NA,38,0.12028251714062,0.127263552004233,0.12028251714062,1.00422554940415,1.56693866377218,0.649365999132695
"Braf",NA,31,0.601991602088483,0.75350429828997,0.601991602088483,1.61155940466536,1.53292649941547,0.771596170337134
"Btbd7",NA,26,0.214255592085729,0.962799766972822,0.214255592085729,1.2570052506521,1.51426755049512,0.649365999132695
"Calcrl",NA,31,0.460896489359628,0.815639519612606,0.460896489359628,1.05435443981968,1.53078531136189,0.744041965306612
"Cald1",NA,29,0.722744540757551,0.877886393811821,0.722744540757551,1.29996807213175,1.55302966443785,0.801949421936461
"Camk2d",NA,41,0.0972375380641128,0.800511044608858,0.0972375380641128,1.1601750112135,1.56073749448148,0.649365999132695
"Cav1",NA,28,0.167802872399721,0.329568012205405,0.167802872399721,1.36601234644897,1.54152092115287,0.649365999132695
"Cavin2",NA,47,0.435826140793451,0.53101262704183,0.435826140793451,1.11834936557114,1.60763821855446,0.733515490916241
"Cblb",NA,29,0.373045065464947,0.651993256221806,0.373045065464947,1.13237918419017,1.54605458504756,0.699083590459042
"Ccl21a",NA,76,0.154219278540365,0.337568263406547,0.154219278540365,1.10573687431212,1.59905348429584,0.649365999132695
"Ccny",NA,44,0.590778012301877,0.578524681359631,0.578524681359631,1.36299995749055,1.59648331806702,0.766942789818405
"Cd36",NA,18,0.25401640085273,0.230331526238469,0.230331526238469,1.1970987873035,1.51177223527338,0.649365999132695
"Cd47",NA,29,0.583874166048255,0.791072152668484,0.583874166048255,1.02716439549407,1.53078531136189,0.766942789818405
"Cd9",NA,22,0.791495783005181,0.277308770970963,0.277308770970963,0.514913185659918,1.54995631804795,0.649365999132695
"Cdc14a",NA,20,0.558867364582982,0.410455282556907,0.410455282556907,1.14952381051472,1.48232381882153,0.727743993511918
"Cdc42",NA,25,0.190119066480793,0.407405773033771,0.190119066480793,1.16738461706241,1.52831222219928,0.649365999132695
"Cdc42bpa",NA,50,0.30016988559496,0.772425572166124,0.30016988559496,1.12769851046021,1.5947359395588,0.667364485021861
"Cdh13",NA,24,0.373189628434461,0.481391104911576,0.373189628434461,1.45078941676822,1.6039754425272,0.699083590459042
"Cdk14",NA,19,0.194044906581192,0.177460915540928,0.177460915540928,1.42854343299626,1.4982417586183,0.649365999132695
"Cdkal1",NA,30,0.707018860434805,0.645301890637278,0.645301890637278,1.09407120778035,1.5369269773335,0.778236614347283
"Celf2",NA,41,0.212503871930974,0.75618787990835,0.212503871930974,1.04485116898124,1.6330768471029,0.649365999132695
"Cemip2",NA,30,0.27486756818685,0.0912144248217786,0.0912144248217786,1.22749430254245,1.58200351901701,0.649365999132695
"Cep85l",NA,50,0.0183540573832863,0.125654697601351,0.0183540573832863,1.20611720112752,1.61816431374895,0.573815060587133
"Chaserr",NA,25,0.687725186464237,0.159560225399852,0.159560225399852,1.25195769029326,1.50387952604923,0.649365999132695
"Chd2",NA,35,0.646186054620115,0.881599985527009,0.646186054620115,1.05272599590741,1.5481157917017,0.778236614347283
"Chd9",NA,51,0.732638330872306,0.479434676453462,0.479434676453462,1.33288669626986,1.62074094516875,0.747044565537385
"Chrm3",NA,53,0.768573621207622,0.780875225634062,0.768573621207622,1.68088868019773,1.63196898404609,0.831643593940308
"Clic4",NA,41,0.137314112124303,0.764544388940611,0.137314112124303,1.40512373147943,1.62356871542261,0.649365999132695
"Cmah",NA,22,0.0455909158948059,0.424963039646215,0.0455909158948059,2.10484265848612,1.53078531136189,0.581816148898335
"Cmip",NA,47,0.625489251385249,0.957008568194938,0.625489251385249,1.19693949630962,1.61176712178525,0.778236614347283
"Cnot2",NA,29,0.732531078047883,0.642615312363312,0.642615312363312,1.14113958600185,1.52271242150682,0.778236614347283
"Cnot4",NA,30,0.247601663435283,0.131937238255552,0.131937238255552,0.959731822537608,1.5369269773335,0.649365999132695
"Col23a1",NA,29,0.0229309094092256,0.528862201001693,0.0229309094092256,1.38511030448005,1.54995631804795,0.581816148898335
"Col4a1",NA,34,0.865123826241666,0.672381652160207,0.672381652160207,1.7332470478285,1.62451264714603,0.787686770195945
"Col4a2",NA,31,0.520987391562719,0.915269799026862,0.520987391562719,0.82162058438631,1.56693866377218,0.763655641435896
"Col5a2",NA,31,0.411259916752995,0.159724839192384,0.159724839192384,1.30392989921725,1.54152092115287,0.649365999132695
"Col8a1",NA,17,0.68197684399456,0.839472235563821,0.68197684399456,2.23883674352938,1.5649138993517,0.789782475398015
"Colec12",NA,24,0.823910159914425,0.972519101567494,0.823910159914425,1.39889760854426,1.51692507886401,0.858744596822571
"Cp",NA,50,0.414207131687341,0.0457211770944742,0.0457211770944742,1.32568314928196,1.62835566331989,0.581816148898335
"Cped1",NA,64,0.127990550995555,0.226994072579156,0.127990550995555,1.18111251488493,1.63431203422929,0.649365999132695
"Cplane1",NA,27,0.133884703285329,0.313578663221149,0.133884703285329,1.33557825444638,1.5065824692873,0.649365999132695
"Cpne8",NA,40,0.765663919812631,0.369423709934596,0.369423709934596,1.23122329290037,1.58366415144169,0.699083590459042
"Cpq",NA,28,0.248592815158666,0.289805352076867,0.248592815158666,1.38772677363894,1.53919102846585,0.649365999132695
"Creb3l2",NA,30,0.999999999999981,0.337605642124637,0.337605642124637,1.33830910210961,1.56283455806645,0.690721652659691
"Creb5",NA,33,0.344606003134575,0.13088339631539,0.13088339631539,1.32448930248634,1.59648331806702,0.649365999132695
"Crebbp",NA,36,0.413867914840443,0.818512275274187,0.413867914840443,1.16592135947421,1.5649138993517,0.727743993511918
"Crim1",NA,30,0.608465347833237,0.559062372063935,0.559062372063935,1.43698665674283,1.57721210606532,0.766942789818405
"Csgalnact1",NA,30,0.999999999999344,0.69545224978441,0.69545224978441,1.07226353203213,1.55302966443785,0.791810091622008
"Csnk1a1",NA,40,0.746857089347875,0.94383504458317,0.746857089347875,0.992773575984987,1.57402875509368,0.815221922625597
"Cstf3",NA,23,1,0.554156406412697,0.554156406412697,1.40750583195923,1.52559009073795,0.766942789818405
"Cyth3",NA,22,0.199183705693672,0.390477886941306,0.199183705693672,0.719325183817136,1.54383374290466,0.649365999132695
"Cyyr1",NA,38,0.425381155514427,0.925385804650645,0.425381155514427,1.43987771373886,1.61356652173533,0.730882167202061
"D5Ertd615e",NA,59,0.730925672055348,0.456039209526159,0.456039209526159,1.28412043040441,1.63302234059254,0.744041965306612
"Daam1",NA,33,0.449570909402793,0.456158977439296,0.449570909402793,1.05730037121369,1.56283455806645,0.744041965306612
"Dapk1",NA,38,0.873450850775335,0.15223439675001,0.15223439675001,0.994185987634297,1.55475921377947,0.649365999132695
"Dapk2",NA,30,0.480481844975053,0.564707928958179,0.480481844975053,1.36805555557145,1.54605458504756,0.747044565537385
"Dcbld2",NA,32,0.854636325722473,0.814388171846638,0.814388171846638,1.15680493565569,1.54152092115287,0.856574499592771
"Dcn",NA,23,0.414531772242724,0.82018234146639,0.414531772242724,1.34719045370955,1.60979914772625,0.727743993511918
"Dctn4",NA,27,0.53745724141846,0.790286699114389,0.53745724141846,1.1855871986257,1.51692507886401,0.766942789818405
"Ddx6",NA,29,0.752876134565021,0.855841858601263,0.752876134565021,1.16564039454726,1.51978455349427,0.81777924961373
"Dennd1a",NA,37,0.707967697698565,0.483103284684809,0.483103284684809,1.19984115924472,1.55302966443785,0.747044565537385
"Dennd2a",NA,21,0.251853256141761,0.999999999999998,0.251853256141761,1.29497358560002,1.51177223527338,0.649365999132695
"Dennd4a",NA,63,0.448732219786337,0.0191256127497958,0.0191256127497958,1.19776680589942,1.63377734141345,0.573815060587133
"Dennd5b",NA,28,0.319637661154313,0.339431863828499,0.319637661154313,1.32852859357423,1.55302966443785,0.667364485021861
"Dennd6a",NA,23,0.822746500468519,0.624899880448336,0.624899880448336,1.47722576189078,1.49529284731522,0.778236614347283
"Dip2b",NA,20,0.213536592192024,0.163055572650625,0.163055572650625,1.01785729508373,1.47889854481615,0.649365999132695
"Dip2c",NA,57,0.471913777321438,0.889771423452892,0.471913777321438,1.13534738541491,1.63086119693382,0.747044565537385
"Dlc1",NA,31,0.0408885832418229,0.135901512806955,0.0408885832418229,1.15306267051134,1.60874442156681,0.581816148898335
"Dleu2",NA,49,0.671234623685052,0.983119419389857,0.671234623685052,1.1732533373871,1.62192788954071,0.787686770195945
"Dlg1",NA,45,0.0763711025044247,0.201135150395033,0.0763711025044247,1.25926002836711,1.5649138993517,0.601422432222345
"Dnajc1",NA,37,0.747240432405506,0.113525464058246,0.113525464058246,1.03930482586086,1.57721210606532,0.649365999132695
"Dnajc13",NA,18,0.666938774085212,0.31149178698699,0.31149178698699,0.876960374873363,1.48232381882153,0.667364485021861
"Dnm3",NA,34,0.0100333723735461,0.195791772179603,0.0100333723735461,0.995446548601142,1.56887499804859,0.474076844650055
"Dock1",NA,59,0.423169379325622,0.668419372499445,0.423169379325622,0.952123796416896,1.62996738883438,0.730882167202061
"Dock4",NA,66,0.582499190050494,0.729785876640488,0.582499190050494,1.18727452675757,1.63442251158394,0.766942789818405
"Dock6",NA,34,0.762357021835895,0.0743281765979428,0.0743281765979428,1.07600863087418,1.53482056850904,0.601422432222345
"Dock9",NA,71,0.577054527403123,0.587363952112141,0.577054527403123,1.1212742268802,1.63430314599466,0.766942789818405
"Dpysl3",NA,32,0.309534842673633,0.919166493358337,0.309534842673633,1.15561509328228,1.55302966443785,0.667364485021861
"Dst",NA,65,0.560013771908056,0.647443043936839,0.560013771908056,0.904498636638437,1.63414924729129,0.766942789818405
"Dyrk1a",NA,32,0.0259809720536223,0.0595461373557006,0.0259809720536223,0.877614747218351,1.51426755049512,0.581816148898335
"Dysf",NA,32,0.526088225856331,0.240186689655488,0.240186689655488,1.29463623500566,1.55152117832218,0.649365999132695
"Ebf1",NA,64,0.460420666998583,0.648347217101404,0.460420666998583,1.55000396506895,1.62157555592053,0.744041965306612
"Ece1",NA,51,0.00808678942458357,0.00950276016255919,0.00808678942458357,1.2922847233245,1.61883812664201,0.454258827586519
"Ecpas",NA,31,0.479333249669138,0.999999994201198,0.479333249669138,1.15819212044135,1.53919102846585,0.747044565537385
"Eeig2",NA,26,0.0355893519363822,0.039313006899455,0.0355893519363822,1.19658134042525,1.5065824692873,0.581816148898335
"Efna5",NA,37,0.0251652358659176,0.162290770576841,0.0251652358659176,1.55825106954716,1.61440999829056,0.581816148898335
"Egfr",NA,18,0.540814618675428,0.375492531053108,0.375492531053108,1.41812949632658,1.52271242150682,0.699083590459042
"Ehbp1",NA,35,0.67075749231401,0.582879292151935,0.582879292151935,1.15175431506606,1.54383374290466,0.766942789818405
"Eif4g3",NA,28,0.13645872732391,0.231509118240516,0.13645872732391,1.14952384527013,1.53078531136189,0.649365999132695
"Elk3",NA,55,0.269198942711928,0.589949459272059,0.269198942711928,1.0997995885459,1.62675059592158,0.649365999132695
"Elmo1",NA,70,0.157553158249262,0.666025459827532,0.157553158249262,1.20525665791656,1.63387679238256,0.649365999132695
"Eln",NA,33,0.244044578955942,0.539739934085187,0.244044578955942,1.19497963607314,1.62787296344127,0.649365999132695
"Emcn",NA,28,0.0983527238836535,0.276650446130819,0.0983527238836535,1.19567609032748,1.5481157917017,0.649365999132695
"Eml4",NA,41,0.356460384810066,0.420529617032047,0.356460384810066,0.987860620857287,1.56283455806645,0.696843161320559
"Erbin",NA,27,0.4785797066983,0.105956014564788,0.105956014564788,0.954218348371078,1.52831222219928,0.649365999132695
"Errfi1",NA,30,0.381107871177724,0.103533728181541,0.103533728181541,1.33740264065087,1.62134149504528,0.649365999132695
"Esyt2",NA,41,0.278425119900608,0.107169395555923,0.107169395555923,1.09237810824782,1.58038375000153,0.649365999132695
"Etl4",NA,47,0.37974911086664,0.405486192238738,0.37974911086664,1.84860864617109,1.62405510136498,0.699083590459042
"Ets1",NA,44,0.390533637278372,0.778001887104712,0.390533637278372,1.06819212555892,1.57402875509368,0.709277609389864
"Etv6",NA,41,0.799717491229385,0.379207457074985,0.379207457074985,1.15668292729977,1.61268646111831,0.699083590459042
"Ext1",NA,57,0.00400847469894542,0.0230507842583923,0.00400847469894542,1.62849567884095,1.63271464559809,0.324686450614579
"Fabp4",NA,20,0.999999999999999,0.850650900690208,0.850650900690208,1.30774972253456,1.53919102846585,0.871640594371138
"Faf1",NA,43,0.893414374373062,0.859677603884902,0.859677603884902,1.1610274463429,1.57238972754374,0.874112281560358
"Fam168a",NA,27,0.341246251076779,0.2680139179976,0.2680139179976,1.63267620918682,1.51978455349427,0.649365999132695
"Fam222b",NA,33,0.273722023735428,0.310329548457792,0.273722023735428,1.09162347644791,1.53919102846585,0.649365999132695
"Farp1",NA,42,0.483536782279048,0.530074654987112,0.483536782279048,1.11512956912821,1.59971448282815,0.747044565537385
"Fbn1",NA,50,0.590254817858124,0.618906088612227,0.590254817858124,1.29100592115117,1.5947359395588,0.766942789818405
"Fbxl17",NA,56,0.253038763539361,0.159314652374882,0.159314652374882,1.13825293286755,1.62705393385342,0.649365999132695
"Fbxl7",NA,50,0.0668819577408191,0.35459022231975,0.0668819577408191,1.46620331885183,1.63014835699993,0.601091749701744
"Fbxo11",NA,25,1,0.934041300686767,0.934041300686767,1.27426960815824,1.53078531136189,0.942351276671524
"Fcho2",NA,39,0.608412811241904,0.348522230715816,0.348522230715816,1.24776931809942,1.57238972754374,0.696843161320559
"Fgl2",NA,34,0.250396969100231,0.383739318313325,0.250396969100231,1.23478535362067,1.56283455806645,0.649365999132695
"Filip1",NA,34,0.517170731363918,0.656496817020643,0.517170731363918,1.22495548218662,1.54152092115287,0.763655641435896
"Fli1",NA,40,0.173350885445199,0.201161429784288,0.173350885445199,1.31110478138487,1.57069182234413,0.649365999132695
"Flnb",NA,33,0.88261279760612,0.19985069623062,0.19985069623062,1.5338901964785,1.55665421021628,0.649365999132695
"Flrt2",NA,33,0.00586478084661917,0.300488949469981,0.00586478084661917,1.50084868554875,1.58537808098109,0.398383405696256
"Flt1",NA,16,0.863929423348659,0.414570211471516,0.414570211471516,1.40064808725283,1.56887499804859,0.727743993511918
"Flt4",NA,52,0.781682733669969,0.229964877533829,0.229964877533829,1.11974462851109,1.60874442156681,0.649365999132695
"Fmnl2",NA,69,0.592289168124259,0.640436678805301,0.592289168124259,1.28021806766754,1.63295471568537,0.766942789818405
"Fndc1",NA,35,0.829727421758571,0.0358067330171043,0.0358067330171043,1.04632922594703,1.57721210606532,0.581816148898335
"Fndc3b",NA,38,0.602042017413547,0.455407596579043,0.455407596579043,1.12643458503735,1.53919102846585,0.744041965306612
"Foxn3",NA,31,0.353294197739831,0.884173402235937,0.353294197739831,1.35192966860291,1.53078531136189,0.696843161320559
"Foxo1",NA,34,0.575854091825825,0.761079145511137,0.575854091825825,1.24606550493786,1.55866282269202,0.766942789818405
"Foxp1",NA,44,0.00212255377825325,0.0151101088530742,0.00212255377825325,0.907620875450039,1.60262711847675,0.240697598453919
"Frmd4b",NA,50,0.652123557872672,0.811652543493063,0.652123557872672,1.15476475153037,1.61674598687291,0.780071850873007
"Fry",NA,54,0.912941876091311,0.81700477125919,0.81700477125919,1.43226108382428,1.62494320149881,0.856574499592771
"Fto",NA,35,0.648371194098698,0.186789819645401,0.186789819645401,1.01598072722864,1.56887499804859,0.649365999132695
"Fubp1",NA,28,0.366376174728792,0.391692063743856,0.366376174728792,0.919176475077612,1.51978455349427,0.699083590459042
"Fyn",NA,53,0.54403997927105,0.653410892992147,0.54403997927105,1.20771690318179,1.62705393385342,0.766942789818405
"Gab2",NA,57,0.281861603312895,0.0446635502360441,0.0446635502360441,1.25585360202797,1.63401159474077,0.581816148898335
"Galnt1",NA,32,0.476336974912963,0.673362054976554,0.476336974912963,1.0526154761836,1.53482056850904,0.747044565537385
"Galnt18",NA,72,0.294404874122908,0.281496533847225,0.281496533847225,1.42563027625195,1.61761669810098,0.651463406903578
"Garre1",NA,34,0.211891327837108,0.151472325582892,0.151472325582892,1.17220349100194,1.56693866377218,0.649365999132695
"Gas7",NA,33,0.540060764010795,0.252298623411,0.252298623411,1.57736015927492,1.54383374290466,0.649365999132695
"Ghr",NA,30,0.516526423192213,0.186445016279749,0.186445016279749,1.75773275354699,1.57721210606532,0.649365999132695
"Glis3",NA,21,0.250602553141973,0.113265520525415,0.113265520525415,1.34941182247976,1.53078531136189,0.649365999132695
"Gls",NA,48,0.550706142701254,0.844592489732872,0.550706142701254,1.05114633205608,1.60262711847675,0.766942789818405
"Gm56730",NA,18,0.155381982065123,0.997930314301074,0.155381982065123,0.190476191916827,1.5065824692873,0.649365999132695
"Gmds",NA,32,0.861438665016744,0.568707928185822,0.568707928185822,1.08643866659569,1.5369269773335,0.766942789818405
"Gnaq",NA,54,0.266191800089156,0.805858131537939,0.266191800089156,1.18646594013244,1.62609026755853,0.649365999132695
"Gnb1",NA,37,0.648920198046692,0.876505459812308,0.648920198046692,1.13204258872006,1.57563015898898,0.778236614347283
"Gng11",NA,31,0.313914675798124,0.228276564279085,0.228276564279085,1.20004496125146,1.52831222219928,0.649365999132695
"Gphn",NA,39,0.279444980226415,0.43224878929349,0.279444980226415,1.24354589862541,1.61521945738419,0.649365999132695
"Gpm6a",NA,23,0.872572994240306,0.544301949968851,0.544301949968851,1.56749365173387,1.51978455349427,0.766942789818405
"Grk5",NA,43,0.121056170867921,0.281776227202306,0.121056170867921,1.26487963082734,1.58200351901701,0.649365999132695
"Hdac9",NA,26,0.435969524583374,0.526722421378625,0.435969524583374,1.36703282692536,1.57563015898898,0.733515490916241
"Hectd1",NA,31,0.050678728270971,0.0632239186189461,0.050678728270971,1.18095240603296,1.53292649941547,0.581816148898335
"Hecw2",NA,20,0.167019870907144,0.0481075034863023,0.0481075034863023,1.37208574767814,1.49529284731522,0.581816148898335
"Heg1",NA,44,0.258608245277405,0.930518521921098,0.258608245277405,1.16000238952648,1.63291781633616,0.649365999132695
"Herc1",NA,31,0.293579461613116,0.472755837669104,0.293579461613116,0.941948142675293,1.55302966443785,0.666163519165615
"Herc2",NA,28,0.854587675078561,0.584136860807695,0.584136860807695,1.19241495115018,1.5369269773335,0.766942789818405
"Hip1",NA,33,0.631163346622208,0.917469297396132,0.631163346622208,0.95453889254398,1.52559009073795,0.778236614347283
"Hivep2",NA,37,0.817977663778299,0.56851260005959,0.56851260005959,1.22124088154392,1.61746760539297,0.766942789818405
"Hmcn1",NA,38,0.0111987291805301,0.37213636170466,0.0111987291805301,1.16987074865614,1.6331215624973,0.488436880412353
"Hspg2",NA,24,0.836146418246494,0.482539592525667,0.482539592525667,1.01674141382198,1.52271242150682,0.747044565537385
"Igf1r",NA,39,0.466383847693315,0.762100817527671,0.466383847693315,1.20430421420852,1.57721210606532,0.745511168210553
"Igfbp5",NA,33,0.144901371145724,0.619469725909891,0.144901371145724,1.50900911345793,1.62012465554245,0.649365999132695
"Igfbp7",NA,28,1,0.698743801405957,0.698743801405957,1.40657871408895,1.56073749448148,0.792846356795455
"Il6st",NA,32,0.146729798355386,0.143907970434871,0.143907970434871,1.10210262402101,1.54152092115287,0.649365999132695
"Ints6",NA,23,0.282083367446071,0.129123095729227,0.129123095729227,1.09550004076468,1.49221207791666,0.649365999132695
"Itga9",NA,65,0.341073976925421,0.798831105736886,0.341073976925421,1.36105398362493,1.63446904461875,0.690721652659691
"Itpr1",NA,38,0.130212378289074,0.555416540590618,0.130212378289074,1.28663326107419,1.55866282269202,0.649365999132695
"Itpr2",NA,33,0.862118134323301,0.428105910341066,0.428105910341066,1.04627994145008,1.55302966443785,0.731149192373684
"Itsn2",NA,29,0.430118746736674,0.210393934636764,0.210393934636764,1.04217928091586,1.52831222219928,0.649365999132695
"Jmjd1c",NA,41,0.781047837221434,0.983432952540392,0.781047837221434,1.12267421044164,1.5947359395588,0.835626661995646
"Kalrn",NA,31,0.617128569017113,0.947090842825008,0.617128569017113,1.42750215228687,1.52559009073795,0.778236614347283
"Kansl1",NA,49,0.138712396819878,0.043915046394249,0.043915046394249,1.17206005316388,1.60979914772625,0.581816148898335
"Kansl1l",NA,36,0.585570281631102,0.649465548392597,0.585570281631102,1.24810607652722,1.55152117832218,0.766942789818405
"Kcnq1ot1",NA,26,0.995699785104851,0.995939890859605,0.995699785104851,0.830769235240253,1.51978455349427,0.999999999999998
"Kcnt2",NA,26,0.31568436428833,0.736841098641638,0.31568436428833,1.16318198728883,1.58200351901701,0.667364485021861
"Kif13a",NA,32,0.0575109649003036,0.0972564869760384,0.0575109649003036,0.985537571378639,1.56073749448148,0.590693668475724
"Kif5b",NA,36,0.689492637252235,0.738865476978152,0.689492637252235,1.07319224047213,1.53292649941547,0.789782475398015
"Klf12",NA,55,0.493692602847821,0.771329923226151,0.493692602847821,1.05956240989111,1.631403035602,0.754994948060625
"Klf7",NA,46,0.494081701036449,0.453800472248395,0.453800472248395,1.08546080072132,1.58200351901701,0.744041965306612
"Klhdc10",NA,21,0.234756908280165,0.568517557860878,0.234756908280165,1.191088892376,1.4982417586183,0.649365999132695
"Kmt2c",NA,43,0.564294724034743,0.402561145359128,0.402561145359128,1.09162817611967,1.57069182234413,0.722316991831094
"Kmt2e",NA,34,0.152887432994717,0.265262261203677,0.152887432994717,0.999456839909014,1.55665421021628,0.649365999132695
"Kpna4",NA,20,0.453503251632897,0.580882050667461,0.453503251632897,1.1458874494219,1.49529284731522,0.744041965306612
"Ktn1",NA,28,0.581360931607282,0.981365294863078,0.581360931607282,1.20532734810368,1.50921238488195,0.766942789818405
"Lama2",NA,29,0.0063235461221628,0.277877081092319,0.0063235461221628,1.05495398498849,1.62811985517142,0.398383405696256
"Lamc1",NA,37,0.341097112424539,0.386131238963777,0.341097112424539,1.36840182486692,1.61816431374895,0.690721652659691
"Ldb2",NA,52,0.618830749318738,0.288359940041323,0.288359940041323,1.52714248801929,1.63236668618407,0.664634495948903
"Ldlrad4",NA,53,0.456407055877393,0.997191965403649,0.456407055877393,1.37267997870384,1.63278511801477,0.744041965306612
"Lhfpl6",NA,29,0.856756211265007,0.851655889385556,0.851655889385556,1.63643806184761,1.58537808098109,0.871640594371138
"Limch1",NA,64,0.659926197533741,0.97839999040694,0.659926197533741,1.23709921022243,1.63391975392309,0.786392521109494
"Lims1",NA,41,1,0.689354269960878,0.689354269960878,0.929995295075941,1.58038375000153,0.789782475398015
"Lncpint",NA,54,0.733035072380856,0.298836207045293,0.298836207045293,1.2586981583825,1.62675059592158,0.667087123601107
"Lpp",NA,49,0.553218922585008,0.637872554294188,0.553218922585008,1.14183143432355,1.62356871542261,0.766942789818405
"Lrba",NA,27,0.0553512508769412,0.0491485241635609,0.0491485241635609,1.12619974079994,1.51426755049512,0.581816148898335
"Lrch1",NA,44,0.658841277083116,0.197297839125591,0.197297839125591,1.11416610263581,1.5649138993517,0.649365999132695
"Lrch3",NA,37,1,0.601142247737722,0.601142247737722,0.985006827808904,1.5481157917017,0.771596170337134
"Lrrfip1",NA,35,0.868195514954751,0.556533742694314,0.556533742694314,1.18289964466533,1.55475921377947,0.766942789818405
"Ltbp1",NA,14,0.836814721404757,0.788990156078209,0.788990156078209,2.18584683336543,1.51177223527338,0.838459374880231
"Ltbp4",NA,37,0.27322624484878,0.355009752526573,0.27322624484878,1.05944398326724,1.54152092115287,0.649365999132695
"Luc7l2",NA,51,0.592453160388821,0.647026594014114,0.592453160388821,1.15682316523289,1.62074094516875,0.766942789818405
"Luzp1",NA,29,0.147671135532508,0.140674835382222,0.140674835382222,1.09953693629852,1.51177223527338,0.649365999132695
"Lyn",NA,41,0.138607216274685,0.0486844143000125,0.0486844143000125,1.12661819371315,1.59648331806702,0.581816148898335
"Lyve1",NA,31,0.706148355106077,0.458135211244057,0.458135211244057,1.36038715494205,1.52831222219928,0.744041965306612
"Macf1",NA,41,0.449382069534385,0.413237496486099,0.413237496486099,1.20224397355143,1.56887499804859,0.727743993511918
"Maf",NA,46,0.3145012178003,0.92752143113816,0.3145012178003,1.21970481496126,1.60120826880613,0.667364485021861
"Magi1",NA,83,0.152544906091252,0.361136714981299,0.152544906091252,1.32648451242677,1.6045843683623,0.649365999132695
"Malat1",NA,90,0.023752288960207,0.0253430772736861,0.023752288960207,1.34138273398125,1.37157186813873,0.581816148898335
"Man1a",NA,38,0.420371566023479,0.700437402005427,0.420371566023479,1.37477034069488,1.57879143427624,0.730882167202061
"Man2a1",NA,31,1,0.248116338243709,0.248116338243709,1.35329597133253,1.53919102846585,0.649365999132695
"Map2k5",NA,27,0.186906541952006,0.330550120588204,0.186906541952006,1.15884778979245,1.51177223527338,0.649365999132695
"Map3k1",NA,37,0.784906121528394,0.562578301465517,0.562578301465517,1.34121532261055,1.55475921377947,0.766942789818405
"Map3k3",NA,25,0.0594782080433715,0.0776627461386384,0.0594782080433715,1.24560210643274,1.50387952604923,0.591651648431432
"Map4k3",NA,28,0.430717828952936,0.379480261462007,0.379480261462007,0.962737313548144,1.53078531136189,0.699083590459042
"Marchf3",NA,35,0.999999999996054,0.999999999997252,0.999999999996054,1.23156461645469,1.55302966443785,0.999999999999998
"Mark3",NA,27,0.0553120241876315,0.0807816727644245,0.0553120241876315,1.02781140772063,1.52271242150682,0.581816148898335
"Mast4",NA,53,0.697448224704966,0.314199472382327,0.314199472382327,1.35459374447288,1.63407625048589,0.667364485021861
"Mbnl2",NA,55,0.600092122782205,0.60554153036567,0.600092122782205,1.23472770953593,1.63014835699993,0.771596170337134
"Mcc",NA,23,0.706264833096938,0.723268980763524,0.706264833096938,1.25181526386997,1.51978455349427,0.792846356795455
"Mctp1",NA,30,0.387150369251156,0.225127431522933,0.225127431522933,1.68201825501056,1.58537808098109,0.649365999132695
"Mcu",NA,45,0.621046541828722,0.0692493359806709,0.0692493359806709,1.39561638313624,1.60874442156681,0.601091749701744
"Mdfic",NA,37,0.562112780545587,0.999999999999999,0.562112780545587,1.15521235817031,1.53078531136189,0.766942789818405
"Med13l",NA,34,0.861373834343004,0.274056690513031,0.274056690513031,1.08028118090727,1.5369269773335,0.649365999132695
"Meis2",NA,38,0.496874953375887,0.379425752482304,0.379425752482304,1.4145940998971,1.58537808098109,0.699083590459042
"Mgp",NA,17,0.637783792206505,0.868472274987587,0.637783792206505,1.64197071681999,1.62074094516875,0.778236614347283
"Mia2",NA,20,0.834684970602045,0.784713993867266,0.784713993867266,1.23131582292058,1.48900864056823,0.836339914516428
"Mical2",NA,37,0.565364999379734,0.579719211083878,0.565364999379734,1.39453248924797,1.55665421021628,0.766942789818405
"Mir100hg",NA,28,0.754993435520363,0.736484993665734,0.736484993665734,1.37139951256279,1.54605458504756,0.812426053323874
"Mir181a-1hg",NA,25,0.221534689534294,0.223357885473659,0.221534689534294,1.07036662391826,1.51426755049512,0.649365999132695
"Mir99ahg",NA,55,0.571791180373624,0.764934093709441,0.571791180373624,1.27812262061254,1.63196898404609,0.766942789818405
"Mkln1",NA,33,0.872601580880407,0.743558260873929,0.743558260873929,1.1362084222172,1.53078531136189,0.814304422580809
"Mllt10",NA,38,0.359786899512893,0.526988720686467,0.359786899512893,1.19774857057385,1.58200351901701,0.696843161320559
"Mmrn1",NA,67,0.925261684072642,0.318740211098639,0.318740211098639,1.13962174805372,1.63444853428029,0.667364485021861
"Morrbid",NA,27,0.430964408593654,0.557451525885664,0.430964408593654,1.54006679730937,1.53078531136189,0.731149192373684
"Mpdz",NA,30,0.707018859911018,0.540162322131334,0.540162322131334,1.21500000229888,1.5369269773335,0.766942789818405
"Mpp7",NA,51,0.0200452814532102,0.174596064297512,0.0200452814532102,1.25319023201141,1.62356871542261,0.573815060587133
"Msi2",NA,18,0.0976040411458352,0.384479368843084,0.0976040411458352,1.4051205228521,1.48232381882153,0.649365999132695
"Msrb3",NA,38,0.30076490103882,0.122757675794879,0.122757675794879,1.32573513506037,1.61080567436334,0.649365999132695
"Mtmr3",NA,41,0.274556229967232,0.102719150459645,0.102719150459645,1.08991707233143,1.55475921377947,0.649365999132695
"Mtus1",NA,35,0.152238484928111,0.962558593398114,0.152238484928111,1.22255675117137,1.53919102846585,0.649365999132695
"Mycbp2",NA,38,0.649013688250491,0.853537841170533,0.649013688250491,1.25554511389511,1.57721210606532,0.778236614347283
"Myo1b",NA,29,0.453576271703611,0.15217179361841,0.15217179361841,1.25649381165543,1.51426755049512,0.649365999132695
"Myo1d",NA,32,0.77885611967018,0.689165818497703,0.689165818497703,1.24668707058163,1.55665421021628,0.789782475398015
"Myo6",NA,33,0.667381005365266,0.968324883068382,0.667381005365266,1.09229549143319,1.53919102846585,0.787327723406631
"Myzap",NA,45,0.0270710502153538,0.814226021999996,0.0270710502153538,1.11590461010609,1.57563015898898,0.581816148898335
"Nav1",NA,25,0.411771058871595,0.416862258932618,0.411771058871595,0.968156967233958,1.53482056850904,0.727743993511918
"Nbea",NA,47,0.0906292217033539,0.137247697513249,0.0906292217033539,1.14397657214734,1.60979914772625,0.649365999132695
"Nbeal1",NA,46,0.242803422367376,0.0802495823240343,0.0802495823240343,1.18399992796554,1.5947359395588,0.606686842369699
"Nck1",NA,26,0.233841198200731,0.515423187059922,0.233841198200731,1.22820513197079,1.50921238488195,0.649365999132695
"Ncoa2",NA,29,0.0760597015742526,0.329995586172993,0.0760597015742526,1.00071759213344,1.52271242150682,0.601422432222345
"Ncor1",NA,29,0.868191983237437,0.782571000916557,0.782571000916557,1.06114536466691,1.54995631804795,0.835626661995646
"Ndfip1",NA,34,1,0.774678137599051,0.774678137599051,1.15537890955656,1.52559009073795,0.835061794712285
"Neat1",NA,51,0.318570131608385,0.510742367011385,0.318570131608385,0.850488265857183,1.63216546991248,0.667364485021861
"Nedd4",NA,36,0.26088787420433,0.855507804224986,0.26088787420433,1.24809745359188,1.56283455806645,0.649365999132695
"Nek7",NA,24,0.853371103547011,0.802824833452119,0.802824833452119,1.26278630362778,1.5065824692873,0.849256866730133
"Nf1",NA,39,0.706794299571708,0.775776972517345,0.706794299571708,1.42878510396538,1.6039754425272,0.792846356795455
"Nfat5",NA,47,0.209765587456202,0.261445713648035,0.209765587456202,1.30579485170482,1.62134149504528,0.649365999132695
"Nfia",NA,71,0.275463557668597,0.235409626048449,0.235409626048449,1.55349959108007,1.62032852536829,0.649365999132695
"Nfib",NA,71,0.268896433335575,0.0762910789322641,0.0762910789322641,1.04289555801643,1.62737599801815,0.601422432222345
"Nfkb1",NA,25,0.149378320219429,0.142388952693949,0.142388952693949,1.20010281627298,1.51177223527338,0.649365999132695
"Nhsl1",NA,44,0.459499070892705,0.360097083363181,0.360097083363181,1.27014461731924,1.6039754425272,0.696843161320559
"Nipbl",NA,42,0.999999999999999,0.528545999875113,0.528545999875113,1.04805996495581,1.58038375000153,0.766942789818405
"Nktr",NA,37,0.846603436922925,0.814340700943857,0.814340700943857,1.14397201463881,1.5481157917017,0.856574499592771
"Nr2f2",NA,35,0.631796561929991,0.810141834295338,0.631796561929991,1.23599260022441,1.53292649941547,0.778236614347283
"Nr3c1",NA,42,0.423961980795612,0.758320170934072,0.423961980795612,1.31590567087965,1.58715683878442,0.730882167202061
"Nr3c2",NA,60,0.705312629051136,0.972045197231818,0.705312629051136,1.38668000773877,1.62787296344127,0.792846356795455
"Nrip1",NA,30,0.706827617527089,0.24375099947134,0.24375099947134,1.40977292990019,1.53482056850904,0.649365999132695
"Nrp1",NA,21,0.340308482036663,0.463314060635278,0.340308482036663,1.15355943264271,1.4982417586183,0.690721652659691
"Nrp2",NA,44,0.914448978354606,0.695118856582779,0.695118856582779,1.20623101091368,1.61599734387674,0.791810091622008
"Nsd1",NA,35,0.282472089400313,0.258488144436746,0.258488144436746,1.23683724578249,1.52831222219928,0.649365999132695
"Nsmce2",NA,20,1,0.70203319111412,0.70203319111412,1.39142857143209,1.48900864056823,0.792846356795455
"Ntn1",NA,60,0.07746492517312,0.0996445427861412,0.07746492517312,1.24809886952322,1.63278511801477,0.60167962428985
"Numb",NA,41,0.273229007245526,0.83307543977141,0.273229007245526,1.12086764866266,1.54605458504756,0.649365999132695
"Nxn",NA,63,0.999999999999979,0.424001070011469,0.424001070011469,1.61955756579132,1.63442251158394,0.730882167202061
"Osbpl9",NA,37,0.77874969573773,0.208202463499364,0.208202463499364,1.28450300563926,1.55866282269202,0.649365999132695
"Osmr",NA,23,1,0.460460179147613,0.460460179147613,1.31948763504162,1.51177223527338,0.744041965306612
"P4ha1",NA,31,0.810256456423631,0.789660152003604,0.789660152003604,1.40737591559313,1.54605458504756,0.838459374880231
"Pafah1b1",NA,47,0.521225279075294,0.725247089209006,0.521225279075294,1.21649444802249,1.60763821855446,0.763655641435896
"Pakap",NA,40,0.347539179282807,0.0279261352548206,0.0279261352548206,1.21069473813773,1.61816431374895,0.581816148898335
"Pam",NA,30,0.117515304522933,0.527615687984946,0.117515304522933,1.34203867274087,1.55866282269202,0.649365999132695
"Pan3",NA,40,0.289704038907175,0.202307930807479,0.202307930807479,1.44625261662906,1.6039754425272,0.649365999132695
"Pard3",NA,37,0.226073256270171,0.721638094496476,0.226073256270171,1.14298083782188,1.57069182234413,0.649365999132695
"Pard6g",NA,34,0.534223749165883,0.272054740901298,0.272054740901298,0.943001032879953,1.5481157917017,0.649365999132695
"Pbx1",NA,31,0.644349504487733,0.817812809381063,0.644349504487733,1.18313600895218,1.59648331806702,0.778236614347283
"Pbx3",NA,23,0.366235516030129,0.165205064065125,0.165205064065125,1.16923247781474,1.51177223527338,0.649365999132695
"Pcdh9",NA,22,0.0357848767316614,0.0835241621253739,0.0357848767316614,1.78519501941397,1.6039754425272,0.581816148898335
"Pcsk6",NA,43,0.620780073082922,0.709151290397938,0.620780073082922,1.35197224278645,1.60525743737194,0.778236614347283
"Pde10a",NA,28,0.847267335056745,0.965684972272632,0.847267335056745,1.05015539672942,1.55475921377947,0.870290903944157
"Pde3a",NA,19,0.0526764765009626,0.119124469069861,0.0526764765009626,1.55574676683944,1.54995631804795,0.581816148898335
"Pde3b",NA,26,0.667600717130659,0.660181375746242,0.660181375746242,1.00855483643719,1.50387952604923,0.786392521109494
"Pde4b",NA,23,1,0.754434977396455,0.754434977396455,1.05416110534268,1.50921238488195,0.817905606469961
"Pde7b",NA,49,0.000422202358110098,0.131264491858163,0.000422202358110098,1.55406780644033,1.63050556986697,0.101292399290703
"Pde8a",NA,30,0.999999999999971,0.861522469197223,0.861522469197223,1.06369412338498,1.52559009073795,0.874112281560358
"Pdgfd",NA,23,0.242099277196876,0.843925258270789,0.242099277196876,1.5261141363522,1.56887499804859,0.649365999132695
"Pdlim1",NA,25,0.106089813781782,0.111269299014191,0.106089813781782,1.17439508771866,1.51177223527338,0.649365999132695
"Pdlim5",NA,45,0.68500393366019,0.41991276682994,0.41991276682994,1.44410073220565,1.63158827540346,0.730882167202061
"Pds5b",NA,31,0.21963240173458,0.185121622743528,0.185121622743528,1.18441273789182,1.52831222219928,0.649365999132695
"Pdzd2",NA,34,0.342516363182108,0.079929708484374,0.079929708484374,1.08362780310541,1.53919102846585,0.606686842369699
"Pecam1",NA,36,0.719627121081812,0.999999999999999,0.719627121081812,1.35336415023128,1.59648331806702,0.801627853935928
"Peli1",NA,19,0.248192506227453,0.32609582121269,0.248192506227453,1.2090643453634,1.47889854481615,0.649365999132695
"Pgm5",NA,26,0.0413532550959773,0.135697907008289,0.0413532550959773,1.03223692412884,1.51177223527338,0.581816148898335
"Phf20l1",NA,49,0.552849356775454,0.985537485956306,0.552849356775454,1.16579247557405,1.58901112222828,0.766942789818405
"Phf21a",NA,23,0.0542974967176184,0.0202403901441669,0.0202403901441669,1.36265451134445,1.49529284731522,0.573815060587133
"Phip",NA,25,0.134533874420543,0.128225514330237,0.128225514330237,1.12293305282183,1.52271242150682,0.649365999132695
"Picalm",NA,31,0.0301563973312804,0.0773579378924589,0.0301563973312804,0.99391713279076,1.53292649941547,0.581816148898335
"Pid1",NA,17,0.602852034319842,0.702078505723726,0.602852034319842,1.81519611389131,1.51426755049512,0.771596170337134
"Piezo2",NA,26,0.51033199432692,0.663794397161183,0.51033199432692,1.31439239638693,1.52559009073795,0.763655641435896
"Pitpnc1",NA,59,0.506811791360741,0.278926284738936,0.278926284738936,1.23236822208692,1.63353209278256,0.649365999132695
"Pkp4",NA,31,0.5014888547655,0.907699807245768,0.5014888547655,1.67181747596075,1.55475921377947,0.758334084296324
"Plcb4",NA,30,0.252879533380774,0.472888181662716,0.252879533380774,1.09695287022723,1.51692507886401,0.649365999132695
"Plce1",NA,60,0.924120635440258,0.311275054785204,0.311275054785204,1.25098159107088,1.631403035602,0.667364485021861
"Plcl1",NA,26,0.374149593051975,0.0311235811895555,0.0311235811895555,1.36925861405827,1.57069182234413,0.581816148898335
"Pld5",NA,17,0.719795709522329,0.368689715386338,0.368689715386338,1.41848852450821,1.4982417586183,0.699083590459042
"Plekhg1",NA,56,0.513062001782847,0.666306278303819,0.513062001782847,1.31952071693128,1.63322586095375,0.763655641435896
"Plpp1",NA,43,0.178919928217839,0.464651185650889,0.178919928217839,1.21854025470935,1.61599734387674,0.649365999132695
"Plxdc2",NA,19,0.0132394350625363,0.0875905215645122,0.0132394350625363,1.27262163490164,1.55152117832218,0.500450645363871
"Plxna4",NA,30,0.144855385359801,0.72155646286355,0.144855385359801,1.03914534868807,1.57238972754374,0.649365999132695
"Pnisr",NA,27,0.630033564293144,0.787176975663707,0.630033564293144,1.40474902428204,1.50921238488195,0.778236614347283
"Ppfibp1",NA,40,0.517860822245409,0.922699321135898,0.517860822245409,1.03084821505692,1.55152117832218,0.763655641435896
"Ppp1r12a",NA,52,0.174790001086694,0.305277127312773,0.174790001086694,1.13758804184147,1.61521945738419,0.649365999132695
"Ppp2r5a",NA,43,0.257044684065979,0.211548423775887,0.211548423775887,1.18186784376291,1.57721210606532,0.649365999132695
"Prex2",NA,77,0.154751189097107,0.345757781759979,0.154751189097107,1.39482413916108,1.62551208724639,0.649365999132695
"Prkag2",NA,40,0.183212115892002,0.747708500971437,0.183212115892002,1.06474758304041,1.56887499804859,0.649365999132695
"Prkca",NA,23,0.68929348014225,0.745970697093205,0.68929348014225,1.19875833167903,1.51692507886401,0.789782475398015
"Prkce",NA,52,0.542626637204039,0.431405642159576,0.431405642159576,1.04258330528071,1.61521945738419,0.731149192373684
"Prkch",NA,49,0.590696630218569,0.625398651104697,0.590696630218569,1.08105070190632,1.59814112406363,0.766942789818405
"Prkcq",NA,35,0.073472756345542,0.12023778370249,0.073472756345542,1.19175350841065,1.53919102846585,0.601422432222345
"Prkd1",NA,24,0.193179087371755,0.494955125832778,0.193179087371755,1.04386576211144,1.50921238488195,0.649365999132695
"Prkg1",NA,49,0.000489782925960456,0.434258237938837,0.000489782925960456,1.00917278491599,1.63322586095375,0.101292399290703
"Prox1",NA,40,0.235750712771102,0.911447016325448,0.235750712771102,1.13131283543478,1.56073749448148,0.649365999132695
"Prpf39",NA,29,0.853470201230697,0.264314872530638,0.264314872530638,1.12133271191666,1.51426755049512,0.649365999132695
"Psme4",NA,35,0.400765033187695,0.358516783309211,0.358516783309211,1.12158735577528,1.53482056850904,0.696843161320559
"Pten",NA,18,0.19571374003954,0.180288884466439,0.180288884466439,1.21641301508912,1.50387952604923,0.649365999132695
"Ptpn12",NA,49,0.905201572872561,0.579488054112902,0.579488054112902,1.13057836797356,1.6225016222031,0.766942789818405
"Ptpn14",NA,47,0.74764620769896,0.993320754760442,0.74764620769896,1.33226875860352,1.61949096399608,0.815221922625597
"Ptprb",NA,54,0.90051242484904,0.649216787630097,0.649216787630097,0.958752082982426,1.62494320149881,0.778236614347283
"Ptpre",NA,28,0.867510331386552,0.823261200208677,0.823261200208677,1.42806340718004,1.53292649941547,0.858744596822571
"Ptprg",NA,49,0.241866589532807,0.264910577323967,0.241866589532807,1.32125253121131,1.63391975392309,0.649365999132695
"Ptprk",NA,69,0.634464321587414,0.758710192760213,0.634464321587414,1.4762866383836,1.63297144404345,0.778236614347283
"Ptprm",NA,72,0.788283887017786,0.192627478856175,0.192627478856175,1.06898943895419,1.61884093606552,0.649365999132695
"Pvt1",NA,23,0.645511034899343,0.713449647619644,0.645511034899343,1.16054740398448,1.51978455349427,0.778236614347283
"Qki",NA,60,0.23562697937729,0.0583401154050098,0.0583401154050098,1.10430481288126,1.62675059592158,0.590693668475724
"Rab2a",NA,27,0.688742599989324,0.98257446606873,0.688742599989324,0.82446932578182,1.51692507886401,0.789782475398015
"Rai14",NA,31,0.846599269411813,0.90927027850355,0.846599269411813,1.59976107841346,1.54383374290466,0.870290903944157
"Ralgapa1",NA,40,0.889517149988298,0.664041632092881,0.664041632092881,1.08121835785299,1.54995631804795,0.787327723406631
"Ralgapa2",NA,51,0.470438240575412,0.0551709815496368,0.0551709815496368,1.08556706430311,1.60979914772625,0.581816148898335
"Ranbp9",NA,23,0.560459043097822,0.234837879466887,0.234837879466887,1.19226642372918,1.50110040624902,0.649365999132695
"Rap1gds1",NA,41,0.391541255271654,0.612880258014636,0.391541255271654,1.15436962269923,1.55665421021628,0.709277609389864
"Rapgef2",NA,38,0.548710982752664,0.313622093090081,0.313622093090081,1.21611242541679,1.54995631804795,0.667364485021861
"Rapgef5",NA,56,0.313432622071221,0.762082905064748,0.313432622071221,1.38197644895834,1.63377734141345,0.667364485021861
"Rasa1",NA,25,0.214701519528727,0.243684386766601,0.214701519528727,1.67658122442755,1.51426755049512,0.649365999132695
"Rasal2",NA,57,0.372149802185661,0.470886525389408,0.372149802185661,1.24390064358674,1.6290074796333,0.699083590459042
"Rassf8",NA,24,0.164582420725319,0.227438778010265,0.164582420725319,1.35089869788743,1.50387952604923,0.649365999132695
"Rb1",NA,28,0.191023063281061,0.720291885414025,0.191023063281061,1.07814689633642,1.5065824692873,0.649365999132695
"Rbm25",NA,44,0.999999999999998,0.999999999999989,0.999999999999989,0.884848484684759,1.58200351901701,0.999999999999998
"Rbm39",NA,51,0.357201683793361,0.430607536717266,0.357201683793361,1.07421267301132,1.59971448282815,0.696843161320559
"Rbm6",NA,30,0.479842548338436,0.567707929096489,0.479842548338436,1.00740740751826,1.54152092115287,0.747044565537385
"Rbms1",NA,73,0.41949629441194,0.186459887730399,0.186459887730399,1.0435064520935,1.61933504332454,0.649365999132695
"Rbms3",NA,38,0.519070934457941,0.578034100043346,0.519070934457941,1.26657545536627,1.58537808098109,0.763655641435896
"Rbpms",NA,55,0.657992232846966,0.204363762977142,0.204363762977142,1.08346309512918,1.61176712178525,0.649365999132695
"Rcsd1",NA,20,0.731811921677855,0.186207092081977,0.186207092081977,0.868957406537191,1.50110040624902,0.649365999132695
"Reln",NA,71,0.934852652731226,0.553599156941579,0.553599156941579,1.03650139595402,1.63298457167057,0.766942789818405
"Rere",NA,35,0.164463556389484,0.699192792298512,0.164463556389484,1.02765997531182,1.53292649941547,0.649365999132695
"Rfx3",NA,23,1,0.635102255811792,0.635102255811792,1.71014509658775,1.5065824692873,0.778236614347283
"Rhoj",NA,57,0.330941929627151,0.62691413344581,0.330941929627151,1.18619236118026,1.63437093760184,0.684832387221149
"Rin3",NA,28,0.50953118411279,0.363423838219405,0.363423838219405,1.10074404945944,1.52271242150682,0.699083590459042
"Rock1",NA,42,0.252720281581052,0.382302636959202,0.252720281581052,1.10769866156345,1.5947359395588,0.649365999132695
"Rock2",NA,55,0.911339181561375,0.636176238529147,0.636176238529147,1.04035348355612,1.63068324294095,0.778236614347283
"Rora",NA,59,0.633276830419238,0.598103870162076,0.598103870162076,1.97808493563779,1.62454573411963,0.771596170337134
"Rtn3",NA,33,0.0547218290390434,0.0620100130423785,0.0547218290390434,1.24904416889441,1.53078531136189,0.581816148898335
"Rtn4",NA,32,0.534486074697394,0.146721546234658,0.146721546234658,1.22077020810271,1.5481157917017,0.649365999132695
"Samd4",NA,26,0.86845433565964,0.95697709945337,0.86845433565964,1.15439973926388,1.55302966443785,0.879310014855386
"Sash1",NA,60,0.659622083694457,0.449481964514196,0.449481964514196,1.15561818348843,1.62978384233295,0.744041965306612
"Sbf2",NA,38,0.481678570352814,0.813810463332746,0.481678570352814,1.22326109572482,1.56283455806645,0.747044565537385
"Schip1",NA,32,0.248065233984343,0.488817814995738,0.248065233984343,1.06315442123129,1.54383374290466,0.649365999132695
"Sema3a",NA,42,0.582392354701974,0.980378799138802,0.582392354701974,1.31887364665202,1.61949096399608,0.766942789818405
"Sema3d",NA,50,0.0800348293813287,0.0421293231410831,0.0421293231410831,1.26397277237923,1.61268646111831,0.581816148898335
"Sema6a",NA,49,0.209668125595758,0.768824481497469,0.209668125595758,1.39685818348426,1.6225016222031,0.649365999132695
"Senp6",NA,29,0.220274893205905,0.964104758694963,0.220274893205905,0.861909844342854,1.52831222219928,0.649365999132695
"Septin11",NA,28,0.690347455544747,0.583579245081624,0.583579245081624,1.20249028024056,1.53482056850904,0.766942789818405
"Serinc3",NA,53,0.0182907258526723,0.549592055984042,0.0182907258526723,1.13928360502124,1.6225016222031,0.573815060587133
"Setbp1",NA,20,0.775211426981649,0.454280076104378,0.454280076104378,1.29671875249865,1.58901112222828,0.744041965306612
"Setd5",NA,42,0.431984090732247,0.623279861552474,0.431984090732247,1.1313763118588,1.56693866377218,0.731149192373684
"Sh3pxd2a",NA,32,0.646617654879626,0.60483853088384,0.60483853088384,1.12610893176294,1.54152092115287,0.772395150925985
"Sik2",NA,23,0.667777895083248,0.679513633328988,0.667777895083248,1.25113674257716,1.50110040624902,0.787327723406631
"Sik3",NA,52,0.687059133901104,0.723101640288835,0.687059133901104,1.17896046866366,1.6225016222031,0.789782475398015
"Slc8a1",NA,34,0.780372074780491,0.890545217473415,0.780372074780491,1.39609888964714,1.58038375000153,0.835626661995646
"Slco3a1",NA,46,0.891719114972359,0.559942149091482,0.559942149091482,0.961047370465177,1.61674598687291,0.766942789818405
"Slit3",NA,12,0.856941104904843,0.953473723185105,0.856941104904843,2.29602653556496,1.54995631804795,0.874112281560358
"Slmap",NA,40,0.999999999999961,0.796766006104388,0.796766006104388,1.12416955227525,1.53482056850904,0.844423038245211
"Smad1",NA,49,0.0507959767993649,0.0687198226307804,0.0507959767993649,1.02773493105839,1.58038375000153,0.581816148898335
"Smg1",NA,33,0.837441543327181,0.988272247747614,0.837441543327181,1.04124240454868,1.55665421021628,0.868877071053944
"Smg6",NA,38,0.151927429437406,0.164881949987417,0.151927429437406,1.15157066673985,1.55665421021628,0.649365999132695
"Smurf2",NA,31,0.85445926474368,0.583714237683284,0.583714237683284,0.997341696934319,1.5369269773335,0.766942789818405
"Smyd3",NA,27,0.217483452880027,0.241949518545136,0.217483452880027,1.08286224034464,1.53919102846585,0.649365999132695
"Sncaip",NA,29,0.409696811981148,0.306332276862152,0.306332276862152,1.20421617613776,1.52831222219928,0.667364485021861
"Snd1",NA,29,0.536743308360286,0.315738303723737,0.315738303723737,1.20450203476189,1.51426755049512,0.667364485021861
"Sned1",NA,46,0.298702784935341,0.655174921640818,0.298702784935341,1.1897158250436,1.58200351901701,0.667087123601107
"Snrk",NA,41,0.874026700022035,0.685609241720032,0.685609241720032,1.13437867406563,1.57069182234413,0.789782475398015
"Sntb2",NA,35,0.419068094243368,0.298682040699532,0.298682040699532,1.03336313131029,1.56693866377218,0.667087123601107
"Son",NA,47,0.314385412494783,0.264984208997723,0.264984208997723,1.34222199096562,1.6039754425272,0.649365999132695
"Sorbs1",NA,31,0.853925853385763,0.611160327410227,0.611160327410227,1.24259664728212,1.52559009073795,0.776968398299548
"Spag9",NA,37,0.516002268947382,0.662123735286648,0.516002268947382,1.27976420152468,1.58038375000153,0.763655641435896
"Sptan1",NA,32,0.316075332835215,0.381510439448603,0.316075332835215,1.09635445549845,1.54383374290466,0.667364485021861
"Sptbn1",NA,88,0.54363991752674,0.659862629196139,0.54363991752674,0.964483607928636,1.59941876870923,0.766942789818405
"Sptlc2",NA,39,0.339654389907332,0.646836392700608,0.339654389907332,0.961668388791154,1.57069182234413,0.690721652659691
"Srek1",NA,27,0.860271507274424,0.616127729505317,0.616127729505317,1.21956280993823,1.5065824692873,0.778236614347283
"Srgap2",NA,37,0.106531275999968,0.110822426181175,0.106531275999968,1.18256110343199,1.53919102846585,0.649365999132695
"Ssbp2",NA,51,0.359524195636559,0.886251279065415,0.359524195636559,1.13756136716628,1.61080567436334,0.696843161320559
"Ssh2",NA,43,0.27887683245259,0.1915122618215,0.1915122618215,1.31614501705723,1.58537808098109,0.649365999132695
"St3gal6",NA,31,0.861474212221941,0.960387317123689,0.861474212221941,1.22946355759255,1.5369269773335,0.874112281560358
"St6galnac3",NA,39,0.680685202593647,0.591738586027011,0.591738586027011,1.17008701043959,1.58200351901701,0.766942789818405
"Stab1",NA,41,0.884260464173819,0.750304928233882,0.750304928233882,1.16125611141865,1.60647709605284,0.816550660861058
"Stag1",NA,47,0.541502009693344,0.453687468475994,0.453687468475994,0.990638084111848,1.6039754425272,0.744041965306612
"Stard13",NA,51,0.461909650419625,0.559494931550167,0.461909650419625,1.18847079665419,1.6253485361343,0.744041965306612
"Stat3",NA,17,0.669758170179909,0.858475278489357,0.669758170179909,1.51411607671286,1.5065824692873,0.787686770195945
"Stim1",NA,26,0.561499267424034,0.408626198590161,0.408626198590161,1.288415753206,1.51426755049512,0.727743993511918
"Ston2",NA,36,0.492422837317277,0.0751738361744841,0.0751738361744841,1.37588983723609,1.56283455806645,0.601422432222345
"Stox2",NA,78,0.358698294710261,0.802685026031363,0.358698294710261,1.2697334863764,1.61386312534119,0.696843161320559
"Strn3",NA,38,0.772647168084787,0.565896620754364,0.565896620754364,1.0595322520611,1.57238972754374,0.766942789818405
"Stxbp6",NA,49,0.500968339082986,0.0830717347732985,0.0830717347732985,1.31301524286765,1.62305156012278,0.619758863374477
"Susd6",NA,47,0.494009040089051,0.626929368788331,0.494009040089051,1.32890637857268,1.58200351901701,0.754994948060625
"Swt1",NA,24,0.39987927514047,0.387905920011666,0.387905920011666,1.32407091065951,1.51177223527338,0.709277609389864
"Syne1",NA,58,0.215303722282195,0.866207023982906,0.215303722282195,0.972860233626323,1.63404336046998,0.649365999132695
"Tacc1",NA,23,0.14944123858884,0.012606239492998,0.012606239492998,1.15430114618072,1.50387952604923,0.500450645363871
"Tanc1",NA,48,1,0.631911678888534,0.631911678888534,1.00473950303966,1.60525743737194,0.778236614347283
"Tanc2",NA,36,0.389591717710822,0.471732903075953,0.389591717710822,0.919933997253296,1.53919102846585,0.709277609389864
"Tasor",NA,43,0.47991997960834,0.792969551682623,0.47991997960834,1.21133556345762,1.57402875509368,0.747044565537385
"Tbc1d5",NA,49,0.817295951110563,0.833031553627689,0.817295951110563,1.2159550092198,1.61080567436334,0.856574499592771
"Tc2n",NA,41,0.146091001091567,0.311897832319737,0.146091001091567,1.44071874039189,1.61521945738419,0.649365999132695
"Tcf12",NA,39,0.707548953330688,0.96880114431468,0.707548953330688,1.23630360658492,1.61268646111831,0.792846356795455
"Tcf4",NA,66,0.0902732927715486,0.0538461834004629,0.0538461834004629,1.04412510556383,1.63419724220948,0.581816148898335
"Tcf7l1",NA,27,0.872605129662437,0.903027796671162,0.872605129662437,1.31926458350293,1.52559009073795,0.881937804845993
"Tcf7l2",NA,30,0.238486495659703,0.754522572219851,0.238486495659703,1.72319464703312,1.54995631804795,0.649365999132695
"Tek",NA,43,0.551553756691095,0.539529743978351,0.539529743978351,1.20977661554977,1.57563015898898,0.766942789818405
"Thsd7a",NA,50,0.852454087911258,0.84703227022109,0.84703227022109,1.6596160985826,1.63447852597472,0.870290903944157
"Timp3",NA,54,0.715233208158238,0.344855147224711,0.344855147224711,1.56373437087876,1.6290074796333,0.695846507033491
"Tll1",NA,37,0.468081086213328,0.869427586385547,0.468081086213328,1.44377901087759,1.58366415144169,0.745511168210553
"Tmcc1",NA,26,0.233840817876595,0.51542299939007,0.233840817876595,1.20512932769252,1.50921238488195,0.649365999132695
"Tmem131",NA,21,0.0622579512847263,0.123747199442643,0.0622579512847263,0.858728141836302,1.51177223527338,0.598309464041353
"Tmtc1",NA,38,1,0.999999999999998,0.999999999999998,1.01403508763109,1.55302966443785,0.999999999999998
"Tnks2",NA,34,0.50012927867756,0.982261938359651,0.50012927867756,1.06062381937891,1.5481157917017,0.758334084296324
"Tnpo1",NA,28,0.853918268490172,0.424655575280701,0.424655575280701,0.974127786950383,1.52271242150682,0.730882167202061
"Tnrc6b",NA,36,0.164207381089843,0.253606179758195,0.164207381089843,1.05662388036098,1.53292649941547,0.649365999132695
"Tnrc6c",NA,43,0.272976583077679,0.956118504245062,0.272976583077679,1.00755528580059,1.58715683878442,0.649365999132695
"Top1",NA,33,0.837001165879909,0.588664793302247,0.588664793302247,1.10328286659778,1.5481157917017,0.766942789818405
"Trpm7",NA,34,0.861779127675908,0.951992884945036,0.861779127675908,1.08166339073863,1.54605458504756,0.874112281560358
"Tshz2",NA,66,0.633591486630887,0.750957740403417,0.633591486630887,1.28525752196549,1.63295471568537,0.778236614347283
"Tspan18",NA,35,0.0609343046162436,0.867307914961499,0.0609343046162436,1.21834171375145,1.60120826880613,0.595685357196727
"Tspan5",NA,39,0.0652106072739307,0.874750229768969,0.0652106072739307,1.30767268003244,1.58200351901701,0.60013846326094
"Tspan9",NA,39,0.773899406594231,0.820633893687525,0.773899406594231,1.03567027470243,1.5909508589315,0.835061794712285
"Ttc28",NA,41,0.817242836015648,0.811576744760834,0.811576744760834,1.18653677028199,1.60647709605284,0.856574499592771
"Tulp4",NA,30,0.0881125863633794,0.317226200518828,0.0881125863633794,1.05706998066902,1.54383374290466,0.64882904503943
"Ube2d3",NA,28,0.117520494525279,0.0554110617998414,0.0554110617998414,1.05026225772623,1.52559009073795,0.581816148898335
"Ube2e2",NA,45,0.794003190873585,0.693632800382823,0.693632800382823,1.31781451001428,1.60874442156681,0.791810091622008
"Ube2h",NA,26,0.289595034269347,0.57510955552112,0.289595034269347,1.04480057783885,1.51692507886401,0.664778884334898
"Ubn2",NA,30,0.254992171648266,0.503142768300471,0.254992171648266,1.19499467967483,1.53078531136189,0.649365999132695
"Ubr3",NA,47,0.392430135797449,0.334505732509444,0.334505732509444,0.962912986293852,1.56693866377218,0.689690001210381
"Ubr5",NA,38,1,0.608829374985792,0.608829374985792,1.1732888618378,1.53919102846585,0.775744394644818
"Ulk2",NA,27,0.398552853070759,0.432023626179957,0.398552853070759,1.33672350009454,1.50921238488195,0.718622549718914
"Unc13b",NA,24,0.620235296849913,0.467952806433252,0.467952806433252,1.24698901455926,1.54383374290466,0.745511168210553
"Usp24",NA,31,0.515036981656179,0.642391104084856,0.515036981656179,1.12380952577164,1.52271242150682,0.763655641435896
"Usp25",NA,31,0.743932435444196,0.89458279931747,0.743932435444196,1.10103421681935,1.53078531136189,0.814304422580809
"Usp34",NA,40,0.661678319428633,0.723507075088893,0.661678319428633,1.17599340763403,1.5909508589315,0.786523285358564
"Utrn",NA,72,0.054438882119455,0.0661488123893349,0.054438882119455,1.31875505003164,1.63306824426863,0.581816148898335
"Uvrag",NA,33,0.646360945978728,0.366288049281505,0.366288049281505,1.1536181861261,1.5481157917017,0.699083590459042
"Vav3",NA,56,0.843229677728582,0.545189585090364,0.545189585090364,1.10348536419924,1.63377734141345,0.766942789818405
"Vgll4",NA,29,0.432079623910615,0.235329833646299,0.235329833646299,1.2080479359467,1.54152092115287,0.649365999132695
"Vim",NA,52,0.911348133460408,0.465828889762289,0.465828889762289,1.04367593142527,1.63014835699993,0.745511168210553
"Vps13a",NA,20,0.189281968715086,0.35508679072222,0.189281968715086,1.10412701782374,1.50110040624902,0.649365999132695
"Vps13b",NA,34,0.534464864997138,0.637913426263389,0.534464864997138,1.21931555577604,1.54995631804795,0.766942789818405
"Vti1a",NA,36,0.722722827465824,0.81786893950605,0.722722827465824,1.03470225456826,1.55866282269202,0.801949421936461
"Wac",NA,42,0.502342787087121,0.594575428028273,0.502342787087121,1.25238516773676,1.57069182234413,0.758334084296324
"Wasf2",NA,34,0.476513637715171,0.190961332687478,0.190961332687478,1.26601307630735,1.52271242150682,0.649365999132695
"Wdfy3",NA,48,0.60094247851654,0.266506706880616,0.266506706880616,1.18449074230627,1.59648331806702,0.649365999132695
"Wipf1",NA,34,0.733024866062314,0.229094629522093,0.229094629522093,1.08995100425574,1.53292649941547,0.649365999132695
"Wnk1",NA,40,0.875990030059542,0.734779682486982,0.734779682486982,1.41858599578083,1.62074094516875,0.812124912222454
"Wwc2",NA,28,0.293722892048331,0.5274816966272,0.293722892048331,1.10343624914003,1.52271242150682,0.666163519165615
"Wwox",NA,38,0.32019648210083,0.819034777399409,0.32019648210083,1.23085096105499,1.61080567436334,0.667364485021861
"Wwtr1",NA,32,0.517129597288659,0.987210095974977,0.517129597288659,1.2540409453737,1.53919102846585,0.763655641435896
"Xdh",NA,25,0.146688892325097,0.789013013784184,0.146688892325097,1.09240588438142,1.51978455349427,0.649365999132695
"Yes1",NA,26,0.861514873955129,0.255695360613251,0.255695360613251,1.19515587999903,1.53292649941547,0.649365999132695
"Zbtb16",NA,47,0.292015083061326,0.124116437390522,0.124116437390522,1.03277602855365,1.62609026755853,0.649365999132695
"Zbtb46",NA,26,0.399234749843841,0.826781055114331,0.399234749843841,1.12172365812164,1.51177223527338,0.718622549718914
"Zbtb7c",NA,34,0.121462172758948,0.183467938850804,0.121462172758948,1.16667141395744,1.5481157917017,0.649365999132695
"Zcchc7",NA,48,0.713961522714943,0.93724168669427,0.713961522714943,1.17243898876312,1.61176712178525,0.798454010610202
"Zeb1",NA,49,0.0335116258310828,0.633856148507856,0.0335116258310828,1.21777141377793,1.6285815000046,0.581816148898335
"Zfand3",NA,47,0.900148724389618,0.625404214160723,0.625404214160723,1.13180979143867,1.61080567436334,0.778236614347283
"Zfand6",NA,32,0.873609418128291,0.839761260912807,0.839761260912807,1.03448209379247,1.55475921377947,0.868877071053944
"Zfc3h1",NA,31,0.633384879395395,0.101810267542312,0.101810267542312,1.19777832019563,1.54383374290466,0.649365999132695
"Zfhx3",NA,40,0.893404186972181,0.77884732385524,0.77884732385524,0.956830957316791,1.57069182234413,0.835626661995646
"Zfp148",NA,32,1,0.781220999154494,0.781220999154494,1.13339090211688,1.51978455349427,0.835626661995646
"Zfp407",NA,35,0.868784176744507,0.738437910900081,0.738437910900081,1.34071720805368,1.56887499804859,0.812998632000672
"Zfp423",NA,30,0.719773971411875,0.241805423532426,0.241805423532426,1.02588115564416,1.51978455349427,0.649365999132695
"Zfp521",NA,62,0.502881156429308,0.551191571934421,0.502881156429308,1.56093473448299,1.63394492624441,0.758334084296324
"Zfpm2",NA,64,0.799914324458232,0.718067880315767,0.718067880315767,1.10503452009223,1.63387679238256,0.801465527832755
"Zfr",NA,33,0.680640478596997,0.882852165631015,0.680640478596997,1.04160223869939,1.57721210606532,0.789782475398015
"Zmiz1",NA,33,0.490194529232573,0.0635084133815356,0.0635084133815356,0.966876183969467,1.54383374290466,0.60013846326094
"Zswim6",NA,37,0.857364706182005,0.318619841707897,0.318619841707897,1.30463021769991,1.60525743737194,0.667364485021861
"Zup1",NA,32,0.70528435349149,0.722352837615671,0.70528435349149,1.33911726179719,1.51978455349427,0.792846356795455
"Kdm6a",NA,24,0.742386341561206,0.995573942213392,0.742386341561206,0.916083921222195,1.50387952604923,0.814304422580809
"Atp11c",NA,26,1,0.994914845940095,0.994914845940095,0.666666672829295,1.51426755049512,0.999999999999998
"Eda",NA,17,0.402934160413182,0.0928019817738125,0.0928019817738125,1.79651429705708,1.50921238488195,0.649365999132695
"Xist",NA,15,0.00188958419632459,0.9944162940119,0.00188958419632459,2.96203705676351,1.55665421021628,0.240697598453919
"Atrx",NA,20,0.0350698096505605,0.997362983943302,0.0350698096505605,0.900000002350314,1.50387952604923,0.581816148898335
"Diaph2",NA,19,0.134750749000375,0.215285141994677,0.134750749000375,0.998839082566145,1.51692507886401,0.649365999132695
"Huwe1",NA,19,0.399074128132668,0.213817272914319,0.213817272914319,1.13670370145967,1.49221207791666,0.649365999132695
"Rps6ka3",NA,18,0.0656236062119546,0.996898313383464,0.0656236062119546,0.944444447901272,1.52559009073795,0.60013846326094
"Arhgap6",NA,34,0.00881278148756915,0.012026476982545,0.00881278148756915,1.73535120513662,1.63050556986697,0.454258827586519
