"gene","phi_hat","phi_trend","df","statistic","p_over","p_under","p_two","padj_over","padj_two"
"1700025G04Rik",1.82629694731977,1.64046092640252,34,37.8516154877537,0.297798025894745,0.702201974105255,0.595596051789489,0.726687550456449,0.999912566988752
"5031425E22Rik",1.69090787700099,1.54787938004089,23,25.1252660074814,0.343859079520968,0.656140920479032,0.687718159041936,0.726687550456449,0.999912566988752
"9530026P05Rik",1.68531870575992,1.58898717677416,26,27.5762366054547,0.379620459147928,0.620379540852072,0.759240918295855,0.726687550456449,0.999912566988752
"AW554918",1.57086543489448,1.52792031780819,30,30.8432072651779,0.423144408381707,0.576855591618293,0.846288816763413,0.726687550456449,0.999912566988752
"Abca1",1.39178321977879,1.49717798473061,31,28.8177359359888,0.578725376296226,0.421274623703774,0.842549247407549,0.726687550456449,0.999912566988752
"Abca8a",2.55193163718998,1.77485226584624,19,27.3187250790653,0.0974453634200192,0.902554636579981,0.194890726840038,0.726687550456449,0.999912566988752
"Abhd17b",1.56848935672167,1.54833961515638,31,31.4034269887622,0.446022068381153,0.553977931618846,0.892044136762307,0.726687550456449,0.999912566988752
"Abi1",1.53431103817967,1.57444505464139,45,43.8529096423827,0.520520811741234,0.479479188258766,0.958958376517532,0.726687550456449,0.999912566988752
"Abi3bp",2.05393413750475,1.81097481643984,57,64.647086627038,0.227138590084163,0.772861409915837,0.454277180168327,0.726687550456449,0.999912566988752
"Ablim1",2.0199061898564,1.63880745731332,21,25.8834738624666,0.210927076611466,0.789072923388534,0.421854153222933,0.726687550456449,0.999912566988752
"Acyp2",1.69320130377908,1.57575539850084,20,21.490661626671,0.368775346502863,0.631224653497137,0.737550693005727,0.726687550456449,0.999912566988752
"Adam12",1.90438831205743,1.60569100852245,22,26.0925312796117,0.247730406064318,0.752269593935682,0.495460812128637,0.726687550456449,0.999912566988752
"Adamtsl1",2.47569865366789,1.91461779922174,43,55.6011973517592,0.0941961247256084,0.905803875274392,0.188392249451217,0.726687550456449,0.999912566988752
"Adgrf5",1.47237547890501,1.51450776805993,32,31.1097878258593,0.511438908235595,0.488561091764405,0.97712218352881,0.726687550456449,0.999912566988752
"Agap1",1.54312647057155,1.55565490869272,39,38.6859142191528,0.484059556327944,0.515940443672056,0.968119112655888,0.726687550456449,0.999912566988752
"Agfg1",1.41926880206204,1.48679139754588,32,30.5467207712868,0.540110690655584,0.459889309344416,0.919778618688831,0.726687550456449,0.999912566988752
"Ago3",1.58157958359053,1.56443751566261,39,39.4273361144154,0.450769110487756,0.549230889512244,0.901538220975513,0.726687550456449,0.999912566988752
"Ahnak",1.40193943543523,1.49537986227119,38,35.6255289312418,0.579764012934119,0.420235987065881,0.840471974131761,0.726687550456449,0.999912566988752
"Airn",1.96001156547878,1.74890152293098,44,49.3112435150357,0.269166125952328,0.730833874047672,0.538332251904655,0.726687550456449,0.999912566988752
"Akap13",1.64950118535515,1.63078207865873,47,47.5394945322523,0.450579126506428,0.549420873493572,0.901158253012857,0.726687550456449,0.999912566988752
"Akt3",1.55058634875091,1.57286374472384,38,37.4617836097939,0.494165707144905,0.505834292855095,0.988331414289809,0.726687550456449,0.999912566988752
"Ambra1",1.68096599437236,1.56302639944249,31,33.339133519517,0.354132045935636,0.645867954064364,0.708264091871271,0.726687550456449,0.999912566988752
"Ank2",1.61896812249964,1.53445506970716,18,18.9913844857998,0.392354207531206,0.607645792468794,0.784708415062412,0.726687550456449,0.999912566988752
"Ankrd11",1.41379236159342,1.49840253567935,35,33.0236578472788,0.56381507003666,0.43618492996334,0.872369859926679,0.726687550456449,0.999912566988752
"Ankrd17",1.56550827414521,1.58719550819026,44,43.3987896934827,0.497271116872118,0.502728883127882,0.994542233744235,0.726687550456449,0.999912566988752
"Ano6",1.56278850839499,1.56568842985524,29,28.9462870640521,0.467866371978101,0.532133628021899,0.935732743956201,0.726687550456449,0.999912566988752
"Anxa2",1.56934320413153,1.54778880026617,27,27.3760002038164,0.44365632873795,0.55634367126205,0.887312657475901,0.726687550456449,0.999912566988752
"Aopep",1.52203903262716,1.58269340854672,47,45.1987947553046,0.54742423176434,0.45257576823566,0.90515153647132,0.726687550456449,0.999912566988752
"Ap3b1",1.65635410489047,1.56056134517795,30,31.8415058147219,0.374934846155021,0.625065153844979,0.749869692310042,0.726687550456449,0.999912566988752
"Apaf1",1.92827192754502,1.65387971538934,31,36.1431543041955,0.240752648389347,0.759247351610653,0.481505296778695,0.726687550456449,0.999912566988752
"Apba1",1.52234196135353,1.50200973157755,22,22.2978070285882,0.44223799818031,0.55776200181969,0.88447599636062,0.726687550456449,0.999912566988752
"Apbb2",1.60968940109095,1.54658097976812,26,27.0609331007288,0.406143279486482,0.593856720513518,0.812286558972963,0.726687550456449,0.999912566988752
"Apc",1.52044738081624,1.51805398402498,32,32.050451893099,0.464244022753255,0.535755977246745,0.928488045506509,0.726687550456449,0.999912566988752
"App",1.62441347835414,1.62960108206818,64,63.7962650851476,0.483664732169003,0.516335267830997,0.967329464338006,0.726687550456449,0.999912566988752
"Arb2a",1.82731297562668,1.68872273095478,45,48.6930639328277,0.326717189266474,0.673282810733526,0.653434378532949,0.726687550456449,0.999912566988752
"Arhgap21",1.60859036726903,1.53447432008882,26,27.2558158852564,0.396015438073911,0.603984561926089,0.792030876147822,0.726687550456449,0.999912566988752
"Arhgap24",1.78721434801283,1.58526751506297,19,21.4204052562668,0.314042843226565,0.685957156773435,0.62808568645313,0.726687550456449,0.999912566988752
"Arhgap26",1.41153322349819,1.51789363328555,39,36.267228815811,0.595198892467265,0.404801107532735,0.809602215065469,0.726687550456449,0.999912566988752
"Arhgap29",1.38768938831049,1.50349277803476,41,37.8420606682919,0.611767150508786,0.388232849491214,0.776465698982428,0.732006966134506,0.999912566988752
"Arhgap32",1.35361819606732,1.47304040784936,23,21.1353458762228,0.572822318298552,0.427177681701448,0.854355363402895,0.726687550456449,0.999912566988752
"Arhgap42",1.17860794412476,1.41276780598346,18,15.016581567328,0.660828244633475,0.339171755366525,0.67834351073305,0.741959633083526,0.999912566988752
"Arhgef12",1.5255989944502,1.57292583089937,40,38.796463621629,0.524369156597645,0.475630843402355,0.951261686804709,0.726687550456449,0.999912566988752
"Arhgef3",1.08461183121633,1.36441410742911,38,30.2072877741496,0.812077791208329,0.187922208791671,0.375844417583341,0.828144078444465,0.999912566988752
"Arid1b",1.57948101821593,1.59206068805518,50,49.6049249273715,0.489165500553032,0.510834499446968,0.978331001106064,0.726687550456449,0.999912566988752
"Arid2",1.75455689377516,1.58107870465171,29,32.1819209693853,0.311945027654435,0.688054972345565,0.62389005530887,0.726687550456449,0.999912566988752
"Arid4b",1.49487049480247,1.49289678435881,23,23.0304075544135,0.458996382420733,0.541003617579267,0.917992764841466,0.726687550456449,0.999912566988752
"Arih1",1.63886683539894,1.6188582332809,43,43.5314671003229,0.448691090138625,0.551308909861375,0.89738218027725,0.726687550456449,0.999912566988752
"Arl13b",1.40327454333833,1.48955061336333,29,27.3202947195762,0.554428991807987,0.445571008192013,0.891142016384025,0.726687550456449,0.999912566988752
"Arl15",2.02134854136365,1.78193779800052,48,54.4489993389918,0.242521353487031,0.757478646512969,0.485042706974061,0.726687550456449,0.999912566988752
"Asap1",1.35257602251537,1.48985845513487,67,60.8263108459699,0.688838881461862,0.311161118538138,0.622322237076275,0.742531645986456,0.999912566988752
"Ash1l",1.54658632832255,1.52144041831099,26,26.429720186497,0.439689839305207,0.560310160694793,0.879379678610415,0.726687550456449,0.999912566988752
"Atad2b",1.59205330497022,1.54260039471367,32,33.0258607048414,0.416785671341222,0.583214328658778,0.833571342682444,0.726687550456449,0.999912566988752
"Ate1",1.45279554578963,1.50367177937099,32,30.9172906634688,0.521215781601393,0.478784218398607,0.957568436797213,0.726687550456449,0.999912566988752
"Atp10d",1.85830222486532,1.5932267268427,25,29.1594126805153,0.257307092007635,0.742692907992365,0.514614184015269,0.726687550456449,0.999912566988752
"Atp2a2",1.87542772746255,1.60976421114413,26,30.2908466820551,0.255737115659439,0.744262884340561,0.511474231318879,0.726687550456449,0.999912566988752
"Atp2c1",1.22802722026905,1.4211091878597,25,21.6033227910966,0.658533353967149,0.341466646032851,0.682933292065703,0.741959633083526,0.999912566988752
"Atxn1",1.82737104154125,1.65375319838234,36,39.7794287320712,0.305473992481243,0.694526007518757,0.610947984962486,0.726687550456449,0.999912566988752
"B3galt1",2.08470783628291,1.61425125410026,16,20.6630320377963,0.19182983564503,0.80817016435497,0.383659671290059,0.726687550456449,0.999912566988752
"B4galt1",1.85388690985242,1.58721656647753,19,22.1922149951897,0.274794718095532,0.725205281904468,0.549589436191064,0.726687550456449,0.999912566988752
"Bbx",1.9450478571215,1.61009801956388,24,28.9927370903545,0.220404323546089,0.779595676453911,0.440808647092178,0.726687550456449,0.999912566988752
"Bcas3",1.45657901984943,1.49706712327983,28,27.2427414386286,0.505060050675568,0.494939949324432,0.989879898648864,0.726687550456449,0.999912566988752
"Bicc1",1.67073065318174,1.57499185319678,19,20.1549502278518,0.385308888427797,0.614691111572203,0.770617776855594,0.726687550456449,0.999912566988752
"Birc6",1.45553697463571,1.52705777931263,45,42.8923939525654,0.561630389235992,0.438369610764008,0.876739221528016,0.726687550456449,0.999912566988752
"Bmp2k",1.50113607997344,1.52350924828652,34,33.5007002921051,0.491939019630057,0.508060980369943,0.983878039260115,0.726687550456449,0.999912566988752
"Bmpr2",1.28997891916176,1.46178789018542,38,33.5337289748166,0.676002062309363,0.323997937690637,0.647995875381274,0.742407517824395,0.999912566988752
"Braf",2.22104558737161,1.7223947393895,31,39.9748162450406,0.129609270160849,0.870390729839151,0.259218540321698,0.726687550456449,0.999912566988752
"Btbd7",1.55310282047717,1.52504248236422,26,26.4783924378328,0.437065404259754,0.562934595740246,0.874130808519508,0.726687550456449,0.999912566988752
"Calcrl",1.4355742525048,1.50020044388611,31,29.6645704972392,0.534663523966364,0.465336476033636,0.930672952067273,0.726687550456449,0.999912566988752
"Cald1",1.75281853660631,1.61063799358957,29,31.5600015421815,0.339514146500867,0.660485853499133,0.679028293001733,0.726687550456449,0.999912566988752
"Camk2d",1.43228145929423,1.51141019984674,41,38.8534759372527,0.566425772007189,0.433574227992811,0.867148455985621,0.726687550456449,0.999912566988752
"Cav1",1.7569497490614,1.60198417771348,28,30.7085386098724,0.330173801191241,0.669826198808759,0.660347602382482,0.726687550456449,0.999912566988752
"Cavin2",1.51271198772551,1.56849964445252,47,45.3283261329111,0.541999414371951,0.458000585628049,0.916001171256099,0.726687550456449,0.999912566988752
"Cblb",1.49908280169467,1.53176468899756,29,28.3812530484667,0.497605154686085,0.502394845313915,0.995210309372169,0.726687550456449,0.999912566988752
"Ccl21a",1.38402284224863,1.48336739671259,76,70.9101037571721,0.643572424501505,0.356427575498495,0.712855150996991,0.737182958974451,0.999912566988752
"Ccny",1.85810901248719,1.69377948405507,44,48.2688551367402,0.304425878228006,0.695574121771994,0.608851756456012,0.726687550456449,0.999912566988752
"Cd36",1.57054453713965,1.52435883055361,18,18.5453720619357,0.420305810345797,0.579694189654203,0.840611620691594,0.726687550456449,0.999912566988752
"Cd47",1.40166479072343,1.49072005512505,29,27.2675468416971,0.557272745868424,0.442727254131576,0.885454508263152,0.726687550456449,0.999912566988752
"Cd9",0.622878395022902,1.23407175058762,22,11.1041555598196,0.973231291387959,0.0267687086120407,0.0535374172240814,0.974950781302072,0.999912566988752
"Cdc14a",1.5580089801892,1.49970104776063,20,20.7775940747077,0.410325655452538,0.589674344547462,0.820651310905076,0.726687550456449,0.999912566988752
"Cdc42",1.56594367981817,1.53848473455926,25,25.4462011328759,0.437603459420181,0.562396540579819,0.875206918840362,0.726687550456449,0.999912566988752
"Cdc42bpa",1.51711484801577,1.56171300543957,50,48.5721397827752,0.530799330044855,0.469200669955145,0.938401339910289,0.726687550456449,0.999912566988752
"Cdh13",1.96621768180286,1.69301094304977,24,27.8729588588853,0.265434865922266,0.734565134077734,0.530869731844533,0.726687550456449,0.999912566988752
"Cdk14",1.8156626043561,1.56468233698436,19,22.0476633929758,0.281890545992875,0.718109454007125,0.56378109198575,0.726687550456449,0.999912566988752
"Cdkal1",1.50246885876663,1.5262411386208,30,29.5327288869507,0.489759917542665,0.510240082457335,0.97951983508533,0.726687550456449,0.999912566988752
"Celf2",1.2651504966358,1.48440690101148,41,34.9440374648773,0.735721794780514,0.264278205219486,0.528556410438971,0.768239885157554,0.999912566988752
"Cemip2",1.552760536258,1.57294749688463,30,29.61498472136,0.485492779795045,0.514507220204955,0.970985559590091,0.726687550456449,0.999912566988752
"Cep85l",1.54662561511062,1.58776992666442,50,48.7043364764997,0.525446657759954,0.474553342240046,0.949106684480092,0.726687550456449,0.999912566988752
"Chaserr",1.57763477314929,1.52364566534516,25,25.8858540576738,0.413710105222279,0.586289894777721,0.827420210444559,0.726687550456449,0.999912566988752
"Chd2",1.43297688836118,1.5080303076083,35,33.2580789919166,0.552363587788269,0.447636412211731,0.895272824423463,0.726687550456449,0.999912566988752
"Chd9",1.77070143484688,1.6827076134016,51,53.6669427641309,0.372443582466669,0.627556417533331,0.744887164933338,0.726687550456449,0.999912566988752
"Chrm3",2.24676489398819,1.87431223704647,53,63.5318582612559,0.152469393118203,0.847530606881797,0.304938786236406,0.726687550456449,0.999912566988752
"Clic4",1.73978479262774,1.66608578731244,41,42.8136276300645,0.393256416545337,0.606743583454663,0.786512833090675,0.726687550456449,0.999912566988752
"Cmah",1.62419730014294,1.55362217303908,22,22.9993760537337,0.401764843854636,0.598235156145364,0.803529687709273,0.726687550456449,0.999912566988752
"Cmip",1.57406727508389,1.59639265597521,47,46.3427100168841,0.499681801270666,0.500318198729334,0.999363602541332,0.726687550456449,0.999912566988752
"Cnot2",1.56021038704524,1.53390241201677,29,29.4973792790523,0.439398625439654,0.560601374560346,0.878797250879308,0.726687550456449,0.999912566988752
"Cnot4",1.22379214245032,1.432875450451,30,25.6224393138664,0.694254845566252,0.305745154433748,0.611490308867496,0.74553503302285,0.999912566988752
"Col23a1",1.53434170441267,1.54524013156582,29,28.7954658431495,0.475755557303357,0.524244442696643,0.951511114606714,0.726687550456449,0.999912566988752
"Col4a1",2.21884896146486,1.80242821853049,34,41.8551284951095,0.166707151599598,0.833292848400402,0.333414303199197,0.726687550456449,0.999912566988752
"Col4a2",1.10543120916804,1.40420766353872,31,24.4040595803687,0.793715963991266,0.206284036008734,0.412568072017469,0.810877390239725,0.999912566988752
"Col5a2",1.69515386316829,1.58824229699888,31,33.0867461831952,0.365563841635699,0.634436158364301,0.731127683271399,0.726687550456449,0.999912566988752
"Col8a1",3.07573482139816,1.80202989154467,17,29.0158849246107,0.0343799276393262,0.965620072360674,0.0687598552786524,0.726687550456449,0.999912566988752
"Colec12",1.90572536229086,1.61159145255793,24,28.3802750519593,0.244327757088265,0.755672242911735,0.48865551417653,0.726687550456449,0.999912566988752
"Cp",1.59465563223103,1.61413754083449,50,49.3965226596058,0.497524820445747,0.502475179554253,0.995049640891494,0.726687550456449,0.999912566988752
"Cped1",1.5707790567627,1.60361232525278,64,62.6896276922578,0.522947106687383,0.477052893312617,0.954105786625234,0.726687550456449,0.999912566988752
"Cplane1",1.72421100829562,1.56609439598387,27,29.725984170153,0.326605488022307,0.673394511977693,0.653210976044613,0.726687550456449,0.999912566988752
"Cpne8",1.61036415392779,1.59344909712174,40,40.4246149271189,0.451503257214353,0.548496742785647,0.903006514428707,0.726687550456449,0.999912566988752
"Cpq",1.82959097775165,1.61945703762485,28,31.6331623419783,0.289694551838275,0.710305448161725,0.579389103676551,0.726687550456449,0.999912566988752
"Creb3l2",1.73339575783135,1.61344609148615,30,32.2303131225422,0.356893907724183,0.643106092275817,0.713787815448366,0.726687550456449,0.999912566988752
"Creb5",1.75125174618449,1.64554115397782,33,35.119940625239,0.367942105884306,0.632057894115694,0.735884211768612,0.726687550456449,0.999912566988752
"Crebbp",1.5440640387387,1.55767958110966,36,35.6853271165015,0.483435264402813,0.516564735597187,0.966870528805626,0.726687550456449,0.999912566988752
"Crim1",1.92483500764155,1.67689756758455,30,34.435645531065,0.263752759030227,0.736247240969773,0.527505518060454,0.726687550456449,0.999912566988752
"Csgalnact1",1.44335206845828,1.51842322092429,30,28.5167939063727,0.54307099527193,0.45692900472807,0.913858009456139,0.726687550456449,0.999912566988752
"Csnk1a1",1.34722711641987,1.48633865027026,40,36.2562627615154,0.639515863983596,0.360484136016403,0.720968272032807,0.734019220402225,0.999912566988752
"Cstf3",1.83884615783207,1.60081764868581,23,26.4199121398108,0.281446337003505,0.718553662996495,0.56289267400701,0.726687550456449,0.999912566988752
"Cyth3",0.91392869848955,1.35418648574817,22,14.8476089359742,0.868694411854332,0.131305588145668,0.262611176291336,0.879389256718445,0.999912566988752
"Cyyr1",1.89230536813476,1.70805838898738,38,42.0990315394026,0.297993726706477,0.702006273293523,0.595987453412953,0.726687550456449,0.999912566988752
"D5Ertd615e",1.60132496599718,1.6184072950574,59,58.3772535395563,0.498426791459992,0.501573208540008,0.996853582919983,0.726687550456449,0.999912566988752
"Daam1",1.42794147549149,1.51736382616218,33,31.0552208236066,0.564217910550316,0.435782089449684,0.871564178899368,0.726687550456449,0.999912566988752
"Dapk1",1.28421151304576,1.45214769277244,38,33.6054230149068,0.672787992161519,0.327212007838481,0.654424015676963,0.742407517824395,0.999912566988752
"Dapk2",1.85642833967657,1.63558083396889,30,34.0508087607956,0.278806064106625,0.721193935893375,0.557612128213249,0.726687550456449,0.999912566988752
"Dcbld2",1.56231977683986,1.54816191077294,32,32.2926384578956,0.452296637618906,0.547703362381094,0.904593275237811,0.726687550456449,0.999912566988752
"Dcn",1.66601053351958,1.62410258854653,23,23.5934863605154,0.426595909516529,0.573404090483471,0.853191819033058,0.726687550456449,0.999912566988752
"Dctn4",1.60987321131629,1.54304986327174,27,28.1692625365827,0.402286420974356,0.597713579025644,0.804572841948712,0.726687550456449,0.999912566988752
"Ddx6",1.58080243592761,1.53789715994248,29,29.8090612532344,0.423581012570196,0.576418987429804,0.847162025140393,0.726687550456449,0.999912566988752
"Dennd1a",1.63873323615134,1.58261856172087,37,38.3119035781241,0.409779916249045,0.590220083750955,0.81955983249809,0.726687550456449,0.999912566988752
"Dennd2a",1.53122425500162,1.51645888036909,21,21.2044716617754,0.446519234576127,0.553480765423873,0.893038469152253,0.726687550456449,0.999912566988752
"Dennd4a",1.52331239048455,1.58040233776123,63,60.7242082016116,0.557889876815399,0.442110123184601,0.884220246369202,0.726687550456449,0.999912566988752
"Dennd5b",1.75284848355468,1.60931083542962,28,30.4973759319957,0.339845141802581,0.660154858197419,0.679690283605161,0.726687550456449,0.999912566988752
"Dennd6a",1.95958955963889,1.60322325440195,23,28.1124664003873,0.211558558794351,0.788441441205649,0.423117117588703,0.726687550456449,0.999912566988752
"Dip2b",1.36132742259515,1.45050261535202,20,18.7704235509396,0.536790649474187,0.463209350525813,0.926418701051626,0.726687550456449,0.999912566988752
"Dip2c",1.49918300506274,1.57018197444921,57,54.4226291468872,0.572366267915347,0.427633732084654,0.855267464169307,0.726687550456449,0.999912566988752
"Dlc1",1.32509938354692,1.51360329595599,31,27.1392649578036,0.665159825234608,0.334840174765392,0.669680349530783,0.742407517824395,0.999912566988752
"Dleu2",1.56903453302547,1.59978348159605,49,48.0581859999859,0.511263692336595,0.488736307663405,0.977472615326811,0.726687550456449,0.999912566988752
"Dlg1",1.61603021540989,1.58490661391851,45,45.8836874392551,0.435346345682567,0.564653654317433,0.870692691365134,0.726687550456449,0.999912566988752
"Dnajc1",1.28938748879791,1.46941518024241,37,32.4668873215617,0.681448201410387,0.318551798589613,0.637103597179226,0.742407517824395,0.999912566988752
"Dnajc13",1.15253278555678,1.40340957501053,18,14.7822777537102,0.67685854058913,0.32314145941087,0.64628291882174,0.742407517824395,0.999912566988752
"Dnm3",1.21282374903518,1.4398750030804,34,28.6386022251778,0.727678855071356,0.272321144928644,0.544642289857289,0.76124337790675,0.999912566988752
"Dock1",1.25414469515438,1.44534188571915,59,51.1951793172392,0.755136969916107,0.244863030083893,0.489726060167786,0.781667425669963,0.999912566988752
"Dock4",1.57349044528578,1.60453775381303,66,64.7229204436426,0.521420570978857,0.478579429021143,0.957158858042286,0.726687550456449,0.999912566988752
"Dock6",1.10086915139309,1.37388476538867,34,27.2435884655698,0.787723815294447,0.212276184705553,0.424552369411106,0.809129353753535,0.999912566988752
"Dock9",1.47975370207161,1.55457706561194,71,67.5826983242724,0.593011354948047,0.406988645051953,0.813977290103907,0.726687550456449,0.999912566988752
"Dpysl3",1.51633191858344,1.54116295525152,32,31.484419755438,0.492512423439274,0.507487576560726,0.985024846878548,0.726687550456449,0.999912566988752
"Dst",1.2043576798967,1.41061126411703,65,55.4959762371432,0.793546475874667,0.206453524125333,0.412907048250667,0.810877390239725,0.999912566988752
"Dyrk1a",1.1120784417582,1.37151300797881,32,25.9468994674036,0.765951135354501,0.234048864645499,0.468097729290998,0.791064287333337,0.999912566988752
"Dysf",1.7086387662432,1.60027617802521,32,34.166877736851,0.363929798791244,0.636070201208756,0.727859597582488,0.726687550456449,0.999912566988752
"Ebf1",1.93963653656945,1.76659840598732,64,70.2687933600095,0.275764902402823,0.724235097597177,0.551529804805646,0.726687550456449,0.999912566988752
"Ece1",1.60218212340825,1.61175494091051,51,50.6970918591758,0.485620600378823,0.514379399621177,0.971241200757647,0.726687550456449,0.999912566988752
"Ecpas",1.54940285752681,1.54239318705549,31,31.1408848187573,0.459129204629091,0.54087079537091,0.918258409258181,0.726687550456449,0.999912566988752
"Eeig2",1.41124006022908,1.47925534041725,26,24.8045354736434,0.530060224996801,0.469939775003199,0.939879550006397,0.726687550456449,0.999912566988752
"Efna5",2.04107539612817,1.75306205835219,37,43.0787885100474,0.227269297470572,0.772730702529428,0.454538594941143,0.726687550456449,0.999912566988752
"Egfr",1.89531864072056,1.59692328010577,18,21.3634154865038,0.26147626878646,0.73852373121354,0.52295253757292,0.726687550456449,0.999912566988752
"Ehbp1",1.56543036749944,1.55113109649874,35,35.3226513130669,0.452964807868356,0.547035192131644,0.905929615736712,0.726687550456449,0.999912566988752
"Eif4g3",1.51085743796847,1.52489704134054,28,27.742206271138,0.478169780316569,0.521830219683431,0.956339560633137,0.726687550456449,0.999912566988752
"Elk3",1.48165625024413,1.56096491356493,55,52.2055896678151,0.582071740582308,0.417928259417692,0.835856518835383,0.726687550456449,0.999912566988752
"Elmo1",1.59560779719046,1.61462892008478,70,69.1753655678776,0.505398609356548,0.494601390643452,0.989202781286903,0.726687550456449,0.999912566988752
"Eln",1.54880542477424,1.60157526910208,33,31.9126924619689,0.52110768580774,0.47889231419226,0.957784628384521,0.726687550456449,0.999912566988752
"Emcn",1.52244734517057,1.54052164801558,28,27.6714875897317,0.481954201422432,0.518045798577568,0.963908402844864,0.726687550456449,0.999912566988752
"Eml4",1.34267321022703,1.476577263928,41,37.2818971036199,0.636618098864499,0.363381901135501,0.726763802271002,0.732175379424282,0.999912566988752
"Erbin",1.20111343861152,1.4261669438442,27,22.7393174287833,0.698934696497519,0.301065303502481,0.602130607004962,0.746472933093483,0.999912566988752
"Errfi1",1.65251887892118,1.63087136567571,30,30.3982076152861,0.445401344772898,0.554598655227102,0.890802689545796,0.726687550456449,0.999912566988752
"Esyt2",1.41475996258509,1.51629915569258,41,38.2544290473436,0.593330256183429,0.406669743816571,0.813339487633141,0.726687550456449,0.999912566988752
"Etl4",2.47767076088313,1.92702579532503,47,60.430185233647,0.0902850932179804,0.90971490678202,0.180570186435961,0.726687550456449,0.999912566988752
"Ets1",1.43879507824055,1.51986118634176,44,41.6531351754311,0.572720951831422,0.427279048168578,0.854558096337156,0.726687550456449,0.999912566988752
"Etv6",1.53882521663682,1.58466267615897,41,39.814046756649,0.523272087723491,0.476727912276509,0.953455824553018,0.726687550456449,0.999912566988752
"Ext1",1.99053124655791,1.78512879398251,57,63.5585966885213,0.256527336785005,0.743472663214995,0.513054673570011,0.726687550456449,0.999912566988752
"Fabp4",1.76840653381625,1.59002097094345,20,22.2438139638743,0.327428552550106,0.672571447449894,0.654857105100211,0.726687550456449,0.999912566988752
"Faf1",1.59711004959773,1.58185193615279,43,43.4147663021661,0.453631188602096,0.546368811397904,0.907262377204192,0.726687550456449,0.999912566988752
"Fam168a",2.19663944309851,1.68933564162389,27,35.1080409969022,0.136150162315861,0.863849837684139,0.272300324631722,0.726687550456449,0.999912566988752
"Fam222b",1.47477777939166,1.51781749010343,33,32.0642416082637,0.513529313830541,0.486470686169459,0.972941372338917,0.726687550456449,0.999912566988752
"Farp1",1.50276818632485,1.56222655998588,42,40.4014791722747,0.541265776020959,0.458734223979041,0.917468447958081,0.726687550456449,0.999912566988752
"Fbn1",1.69264809174212,1.63508676007295,50,51.7601919688532,0.404958886271425,0.595041113728575,0.80991777254285,0.726687550456449,0.999912566988752
"Fbxl17",1.49261038576512,1.56563686310666,56,53.3879749337206,0.574351458160762,0.425648541839238,0.851297083678477,0.726687550456449,0.999912566988752
"Fbxl7",1.91459546653542,1.74388973904069,50,54.8943956625558,0.294416626390985,0.705583373609014,0.588833252781971,0.726687550456449,0.999912566988752
"Fbxo11",1.73943882936245,1.58507294055545,25,27.4346811565799,0.334524859251517,0.665475140748483,0.669049718503035,0.726687550456449,0.999912566988752
"Fcho2",1.69940144227754,1.61733734729675,39,40.9788695967482,0.383750557382535,0.616249442617465,0.767501114765071,0.726687550456449,0.999912566988752
"Fgl2",1.64538823559481,1.58988166117967,34,35.1870213841666,0.411755722189312,0.588244277810688,0.823511444378624,0.726687550456449,0.999912566988752
"Filip1",1.61930033095091,1.56702316656767,34,35.1342675889875,0.41418790340662,0.58581209659338,0.828375806813241,0.726687550456449,0.999912566988752
"Fli1",1.7355214401507,1.62951357515831,40,42.6021965476929,0.359766192680082,0.640233807319918,0.719532385360164,0.726687550456449,0.999912566988752
"Flnb",1.99762605345041,1.68898034082837,33,39.0304482357278,0.217000509145941,0.782999490854059,0.434001018291882,0.726687550456449,0.999912566988752
"Flrt2",1.68425178991855,1.61706398064283,33,34.3711255291317,0.401916300049329,0.598083699950671,0.803832600098659,0.726687550456449,0.999912566988752
"Flt1",1.76403422680632,1.60609812501837,16,17.5733644098354,0.34946437008465,0.65053562991535,0.698928740169299,0.726687550456449,0.999912566988752
"Flt4",1.48453614192531,1.55428804265404,52,49.6663921111427,0.56618369369236,0.43381630630764,0.867632612615281,0.726687550456449,0.999912566988752
"Fmnl2",1.70037510982376,1.66608826141073,69,70.4199683145813,0.429852594305699,0.570147405694301,0.859705188611399,0.726687550456449,0.999912566988752
"Fndc1",1.18596387163426,1.43172602850733,35,28.9920939346719,0.752653297164361,0.247346702835639,0.494693405671278,0.781601500901452,0.999912566988752
"Fndc3b",1.5449720130655,1.54125317842307,38,38.0916888402183,0.46531187830228,0.53468812169772,0.930623756604561,0.726687550456449,0.999912566988752
"Foxn3",1.76371595130092,1.60046938026136,31,34.1619747085697,0.318185786024699,0.681814213975301,0.636371572049397,0.726687550456449,0.999912566988752
"Foxo1",1.68277953516072,1.59898304397971,34,35.7818079502979,0.384751896005866,0.615248103994134,0.769503792011732,0.726687550456449,0.999912566988752
"Foxp1",1.00555485830007,1.33635048810175,44,33.1083904702658,0.885104379755571,0.114895620244429,0.229791240488859,0.891392865579767,0.999912566988752
"Frmd4b",1.54468587866336,1.58612674581774,50,48.6936457863899,0.525879348638213,0.474120651361787,0.948241302723574,0.726687550456449,0.999912566988752
"Fry",1.96533374415915,1.76593561414935,54,60.0973338632826,0.264475586880923,0.735524413119077,0.528951173761846,0.726687550456449,0.999912566988752
"Fto",1.3411245856946,1.48752853259136,35,31.5552673248829,0.635180647862746,0.364819352137254,0.729638704274508,0.732006966134506,0.999912566988752
"Fubp1",1.23674227538881,1.43040054674106,28,24.2091516182533,0.670449098794104,0.329550901205896,0.659101802411792,0.742407517824395,0.999912566988752
"Fyn",1.61651757527352,1.62248253946436,53,52.8051485335438,0.481702531228542,0.518297468771458,0.963405062457085,0.726687550456449,0.999912566988752
"Gab2",1.65313996513149,1.64259911380489,57,57.3657791609447,0.461504924938677,0.538495075061323,0.923009849877353,0.726687550456449,0.999912566988752
"Galnt1",1.41303564829224,1.49465539964574,32,30.2525523649592,0.555156647241993,0.444843352758007,0.889686705516015,0.726687550456449,0.999912566988752
"Galnt18",1.78469066095232,1.70024562168485,72,75.5759791113199,0.363706309944592,0.636293690055408,0.727412619889183,0.726687550456449,0.999912566988752
"Garre1",1.5401051612937,1.55794261400029,34,33.6107216102995,0.48658009815162,0.51341990184838,0.97316019630324,0.726687550456449,0.999912566988752
"Gas7",2.10360803409945,1.70825014198714,33,40.6375292581739,0.169347976749999,0.830652023250001,0.338695953499999,0.726687550456449,0.999912566988752
"Ghr",2.24535873238465,1.75828292527328,30,38.3105363780235,0.14193829434855,0.85806170565145,0.2838765886971,0.726687550456449,0.999912566988752
"Glis3",1.7419237832545,1.57942857085617,21,23.1605278790893,0.335479449138325,0.664520550861675,0.670958898276649,0.726687550456449,0.999912566988752
"Gls",1.40975297063782,1.52057881130807,48,44.5015688022144,0.616992380690559,0.383007619309441,0.766015238618882,0.732006966134506,0.999912566988752
"Gm56730",0.180874104274584,0.950295963119635,18,3.42602094852069,0.999924114391975,7.58856080250032e-05,0.000151771216050006,0.999924114391975,0.0860542795003537
"Gmds",1.4803864439783,1.51855996281745,32,31.1955848746426,0.507091770067435,0.492908229932565,0.98581645986513,0.726687550456449,0.999912566988752
"Gnaq",1.57862771943785,1.60515229969674,54,53.1076688895812,0.508794979717443,0.491205020282557,0.982410040565114,0.726687550456449,0.999912566988752
"Gnb1",1.54202526847225,1.56374039256278,37,36.4861937472671,0.492947592184967,0.507052407815033,0.985895184369934,0.726687550456449,0.999912566988752
"Gng11",1.58764399215837,1.54671642774976,31,31.8202890160757,0.425484492012753,0.574515507987247,0.850968984025507,0.726687550456449,0.999912566988752
"Gphn",1.64382146799256,1.62553919211257,39,39.4386290793721,0.450267343808356,0.549732656191644,0.900534687616713,0.726687550456449,0.999912566988752
"Gpm6a",2.14506990345218,1.66094037590001,23,29.7040209842971,0.158088194531905,0.841911805468095,0.31617638906381,0.726687550456449,0.999912566988752
"Grk5",1.69309497732563,1.62384118248697,43,44.8338697221005,0.394840722140679,0.605159277859321,0.789681444281357,0.726687550456449,0.999912566988752
"Hdac9",1.69871502999325,1.60916594673585,26,27.446883815442,0.386199590791172,0.613800409208828,0.772399181582345,0.726687550456449,0.999912566988752
"Hectd1",1.51901975459549,1.52854214382837,31,30.8068786867205,0.475974137090448,0.524025862909552,0.951948274180896,0.726687550456449,0.999912566988752
"Hecw2",1.65501933448803,1.53123591326149,20,21.6167779263077,0.361662000750829,0.638337999249171,0.723324001501658,0.726687550456449,0.999912566988752
"Heg1",1.42976591832711,1.55049848469821,44,40.573854813304,0.619264707658596,0.380735292341404,0.761470584682808,0.732006966134506,0.999912566988752
"Herc1",1.24321302409928,1.44813484177284,31,26.6132701426454,0.69145226198078,0.30854773801922,0.61709547603844,0.743934407102661,0.999912566988752
"Herc2",1.59423302243987,1.55356447888131,28,28.7329719719517,0.426163785824263,0.573836214175737,0.852327571648526,0.726687550456449,0.999912566988752
"Hip1",1.30687855214483,1.45029280004036,33,29.7367484824991,0.630383410954916,0.369616589045084,0.739233178090168,0.732006966134506,0.999912566988752
"Hivep2",1.61925832962852,1.61809655299646,37,37.0265656182918,0.467848414710787,0.532151585289213,0.935696829421575,0.726687550456449,0.999912566988752
"Hmcn1",1.41034525751935,1.54978333935355,38,34.581040087894,0.628336011419178,0.371663988580822,0.743327977161644,0.732006966134506,0.999912566988752
"Hspg2",1.27622129178333,1.45301821509019,24,21.0797846060717,0.634014098438894,0.365985901561106,0.731971803122211,0.732006966134506,0.999912566988752
"Igf1r",1.57963191052637,1.57808965943294,39,39.0381143062971,0.468164708020771,0.531835291979229,0.936329416041542,0.726687550456449,0.999912566988752
"Igfbp5",1.96799397986784,1.72655552667511,33,37.6146612907974,0.266056338266782,0.733943661733218,0.532112676533564,0.726687550456449,0.999912566988752
"Igfbp7",1.90191196296872,1.65418076184856,28,32.1932984540414,0.2667161608496,0.7332838391504,0.5334323216992,0.726687550456449,0.999912566988752
"Il6st",1.44879036742015,1.51114816720165,32,30.6795142684764,0.533330349199702,0.466669650800298,0.933339301600595,0.726687550456449,0.999912566988752
"Ints6",1.36742162983403,1.45899991266149,23,21.5563395263066,0.547152083189984,0.452847916810016,0.905695833620031,0.726687550456449,0.999912566988752
"Itga9",1.80424003740557,1.71420835813832,65,68.413855220451,0.36219782221252,0.63780217778748,0.72439564442504,0.726687550456449,0.999912566988752
"Itpr1",1.6821307485773,1.60168205518311,38,39.9086499340405,0.385285383654298,0.614714616345702,0.770570767308597,0.726687550456449,0.999912566988752
"Itpr2",1.39929963468022,1.50097038850796,33,30.7646894955399,0.578857178799864,0.421142821200136,0.842285642400272,0.726687550456449,0.999912566988752
"Itsn2",1.38059374788055,1.48226335068052,29,27.0108673132575,0.571118753756256,0.428881246243744,0.857762492487488,0.726687550456449,0.999912566988752
"Jmjd1c",1.53430004175557,1.5718644338807,41,40.0201826290272,0.514049649833629,0.485950350166371,0.971900700332742,0.726687550456449,0.999912566988752
"Kalrn",1.94601590288187,1.64687462766096,31,36.6308958654728,0.223779227560611,0.776220772439388,0.447558455121223,0.726687550456449,0.999912566988752
"Kansl1",1.53001977736672,1.57622710020536,49,47.5635579931352,0.531472376204064,0.468527623795936,0.937055247591873,0.726687550456449,0.999912566988752
"Kansl1l",1.70946316079591,1.60436082348933,36,38.3583748042463,0.363041177748721,0.636958822251279,0.726082355497441,0.726687550456449,0.999912566988752
"Kcnq1ot1",0.952332750541931,1.33334918694507,26,18.5702678312057,0.854051627295314,0.145948372704686,0.291896745409372,0.867826653542013,0.999912566988752
"Kcnt2",1.49981495290603,1.55854702578557,26,25.020219557316,0.517830877932103,0.482169122067897,0.964338244135793,0.726687550456449,0.999912566988752
"Kif13a",1.20281949238837,1.43563181149041,32,26.8106512048301,0.726693584858008,0.273306415141992,0.546612830283983,0.76124337790675,0.999912566988752
"Kif5b",1.47522574235183,1.51274273073223,36,35.1071769480322,0.510878023558524,0.489121976441476,0.978243952882951,0.726687550456449,0.999912566988752
"Klf12",1.42783894821592,1.53810321592269,55,51.0571340979647,0.626012545413774,0.373987454586226,0.747974909172452,0.732006966134506,0.999912566988752
"Klf7",1.47798191751685,1.53954403507016,46,44.1605869381168,0.549572019087466,0.450427980912534,0.900855961825068,0.726687550456449,0.999912566988752
"Klhdc10",1.55884223416138,1.51269375706276,21,21.640657115524,0.420464452706026,0.579535547293974,0.840928905412052,0.726687550456449,0.999912566988752
"Kmt2c",1.48859612776026,1.53859395563898,43,41.602680979666,0.531952042113169,0.468047957886831,0.936095915773662,0.726687550456449,0.999912566988752
"Kmt2e",1.31508080588782,1.47156318215547,34,30.3845243903785,0.645548841173897,0.354451158826103,0.708902317652206,0.737956034164515,0.999912566988752
"Kpna4",1.56641075375568,1.51164250192343,20,20.7246191048818,0.413497651944407,0.586502348055593,0.826995303888815,0.726687550456449,0.999912566988752
"Ktn1",1.63031249942167,1.54386503088383,28,29.5678372595004,0.384167614002643,0.615832385997356,0.768335228005287,0.726687550456449,0.999912566988752
"Lama2",1.35532165368451,1.54069207860819,29,25.5108262725392,0.651491632085783,0.348508367914217,0.697016735828435,0.740272054895068,0.999912566988752
"Lamc1",1.77789639412479,1.67258118897992,37,39.3297300101388,0.365971684219477,0.634028315780523,0.731943368438955,0.726687550456449,0.999912566988752
"Ldb2",1.99603085814272,1.77931661859521,52,58.3334093205781,0.253897429699672,0.746102570300328,0.507794859399344,0.726687550456449,0.999912566988752
"Ldlrad4",1.79987699105348,1.70315394102732,53,56.0098991805136,0.362606750874136,0.637393249125864,0.725213501748273,0.726687550456449,0.999912566988752
"Lhfpl6",2.19204247840346,1.74777008627055,29,36.3716214009284,0.162988054094804,0.837011945905196,0.325976108189608,0.726687550456449,0.999912566988752
"Limch1",1.6209407721715,1.62769949983836,64,63.7342515797774,0.485853310254592,0.514146689745407,0.971706620509185,0.726687550456449,0.999912566988752
"Lims1",1.24441827839855,1.44527939862213,41,35.3019280998414,0.721204569993398,0.278795430006602,0.557590860013203,0.758669742460588,0.999912566988752
"Lncpint",1.69279510506278,1.6553219378696,54,55.2224516464971,0.428246228137553,0.571753771862447,0.856492456275106,0.726687550456449,0.999912566988752
"Lpp",1.54889728997165,1.59218017760978,49,47.6679513260537,0.527200598848532,0.472799401151468,0.945598802302937,0.726687550456449,0.999912566988752
"Lrba",1.36585939771806,1.47007746344939,27,25.0858914957151,0.56964838915472,0.43035161084528,0.860703221690561,0.726687550456449,0.999912566988752
"Lrch1",1.40334032305211,1.49982561496403,44,41.1694356985453,0.593646013083107,0.406353986916893,0.812707973833786,0.726687550456449,0.999912566988752
"Lrch3",1.34223639165166,1.47240960076526,37,33.7288934174973,0.623201571529005,0.376798428470995,0.75359685694199,0.732006966134506,0.999912566988752
"Lrrfip1",1.61630763535061,1.57538446662358,35,35.9091818129423,0.425689354649253,0.574310645350747,0.851378709298506,0.726687550456449,0.999912566988752
"Ltbp1",2.95252280123641,1.70742707604479,14,24.2091271699065,0.0432265388973777,0.956773461102622,0.0864530777947554,0.726687550456449,0.999912566988752
"Ltbp4",1.43422057715565,1.50293557606422,37,35.3083406899748,0.548485788940139,0.451514211059861,0.903028422119722,0.726687550456449,0.999912566988752
"Luc7l2",1.57757862635119,1.60229776040419,51,50.213207514947,0.504848002889599,0.495151997110401,0.990303994220803,0.726687550456449,0.999912566988752
"Luzp1",1.3699042406643,1.46759413950029,29,27.0696249800994,0.567948531377536,0.432051468622464,0.864102937244928,0.726687550456449,0.999912566988752
"Lyn",1.43812635004923,1.53532720098436,41,38.4043090711966,0.586608561980397,0.413391438019603,0.826782876039206,0.726687550456449,0.999912566988752
"Lyve1",1.74417374152457,1.59310743465843,31,33.9395729446549,0.327694925166403,0.672305074833597,0.655389850332805,0.726687550456449,0.999912566988752
"Macf1",1.63725505404428,1.59410235013019,41,42.1098790867057,0.42268923951572,0.57731076048428,0.84537847903144,0.726687550456449,0.999912566988752
"Maf",1.60032997284655,1.60085689259375,46,45.9848591660606,0.472893123602709,0.527106876397291,0.945786247205418,0.726687550456449,0.999912566988752
"Magi1",1.7033014057113,1.65729768003632,83,85.3039368708579,0.409494084487698,0.590505915512302,0.818988168975396,0.726687550456449,0.999912566988752
"Malat1",1.36881625961989,1.37002535657131,90,89.9205717433579,0.482532561751978,0.517467438248022,0.965065123503956,0.726687550456449,0.999912566988752
"Man1a",1.81235495099564,1.6585334107967,38,41.5243296815782,0.319749029980742,0.680250970019258,0.639498059961485,0.726687550456449,0.999912566988752
"Man2a1",1.77508396846924,1.60973764087979,31,34.1842059383487,0.317243912962855,0.682756087037145,0.63448782592571,0.726687550456449,0.999912566988752
"Map2k5",1.5191727147695,1.51389342816913,27,27.0941550676935,0.45872364117681,0.54127635882319,0.91744728235362,0.726687550456449,0.999912566988752
"Map3k1",1.80496884386099,1.63844933092177,37,40.7603982390378,0.308497922227481,0.691502077772519,0.616995844454962,0.726687550456449,0.999912566988752
"Map3k3",1.51431297635414,1.50671786245231,25,25.126020837927,0.455329043562345,0.544670956437655,0.910658087124689,0.726687550456449,0.999912566988752
"Map4k3",1.29771628597105,1.45819597362618,28,24.9184997520124,0.632267691911955,0.367732308088045,0.735464616176089,0.732006966134506,0.999912566988752
"Marchf3",1.67340186755928,1.59288665738135,35,36.769135514551,0.386883496693864,0.613116503306136,0.773766993387728,0.726687550456449,0.999912566988752
"Mark3",1.23702584183838,1.43452343885924,27,23.2827828565815,0.669731090346172,0.330268909653828,0.660537819307656,0.742407517824395,0.999912566988752
"Mast4",1.74337323582581,1.68054222550836,53,54.9815292328149,0.399466937533292,0.600533062466708,0.798933875066583,0.726687550456449,0.999912566988752
"Mbnl2",1.60966873211,1.6210672857687,55,54.613266854046,0.48935122574621,0.51064877425379,0.97870245149242,0.726687550456449,0.999912566988752
"Mcc",1.677656222503,1.5589928580402,23,24.7506541922684,0.363268566547403,0.636731433452597,0.726537133094805,0.726687550456449,0.999912566988752
"Mctp1",2.17631588764087,1.74770428864499,30,37.3572789478281,0.166957688800993,0.833042311199007,0.333915377601986,0.726687550456449,0.999912566988752
"Mcu",1.6268165230233,1.61585803006268,45,45.3051828651116,0.45921813885206,0.54078186114794,0.91843627770412,0.726687550456449,0.999912566988752
"Mdfic",1.56794795580565,1.54374100023202,37,37.5801862851926,0.442516330327446,0.557483669672554,0.885032660654893,0.726687550456449,0.999912566988752
"Med13l",1.40727275191026,1.49243324750852,34,32.0599086390133,0.562990457118454,0.437009542881546,0.874019085763092,0.726687550456449,0.999912566988752
"Meis2",1.85638249390757,1.67729517477646,38,42.0573169405851,0.299543404873711,0.700456595126289,0.599086809747422,0.726687550456449,0.999912566988752
"Mgp",1.98615394727981,1.69102380888257,17,19.9669673048947,0.275922320143394,0.724077679856606,0.551844640286788,0.726687550456449,0.999912566988752
"Mia2",1.69181538080481,1.53417967013364,20,22.0549836989748,0.337534547611364,0.662465452388636,0.675069095222728,0.726687550456449,0.999912566988752
"Mical2",1.9050631865295,1.67113570906096,37,42.1793020874406,0.256937771157308,0.743062228842692,0.513875542314615,0.726687550456449,0.999912566988752
"Mir100hg",1.83548218597992,1.6260879963234,28,31.6056088745745,0.290855487464217,0.709144512535783,0.581710974928433,0.726687550456449,0.999912566988752
"Mir181a-1hg",1.44159981694023,1.49409335688192,25,24.1216489301036,0.512353628550715,0.487646371449285,0.97529274289857,0.726687550456449,0.999912566988752
"Mir99ahg",1.68699372210362,1.65605739069343,55,56.0274391679432,0.436093992738935,0.563906007261065,0.872187985477869,0.726687550456449,0.999912566988752
"Mkln1",1.55498913298448,1.53866069982083,33,33.3501995563175,0.450237845657751,0.54976215434225,0.900475691315501,0.726687550456449,0.999912566988752
"Mllt10",1.58791775098887,1.58411321176383,38,38.0912639888852,0.465331187647643,0.534668812352357,0.930662375295286,0.726687550456449,0.999912566988752
"Mmrn1",1.48549511207414,1.55977777611396,67,63.8092002803968,0.587952555541956,0.412047444458044,0.824094888916087,0.726687550456449,0.999912566988752
"Morrbid",2.06149497755031,1.66736560798798,27,33.3822193088317,0.184747509547836,0.815252490452164,0.369495019095672,0.726687550456449,0.999912566988752
"Mpdz",1.66393826398448,1.57493881914938,30,31.6952933743135,0.381831468218713,0.618168531781287,0.763662936437427,0.726687550456449,0.999912566988752
"Mpp7",1.6434198953603,1.63195616582566,51,51.3582511702884,0.459607722626889,0.540392277373111,0.919215445253779,0.726687550456449,0.999912566988752
"Msi2",1.75394300638531,1.537546961297,18,20.5333397350698,0.303606560758721,0.696393439241279,0.607213121517442,0.726687550456449,0.999912566988752
"Msrb3",1.76264768570431,1.66347172680338,38,40.2655548498425,0.370291917037402,0.629708082962598,0.740583834074804,0.726687550456449,0.999912566988752
"Mtmr3",1.42472113268257,1.50480211739296,41,38.8181048955365,0.56801643891407,0.43198356108593,0.863967122171859,0.726687550456449,0.999912566988752
"Mtus1",1.445383147608,1.50668447629869,35,33.5759815423035,0.536852416256131,0.463147583743869,0.926295167487738,0.726687550456449,0.999912566988752
"Mycbp2",1.6811828113447,1.61358493377462,38,39.5919331507727,0.398812433633188,0.601187566366812,0.797624867266376,0.726687550456449,0.999912566988752
"Myo1b",1.63235708258221,1.54888097081495,29,30.5629394942962,0.386312372444465,0.613687627555535,0.77262474488893,0.726687550456449,0.999912566988752
"Myo1d",1.67066269929657,1.59234892153866,32,33.5738013536829,0.391001223506493,0.608998776493507,0.782002447012985,0.726687550456449,0.999912566988752
"Myo6",1.4934368013927,1.52407247778272,33,32.3366606013769,0.499956283494376,0.500043716505624,0.999912566988752,0.726687550456449,0.999912566988752
"Myzap",1.26815552007433,1.44616200737841,45,39.4609996059815,0.704921171784056,0.295078828215944,0.590157656431887,0.750868053930847,0.999912566988752
"Nav1",1.26823817056736,1.45700252414039,25,21.7610839644152,0.649499991198793,0.350500008801207,0.701000017602414,0.73949095383477,0.999912566988752
"Nbea",1.49872768324203,1.5638609876484,47,45.0424952529174,0.553972071995585,0.446027928004415,0.89205585600883,0.726687550456449,0.999912566988752
"Nbeal1",1.5575085238221,1.57973937074358,46,45.3526660300258,0.499262326096746,0.500737673903254,0.998524652193493,0.726687550456449,0.999912566988752
"Nck1",1.62079083317797,1.53965640006449,26,27.3701078116273,0.390130024569025,0.609869975430975,0.780260049138049,0.726687550456449,0.999912566988752
"Ncoa2",1.1930372861796,1.41490033981804,29,24.4526630784877,0.706311189506814,0.293688810493186,0.587377620986373,0.750868053930847,0.999912566988752
"Ncor1",1.44932182155479,1.51895450057555,29,27.6705673600908,0.535574080896149,0.464425919103851,0.928851838207702,0.726687550456449,0.999912566988752
"Ndfip1",1.58101703955122,1.54384640073671,34,34.818605865901,0.428858384631228,0.571141615368772,0.857716769262457,0.726687550456449,0.999912566988752
"Neat1",1.11192727040461,1.38703863031382,51,40.8844350483623,0.843629542628839,0.156370457371161,0.312740914742322,0.858775494920201,0.999912566988752
"Nedd4",1.64802228565941,1.5917532999251,36,37.2726114571465,0.410332718982351,0.589667281017649,0.820665437964702,0.726687550456449,0.999912566988752
"Nek7",1.72886178996741,1.56260625290912,24,26.5535114056856,0.325690833430312,0.674309166569688,0.651381666860623,0.726687550456449,0.999912566988752
"Nf1",1.90345887023489,1.70676108877788,39,43.4946029806179,0.285880281793081,0.714119718206919,0.571760563586162,0.726687550456449,0.999912566988752
"Nfat5",1.75264524692181,1.67328534152536,47,49.2290971306979,0.38401975803024,0.61598024196976,0.768039516060479,0.726687550456449,0.999912566988752
"Nfia",2.03210167143819,1.8159896414545,71,79.4493621431413,0.230202183500422,0.769797816499578,0.460404367000845,0.726687550456449,0.999912566988752
"Nfib",1.34914551192194,1.48078688603343,71,64.6881278122661,0.687875291889105,0.312124708110895,0.62424941622179,0.742531645986456,0.999912566988752
"Nfkb1",1.47264765275764,1.50099995399471,25,24.5277764472675,0.489072048435662,0.510927951564338,0.978144096871324,0.726687550456449,0.999912566988752
"Nhsl1",1.712244291115,1.64534293748421,44,45.7890857235245,0.397779715504626,0.602220284495373,0.795559431009253,0.726687550456449,0.999912566988752
"Nipbl",1.4279926830529,1.52075421085237,42,39.4381237021898,0.584033292616315,0.415966707383685,0.831933414767369,0.726687550456449,0.999912566988752
"Nktr",1.55797895590201,1.55157409212415,37,37.1527351874356,0.462037898238198,0.537962101761802,0.924075796476395,0.726687550456449,0.999912566988752
"Nr2f2",1.70150117363249,1.58818870573153,35,37.4971443016947,0.35532733314319,0.64467266685681,0.710654666286381,0.726687550456449,0.999912566988752
"Nr3c1",1.77344211158008,1.65539458686388,42,44.9950539148935,0.347629859783576,0.652370140216424,0.695259719567151,0.726687550456449,0.999912566988752
"Nr3c2",1.89379829186847,1.74592317568107,60,65.0818427149769,0.304357107887219,0.695642892112781,0.608714215774437,0.726687550456449,0.999912566988752
"Nrip1",1.86238479743036,1.62894866274926,30,34.299143490878,0.269031706880931,0.730968293119069,0.538063413761863,0.726687550456449,0.999912566988752
"Nrp1",1.52944298414479,1.50573684321745,21,21.3306214905456,0.438918491673578,0.561081508326422,0.877836983347156,0.726687550456449,0.999912566988752
"Nrp2",1.6350924099827,1.62341451731494,44,44.3165102146747,0.458283032326515,0.541716967673485,0.91656606465303,0.726687550456449,0.999912566988752
"Nsd1",1.64952584155263,1.5684252771387,35,36.8097895997099,0.385088207830208,0.614911792169792,0.770176415660416,0.726687550456449,0.999912566988752
"Nsmce2",1.90732271060364,1.57784051208591,20,24.1763688534293,0.234772898384483,0.765227101615517,0.469545796768966,0.726687550456449,0.999912566988752
"Ntn1",1.66479856026393,1.64752005942314,60,60.6292548879862,0.452995573519627,0.547004426480373,0.905991147039253,0.726687550456449,0.999912566988752
"Numb",1.48698776522088,1.52369897756653,41,40.0121672795401,0.514407831761048,0.485592168238952,0.971184336477903,0.726687550456449,0.999912566988752
"Nxn",2.14526149631684,1.85953658473978,63,72.680191063234,0.189293527505572,0.810706472494428,0.378587055011145,0.726687550456449,0.999912566988752
"Osbpl9",1.66962485921967,1.59678296631517,37,38.6878624674248,0.393344995956448,0.606655004043552,0.786689991912896,0.726687550456449,0.999912566988752
"Osmr",1.73698053456913,1.56685863415797,23,25.497228291153,0.325168192774262,0.674831807225738,0.650336385548524,0.726687550456449,0.999912566988752
"P4ha1",1.930262666922,1.65775109008244,31,36.0959754649333,0.242439004409079,0.757560995590921,0.484878008818157,0.726687550456449,0.999912566988752
"Pafah1b1",1.59890446433589,1.60409567577627,47,46.8478975154771,0.478808677322739,0.521191322677261,0.957617354645479,0.726687550456449,0.999912566988752
"Pakap",1.52834799553043,1.58447591381274,40,38.5830540485213,0.534062174468726,0.465937825531274,0.931875651062548,0.726687550456449,0.999912566988752
"Pam",1.77626035563868,1.62261349357927,30,32.8407294035345,0.32949574195516,0.67050425804484,0.65899148391032,0.726687550456449,0.999912566988752
"Pan3",1.91914960615944,1.71356984252244,40,44.7988651185497,0.277471881912078,0.722528118087922,0.554943763824157,0.726687550456449,0.999912566988752
"Pard3",1.48181077996932,1.53887170483663,37,35.6280505298427,0.533337989153662,0.466662010846338,0.933324021692676,0.726687550456449,0.999912566988752
"Pard6g",1.25361774168043,1.4429701165448,34,29.5383824851451,0.686105007654291,0.313894992345709,0.627789984691419,0.742407517824395,0.999912566988752
"Pbx1",1.55035601698286,1.58184017691571,31,30.3829914221667,0.49758709865683,0.50241290134317,0.995174197313659,0.726687550456449,0.999912566988752
"Pbx3",1.49188870707792,1.50662240684466,23,22.7750762944348,0.473967798016616,0.526032201983384,0.947935596033232,0.726687550456449,0.999912566988752
"Pcdh9",2.20146975414002,1.73610691483555,22,27.8970921532606,0.17911678809112,0.82088321190888,0.35823357618224,0.726687550456449,0.999912566988752
"Pcsk6",1.84350240271047,1.69301067842169,43,46.822270129123,0.318462836703434,0.681537163296566,0.636925673406869,0.726687550456449,0.999912566988752
"Pde10a",1.42164428172727,1.51436352333574,28,26.2856568287392,0.557346115441889,0.442653884558111,0.885307769116223,0.726687550456449,0.999912566988752
"Pde3a",1.92246082325064,1.62720005987043,19,22.4476120315966,0.262548748079891,0.737451251920109,0.525097496159782,0.726687550456449,0.999912566988752
"Pde3b",1.38691199343893,1.47016841035314,26,24.5276062085639,0.545823457920751,0.454176542079249,0.908353084158497,0.726687550456449,0.999912566988752
"Pde4b",1.44565190109085,1.49256831860519,23,22.2770330246335,0.503584164312138,0.496415835687862,0.992831671375724,0.726687550456449,0.999912566988752
"Pde7b",1.83113307490242,1.71087728794594,49,52.4441590886638,0.341965855889626,0.658034144110374,0.683931711779251,0.726687550456449,0.999912566988752
"Pde8a",1.44745746625631,1.50111032965676,30,28.927736442676,0.521395330641447,0.478604669358553,0.957209338717107,0.726687550456449,0.999912566988752
"Pdgfd",1.97202415300808,1.66413012377462,23,27.2554140275442,0.245252337780594,0.754747662219406,0.490504675561188,0.726687550456449,0.999912566988752
"Pdlim1",1.47116691218508,1.50058819013008,25,24.5098375733843,0.490094746515533,0.509905253484467,0.980189493031065,0.726687550456449,0.999912566988752
"Pdlim5",1.87690625533623,1.72439463179638,45,48.9799608121859,0.316466553438925,0.683533446561075,0.63293310687785,0.726687550456449,0.999912566988752
"Pds5b",1.5874306297293,1.54665109661924,31,31.8173566288966,0.425627701184078,0.574372298815922,0.851255402368157,0.726687550456449,0.999912566988752
"Pdzd2",1.38685470343484,1.48663836684081,34,31.7179086511722,0.5799537143771,0.4200462856229,0.8400925712458,0.726687550456449,0.999912566988752
"Pecam1",1.81765214604425,1.6696656055518,36,39.1907679238368,0.328674805456301,0.671325194543699,0.657349610912603,0.726687550456449,0.999912566988752
"Peli1",1.58979400438413,1.5032432508254,19,20.0939442546726,0.388945181350953,0.611054818649047,0.777890362701905,0.726687550456449,0.999912566988752
"Pgm5",1.24337038618778,1.43125932164156,26,22.586843314882,0.656201415538945,0.343798584461055,0.687597168922111,0.741959633083526,0.999912566988752
"Phf20l1",1.5835842719784,1.58675871152309,49,48.901971524366,0.477069235829915,0.522930764170085,0.95413847165983,0.726687550456449,0.999912566988752
"Phf21a",1.50846713371478,1.49867723576436,23,23.1502442603959,0.452026434757461,0.547973565242539,0.904052869514922,0.726687550456449,0.999912566988752
"Phip",1.45620290836409,1.50427789361998,25,24.2010288547783,0.507783449702673,0.492216550297327,0.984433100594654,0.726687550456449,0.999912566988752
"Picalm",1.21672696951808,1.42557349685646,31,26.4584997814802,0.699077826230405,0.300922173769595,0.60184434753919,0.746472933093483,0.999912566988752
"Pid1",2.38294702982558,1.66462365913202,17,24.3358907491186,0.110592133839415,0.889407866160585,0.22118426767883,0.726687550456449,0.999912566988752
"Piezo2",1.77533491322102,1.59174590359669,26,28.998791603262,0.311137153775765,0.688862846224235,0.62227430755153,0.726687550456449,0.999912566988752
"Pitpnc1",1.6183781250934,1.62656424074106,59,58.703066862584,0.486412381836646,0.513587618163354,0.972824763673293,0.726687550456449,0.999912566988752
"Pkp4",2.20842045737319,1.7360656124885,31,39.434589157282,0.142293522707602,0.857706477292398,0.284587045415204,0.726687550456449,0.999912566988752
"Plcb4",1.46264709826981,1.50001302674453,30,29.2526879205345,0.50435310069317,0.49564689930683,0.991293798613661,0.726687550456449,0.999912566988752
"Plce1",1.63980069514649,1.63528316071154,60,60.1657523740287,0.469705841917645,0.530294158082355,0.93941168383529,0.726687550456449,0.999912566988752
"Plcl1",1.60205539944766,1.57941120916029,26,26.3727648278404,0.44276836102321,0.55723163897679,0.88553672204642,0.726687550456449,0.999912566988752
"Pld5",1.85728068550252,1.56697189803026,17,20.1495455618779,0.26665184136857,0.73334815863143,0.53330368273714,0.726687550456449,0.999912566988752
"Plekhg1",1.7510169281288,1.68476669278996,56,58.2020931413542,0.394251177068655,0.605748822931345,0.788502354137311,0.726687550456449,0.999912566988752
"Plpp1",1.60425528235918,1.61147102969989,43,42.8074572052914,0.479582896084153,0.520417103915847,0.959165792168306,0.726687550456449,0.999912566988752
"Plxdc2",1.6852797157936,1.58076526902195,19,20.2562108540567,0.379311527075313,0.620688472924687,0.758623054150626,0.726687550456449,0.999912566988752
"Plxna4",1.31666217265092,1.48881754502046,30,26.5310314965322,0.647773629272731,0.352226370727269,0.704452741454538,0.73900935170551,0.999912566988752
"Pnisr",1.89193204923525,1.61039913700183,27,31.7201892100206,0.242605817877264,0.757394182122736,0.485211635754528,0.726687550456449,0.999912566988752
"Ppfibp1",1.39508073979113,1.49194218750904,40,37.4030777189932,0.587782698750555,0.412217301249445,0.82443460249889,0.726687550456449,0.999912566988752
"Ppp1r12a",1.5088245832613,1.56873257537214,52,50.0141831446163,0.552357477452968,0.447642522547032,0.895285045094065,0.726687550456449,0.999912566988752
"Ppp2r5a",1.58831718426875,1.58147407161538,43,43.1860630214407,0.463358435595356,0.536641564404644,0.926716871190712,0.726687550456449,0.999912566988752
"Prex2",1.81741253885874,1.72323768514878,77,81.2080461669109,0.349518258333023,0.650481741666977,0.699036516666046,0.726687550456449,0.999912566988752
"Prkag2",1.3989483922808,1.50399326890343,40,37.2062407779466,0.596721868844975,0.403278131155025,0.80655626231005,0.726687550456449,0.999912566988752
"Prkca",1.63126481211984,1.54560402074942,23,24.274710841244,0.388729613860581,0.611270386139419,0.777459227721161,0.726687550456449,0.999912566988752
"Prkce",1.40827590068637,1.52304512330224,52,48.0815346277558,0.628728009114301,0.371271990885699,0.742543981771397,0.732006966134506,0.999912566988752
"Prkch",1.47046532566026,1.54390941566394,49,46.6690598725101,0.568133112530669,0.431866887469331,0.863733774938663,0.726687550456449,0.999912566988752
"Prkcq",1.50990817142439,1.52918785227645,35,34.5587273147525,0.489267132183818,0.510732867816182,0.978534264367636,0.726687550456449,0.999912566988752
"Prkd1",1.39480512511997,1.47797511194176,24,22.6494497318696,0.540562687655309,0.459437312344691,0.918874624689382,0.726687550456449,0.999912566988752
"Prkg1",1.04313950823978,1.35617389965404,49,37.6897357461224,0.880154383327758,0.119845616672242,0.239691233344484,0.887984938339571,0.999912566988752
"Prox1",1.48153226775185,1.53107561795797,40,38.7056589596222,0.52849121477954,0.47150878522046,0.94301757044092,0.726687550456449,0.999912566988752
"Prpf39",1.4367963358511,1.49052152282007,29,27.9547078668462,0.520335751013598,0.479664248986402,0.959328497972804,0.726687550456449,0.999912566988752
"Psme4",1.52443261525155,1.53128647056629,35,34.8433441811008,0.475653268994206,0.524346731005794,0.951306537988412,0.726687550456449,0.999912566988752
"Pten",1.6378264995425,1.53203415780986,18,19.2429632469225,0.377007543310321,0.622992456689679,0.754015086620642,0.726687550456449,0.999912566988752
"Ptpn12",1.49751219855217,1.56945817622385,49,46.7537770937008,0.564661083782865,0.435338916217135,0.87067783243427,0.726687550456449,0.999912566988752
"Ptpn14",1.79407172416468,1.68804300731771,47,49.9521461658293,0.356877284358133,0.643122715641867,0.713754568716266,0.726687550456449,0.999912566988752
"Ptprb",1.29988776556659,1.47377196642943,54,47.6287654667888,0.71706148515369,0.28293851484631,0.56587702969262,0.756358123903801,0.999912566988752
"Ptpre",1.96453188355002,1.64895538503867,28,33.3586300990857,0.222789799956679,0.777210200043321,0.445579599913358,0.726687550456449,0.999912566988752
"Ptprg",1.72665476134983,1.67175060406979,49,50.6092733570262,0.409806941723843,0.590193058276157,0.819613883447686,0.726687550456449,0.999912566988752
"Ptprk",1.94960784421771,1.78317433867175,69,75.4401509339939,0.278131943093309,0.721868056906691,0.556263886186617,0.726687550456449,0.999912566988752
"Ptprm",1.32939785413034,1.46502023160235,72,65.3346919261965,0.697610215008286,0.302389784991714,0.604779569983429,0.746472933093483,0.999912566988752
"Pvt1",1.5054399228493,1.51607446151294,23,22.8386659788336,0.470224492705105,0.529775507294895,0.940448985410209,0.726687550456449,0.999912566988752
"Qki",1.44210397091732,1.53854844861524,60,56.2388778415896,0.613924043739535,0.386075956260465,0.772151912520931,0.732006966134506,0.999912566988752
"Rab2a",1.11205895854153,1.38755035507522,27,21.6392808886519,0.75547398459813,0.24452601540187,0.489052030803741,0.781667425669963,0.999912566988752
"Rai14",2.19833848368682,1.72520818896228,31,39.5016053310546,0.140669615666115,0.859330384333885,0.28133923133223,0.726687550456449,0.999912566988752
"Ralgapa1",1.47266322927075,1.52101890107733,40,38.7283347558053,0.527461515404789,0.472538484595211,0.945076969190422,0.726687550456449,0.999912566988752
"Ralgapa2",1.41164711761388,1.52259493593474,51,47.2837530844077,0.622031928372133,0.377968071627867,0.755936143255735,0.732006966134506,0.999912566988752
"Ranbp9",1.5704104630702,1.51866566722597,23,23.7836684071428,0.415867419780207,0.584132580219793,0.831734839560413,0.726687550456449,0.999912566988752
"Rap1gds1",1.56302862031232,1.55903463669392,41,41.1050350803631,0.466019738958624,0.533980261041376,0.932039477917249,0.726687550456449,0.999912566988752
"Rapgef2",1.65115953241019,1.58536775984364,38,39.5769762832667,0.399456185567564,0.600543814432436,0.798912371135128,0.726687550456449,0.999912566988752
"Rapgef5",1.86310556528754,1.73238148633618,56,60.2257138390219,0.325515332678132,0.674484667321868,0.651030665356265,0.726687550456449,0.999912566988752
"Rasa1",2.23077817707188,1.68302283353334,25,33.1364811668744,0.127691094153575,0.872308905846425,0.25538218830715,0.726687550456449,0.999912566988752
"Rasal2",1.65516364309301,1.64073618313122,57,57.5012172135148,0.456501362229492,0.543498637770508,0.913002724458984,0.726687550456449,0.999912566988752
"Rassf8",1.78018024298361,1.57270391188552,24,27.1661598274936,0.296767701310639,0.703232298689361,0.593535402621279,0.726687550456449,0.999912566988752
"Rb1",1.36994945784341,1.46503929339327,28,26.1826320922565,0.563006361594749,0.436993638405251,0.873987276810502,0.726687550456449,0.999912566988752
"Rbm25",1.21036702414363,1.42519376657576,44,37.3676550594771,0.749829155334162,0.250170844665838,0.500341689331677,0.78148569698612,0.999912566988752
"Rbm39",1.45315954225348,1.53585177840328,51,48.2540943709916,0.583381982708684,0.416618017291316,0.833236034582632,0.726687550456449,0.999912566988752
"Rbm6",1.38210021462503,1.49060222493857,30,27.8162783773247,0.580171980740048,0.419828019259952,0.839656038519903,0.726687550456449,0.999912566988752
"Rbms1",1.30314154751308,1.44944402246471,73,65.6316018377111,0.717673140494259,0.282326859505741,0.564653719011481,0.756358123903801,0.999912566988752
"Rbms3",1.73419371113362,1.63700058376072,38,40.2561622010456,0.370682971596937,0.629317028403063,0.741365943193874,0.726687550456449,0.999912566988752
"Rbpms",1.46266998291196,1.54409937641092,55,52.0995282357712,0.586154557922331,0.413845442077669,0.827690884155339,0.726687550456449,0.999912566988752
"Rcsd1",1.07004737105452,1.38676831455155,20,15.4322443024745,0.751163500630398,0.248836499369602,0.497672998739205,0.78148569698612,0.999912566988752
"Reln",1.35803206718963,1.48822961585524,71,64.7885754612227,0.684698066380436,0.315301933619564,0.630603867239128,0.742407517824395,0.999912566988752
"Rere",1.24337444872641,1.42777175238493,35,30.4797357369846,0.686085255575716,0.313914744424284,0.627829488848569,0.742407517824395,0.999912566988752
"Rfx3",2.33364975975404,1.68644819231842,23,31.8266192337374,0.103803206926579,0.896196793073421,0.207606413853157,0.726687550456449,0.999912566988752
"Rhoj",1.53535922568021,1.58901131372031,57,55.075426529767,0.547621651887003,0.452378348112997,0.904756696225995,0.726687550456449,0.999912566988752
"Rin3",1.48331073664356,1.51101626920509,28,27.4866005565044,0.491885648193917,0.508114351806084,0.983771296387833,0.726687550456449,0.999912566988752
"Rock1",1.47791158966963,1.54937392921265,42,40.0628186622888,0.556302349251189,0.443697650748811,0.887395301497623,0.726687550456449,0.999912566988752
"Rock2",1.3657117961982,1.50779289294947,55,49.8172853461103,0.672366164732594,0.327633835267406,0.655267670534811,0.742407517824395,0.999912566988752
"Rora",2.55010901122895,1.99777807738119,59,75.311884420984,0.0746327495272492,0.925367250472751,0.149265499054498,0.726687550456449,0.999912566988752
"Rtn3",1.58216364318733,1.54740500267986,33,33.7412636864688,0.431485038771141,0.568514961228859,0.862970077542282,0.726687550456449,0.999912566988752
"Rtn4",1.57467068671025,1.55658425070115,32,32.3718179417726,0.448412344211893,0.551587655788107,0.896824688423787,0.726687550456449,0.999912566988752
"Samd4",1.55680779540339,1.55408661592096,26,26.045525561972,0.460604416168839,0.539395583831161,0.921208832337679,0.726687550456449,0.999912566988752
"Sash1",1.5371255876706,1.58623749696874,60,58.14232448576,0.543914343178663,0.456085656821337,0.912171313642674,0.726687550456449,0.999912566988752
"Sbf2",1.60214764446914,1.57676296036666,38,38.6117710906084,0.441855405423026,0.558144594576974,0.883710810846052,0.726687550456449,0.999912566988752
"Schip1",1.44200729696807,1.51041253649308,32,30.5507484796951,0.539904910531845,0.460095089468155,0.92019017893631,0.726687550456449,0.999912566988752
"Sema3a",1.75098632245388,1.66816402939545,42,44.0852483611667,0.383467940781818,0.616532059218182,0.766935881563637,0.726687550456449,0.999912566988752
"Sema3d",1.6315442380294,1.62056787841882,50,50.3386578173231,0.459980883023957,0.540019116976043,0.919961766047913,0.726687550456449,0.999912566988752
"Sema6a",1.84967994038107,1.71309942350769,49,52.9066298400195,0.325786686853197,0.674213313146803,0.651573373706395,0.726687550456449,0.999912566988752
"Senp6",1.07106758315172,1.37323108167545,29,22.6188879103312,0.793688438292074,0.206311561707926,0.412623123415852,0.810877390239725,0.999912566988752
"Septin11",1.63424612087435,1.56341838315217,28,29.2684874871579,0.399006080730947,0.600993919269053,0.798012161461894,0.726687550456449,0.999912566988752
"Serinc3",1.40857269264949,1.52613180833024,53,48.9173689342753,0.633813792755789,0.366186207244211,0.732372414488422,0.732006966134506,0.999912566988752
"Setbp1",1.61005226589122,1.59391086450706,20,20.2025383193452,0.445325787494241,0.554674212505759,0.890651574988483,0.726687550456449,0.999912566988752
"Setd5",1.51645758888476,1.54759582072054,42,41.1549436102162,0.507932884977436,0.492067115022564,0.984134230045127,0.726687550456449,0.999912566988752
"Sh3pxd2a",1.5304818609578,1.53797144422641,32,31.8441670256654,0.474493965766115,0.525506034233885,0.94898793153223,0.726687550456449,0.999912566988752
"Sik2",1.64146569217561,1.53608564288839,23,24.5778684898379,0.372411161808131,0.627588838191869,0.744822323616262,0.726687550456449,0.999912566988752
"Sik3",1.58711407802076,1.60723992824254,52,51.3488562639945,0.49944894850914,0.50055105149086,0.998897897018281,0.726687550456449,0.999912566988752
"Slc8a1",1.89715253926467,1.67961258787468,34,38.40360973754,0.276696791492838,0.723303208507162,0.553393582985676,0.726687550456449,0.999912566988752
"Slco3a1",1.29504497755676,1.47944565173813,46,40.2664801492524,0.710296458970865,0.289703541029135,0.57940708205827,0.751377037754628,0.999912566988752
"Slit3",2.96221964413962,1.72231317465826,12,20.6388920741598,0.0559250285618766,0.944074971438123,0.111850057123753,0.726687550456449,0.999912566988752
"Slmap",1.55275355182245,1.54140323330202,40,40.2945450813963,0.457224540638186,0.542775459361814,0.914449081276371,0.726687550456449,0.999912566988752
"Smad1",1.33589787057812,1.47400412961091,49,44.408963545853,0.659518126538672,0.340481873461328,0.680963746922655,0.741959633083526,0.999912566988752
"Smg1",1.42423481048719,1.51203738804576,33,31.0837212873568,0.562781712142944,0.437218287857056,0.874436575714111,0.726687550456449,0.999912566988752
"Smg6",1.50420067961995,1.53771407610171,38,37.1718167336185,0.507576584951667,0.492423415048333,0.984846830096667,0.726687550456449,0.999912566988752
"Smurf2",1.35613512822022,1.47765048588692,31,28.4506988468206,0.597817853615211,0.402182146384789,0.804364292769579,0.726687550456449,0.999912566988752
"Smyd3",1.46375756256759,1.51714261273032,27,26.0499269203178,0.515830818164341,0.484169181835659,0.968338363671318,0.726687550456449,0.999912566988752
"Sncaip",1.41611746286524,1.49364055002178,29,27.4948389841808,0.545025974712324,0.454974025287676,0.909948050575353,0.726687550456449,0.999912566988752
"Snd1",1.61062435929773,1.54264544573446,29,30.2779271470225,0.400226759942362,0.599773240057638,0.800453519884724,0.726687550456449,0.999912566988752
"Sned1",1.60967066987108,1.59301285142485,46,46.4810128479763,0.452443071933015,0.547556928066985,0.90488614386603,0.726687550456449,0.999912566988752
"Snrk",1.54522346607188,1.56112010461229,41,40.5825034997427,0.489028244149695,0.510971755850305,0.978056488299391,0.726687550456449,0.999912566988752
"Sntb2",1.38574517482417,1.50292061870554,35,32.2712194610913,0.600530255442369,0.399469744557631,0.798939489115261,0.726687550456449,0.999912566988752
"Son",1.81083529423777,1.68473437945042,47,50.5179094504728,0.336300599165726,0.663699400834274,0.672601198331452,0.726687550456449,0.999912566988752
"Sorbs1",1.69133557953167,1.57585161645983,31,33.2717893092433,0.357164429336891,0.642835570663109,0.714328858673782,0.726687550456449,0.999912566988752
"Spag9",1.68721049182082,1.61712388641355,37,38.60359043723,0.397004321460902,0.602995678539098,0.794008642921803,0.726687550456449,0.999912566988752
"Sptan1",1.45170037909046,1.51366171967002,32,30.6900884968023,0.532790839945689,0.467209160054311,0.934418320108621,0.726687550456449,0.999912566988752
"Sptbn1",1.19190442835797,1.35833287933671,88,77.2178832531234,0.787480489722632,0.212519510277368,0.425039020554736,0.809129353753535,0.999912566988752
"Sptlc2",1.29041655822941,1.46257879385827,39,34.4092543815617,0.679170677743765,0.320829322256235,0.641658644512471,0.742407517824395,0.999912566988752
"Srek1",1.6606625099984,1.54929865594731,27,28.9407646471758,0.363777421039938,0.636222578960062,0.727554842079876,0.726687550456449,0.999912566988752
"Srgap2",1.51753672577108,1.5315477740404,37,36.661513147189,0.484769442523635,0.515230557476365,0.96953888504727,0.726687550456449,0.999912566988752
"Ssbp2",1.51191547951883,1.56810998641295,51,49.1723731903806,0.5465305678807,0.4534694321193,0.9069388642386,0.726687550456449,0.999912566988752
"Ssh2",1.74248739493835,1.64405458406585,43,45.5744953412984,0.365469333724105,0.634530666275895,0.730938667448209,0.726687550456449,0.999912566988752
"St3gal6",1.68051283592879,1.58067992132468,31,32.9579045137321,0.371469347621657,0.628530652378343,0.742938695243314,0.726687550456449,0.999912566988752
"St6galnac3",1.55260643058886,1.5712735267224,39,38.5366708998611,0.490833223550993,0.509166776449007,0.981666447101986,0.726687550456449,0.999912566988752
"Stab1",1.54597376868533,1.58358180724625,41,40.0263025415283,0.513776193919967,0.486223806080033,0.972447612160065,0.726687550456449,0.999912566988752
"Stag1",1.32317514271769,1.48371714144052,47,41.9144794993421,0.682703730285333,0.317296269714667,0.634592539429335,0.742407517824395,0.999912566988752
"Stard13",1.5517144886152,1.59371036152577,51,49.6560986424229,0.527121782082103,0.472878217917897,0.945756435835795,0.726687550456449,0.999912566988752
"Stat3",2.00213598883583,1.59874339136522,17,21.2894151707138,0.213611537941872,0.786388462058128,0.427223075883744,0.726687550456449,0.999912566988752
"Stim1",1.73781863423621,1.57379126080329,26,28.7098331370065,0.324441448487782,0.675558551512218,0.648882896975564,0.726687550456449,0.999912566988752
"Ston2",1.74649449018043,1.62398735561018,36,38.7156965411666,0.348073556950184,0.651926443049816,0.696147113900369,0.726687550456449,0.999912566988752
"Stox2",1.57396627303265,1.59274031933946,78,77.0805936195936,0.508154444295122,0.491845555704878,0.983691111409756,0.726687550456449,0.999912566988752
"Strn3",1.41495308068256,1.51424646940778,38,35.5082334033546,0.585246037514049,0.414753962485951,0.829507924971902,0.726687550456449,0.999912566988752
"Stxbp6",1.68308828800041,1.64768047962162,49,50.0529848669197,0.431363384986025,0.568636615013975,0.862726769972049,0.726687550456449,0.999912566988752
"Susd6",1.75746551119228,1.65084272733834,47,50.0355834375662,0.353804867231115,0.646195132768885,0.707609734462229,0.726687550456449,0.999912566988752
"Swt1",1.76771933007122,1.57582432317344,24,26.922584769013,0.308074651452743,0.691925348547257,0.616149302905485,0.726687550456449,0.999912566988752
"Syne1",1.2980601480195,1.47171335625332,58,51.1563534197972,0.725648579022098,0.274351420977902,0.548702841955804,0.76124337790675,0.999912566988752
"Tacc1",1.19587825613783,1.41762706470125,23,19.4022818666816,0.677644735983333,0.322355264016667,0.644710528033335,0.742407517824395,0.999912566988752
"Tanc1",1.34797227230908,1.49435230346813,48,43.2981358684109,0.665613890380611,0.334386109619389,0.668772219238777,0.742407517824395,0.999912566988752
"Tanc2",1.13450504260858,1.38523864975673,36,29.4838593632089,0.770336519370314,0.229663480629686,0.459326961259371,0.794146920878124,0.999912566988752
"Tasor",1.60960803341635,1.58761905903787,43,43.5955621991889,0.445984936721906,0.554015063278094,0.891969873443812,0.726687550456449,0.999912566988752
"Tbc1d5",1.64710318177288,1.62575776572489,49,49.6433463880059,0.447475979457082,0.552524020542918,0.894951958914165,0.726687550456449,0.999912566988752
"Tc2n",1.7083749782006,1.64944159600957,41,42.4649010160031,0.407735651987085,0.592264348012915,0.815471303974171,0.726687550456449,0.999912566988752
"Tcf12",1.62165581130805,1.61593507819778,39,39.1380677938804,0.463679305377896,0.536320694622104,0.927358610755792,0.726687550456449,0.999912566988752
"Tcf4",1.35782622411091,1.49356375300196,66,60.0018115137011,0.684481560109965,0.315518439890035,0.63103687978007,0.742407517824395,0.999912566988752
"Tcf7l1",1.81455659285698,1.60349654466759,27,30.5538718933098,0.289849540139046,0.710150459860954,0.579699080278091,0.726687550456449,0.999912566988752
"Tcf7l2",2.25376528959226,1.7391895340587,30,38.8761301535555,0.128528035658821,0.871471964341179,0.257056071317642,0.726687550456449,0.999912566988752
"Tek",1.64933933750435,1.60358175033406,43,44.2269884263227,0.419618207048265,0.580381792951735,0.83923641409653,0.726687550456449,0.999912566988752
"Thsd7a",2.22210978199208,1.85915417458467,50,59.7613100723208,0.162386486918495,0.837613513081505,0.32477297383699,0.726687550456449,0.999912566988752
"Timp3",2.06017122326598,1.80525864162858,54,61.625100963927,0.222055990882535,0.777944009117465,0.44411198176507,0.726687550456449,0.999912566988752
"Tll1",1.91660213027609,1.69347651834538,37,41.8749702473009,0.26751308207817,0.73248691792183,0.535026164156341,0.726687550456449,0.999912566988752
"Tmcc1",1.57521624757747,1.52740958168282,26,26.813778653851,0.419148376201459,0.580851623798541,0.838296752402917,0.726687550456449,0.999912566988752
"Tmem131",1.14750444416227,1.41416023249513,21,17.0402142371732,0.708665574481714,0.291334425518286,0.582668851036572,0.751053048095573,0.999912566988752
"Tmtc1",1.39087996819226,1.49305616300771,38,35.3994980904365,0.590324031900907,0.409675968099093,0.819351936198185,0.726687550456449,0.999912566988752
"Tnks2",1.43305514098486,1.50877076740378,34,32.2937558482307,0.551392817139878,0.448607182860122,0.897214365720243,0.726687550456449,0.999912566988752
"Tnpo1",1.31036530167986,1.45691400516265,28,25.1835237474704,0.617828945037484,0.382171054962516,0.764342109925032,0.732006966134506,0.999912566988752
"Tnrc6b",1.41817629162945,1.49227216728799,36,34.2124899316757,0.553794283137104,0.446205716862896,0.892411433725791,0.726687550456449,0.999912566988752
"Tnrc6c",1.33517215589286,1.48505292040125,43,38.6601729235887,0.659877309726739,0.340122690273261,0.680245380546521,0.741959633083526,0.999912566988752
"Top1",1.48909286598868,1.52855617258196,33,32.1480266535588,0.509347561774154,0.490652438225846,0.981304876451692,0.726687550456449,0.999912566988752
"Trpm7",1.47077007912168,1.52054103185372,34,32.8870985014945,0.522043357178785,0.477956642821215,0.955913285642431,0.726687550456449,0.999912566988752
"Tshz2",1.70853396635783,1.66923765255622,66,67.5537372446242,0.423814873990113,0.576185126009887,0.847629747980226,0.726687550456449,0.999912566988752
"Tspan18",1.40997163747086,1.53354843789452,35,32.1796208662529,0.604985032329133,0.395014967670867,0.790029935341734,0.728294083504497,0.999912566988752
"Tspan5",1.56081363915476,1.57428210563199,39,38.6663430329717,0.484946614299831,0.515053385700169,0.969893228599662,0.726687550456449,0.999912566988752
"Tspan9",1.38536182098281,1.51304871404611,39,35.7087716454603,0.620795786825716,0.379204213174284,0.758408426348569,0.732006966134506,0.999912566988752
"Ttc28",1.60665664906864,1.60654423091857,41,41.0028689805511,0.470496498696312,0.529503501303688,0.940992997392625,0.726687550456449,0.999912566988752
"Tulp4",1.39499201540501,1.49641896500886,30,27.9666065725801,0.572206377410036,0.427793622589964,0.855587245179928,0.726687550456449,0.999912566988752
"Ube2d3",1.29492482834332,1.45377987626811,28,24.9404299684543,0.631075773855165,0.368924226144835,0.737848452289671,0.732006966134506,0.999912566988752
"Ube2e2",1.80436668412424,1.68333622523531,45,48.2354621544729,0.343423707680612,0.656576292319388,0.686847415361224,0.726687550456449,0.999912566988752
"Ube2h",1.4061912893203,1.48506891472941,26,24.619041688708,0.540612444023822,0.459387555976178,0.918775111952355,0.726687550456449,0.999912566988752
"Ubn2",1.59796030441116,1.55114812071816,30,30.9053716353922,0.420069917532046,0.579930082467954,0.840139835064092,0.726687550456449,0.999912566988752
"Ubr3",1.30128159331357,1.45338155131392,47,42.0813342720954,0.676070119459218,0.323929880540782,0.647859761081564,0.742407517824395,0.999912566988752
"Ubr5",1.59132521938898,1.55761134836585,38,38.8224947129611,0.432463959857474,0.567536040142526,0.864927919714949,0.726687550456449,0.999912566988752
"Ulk2",1.8167765976114,1.59176486103274,27,30.816717554427,0.278730740802552,0.721269259197448,0.557461481605103,0.726687550456449,0.999912566988752
"Unc13b",1.68178056019717,1.5792891034123,24,25.5575330428876,0.375990469783996,0.624009530216004,0.751980939567993,0.726687550456449,0.999912566988752
"Usp24",1.52076827503141,1.52210113637932,31,30.9728541679671,0.467581092377809,0.532418907622191,0.935162184755618,0.726687550456449,0.999912566988752
"Usp25",1.52036960640686,1.5275041381443,31,30.8552079314631,0.473525851048401,0.526474148951599,0.947051702096802,0.726687550456449,0.999912566988752
"Usp34",1.5753081332319,1.58516975903956,40,39.7511528149859,0.48134356446639,0.51865643553361,0.96268712893278,0.726687550456449,0.999912566988752
"Utrn",1.73661686920856,1.68475614515764,72,74.2163279489429,0.405830534446703,0.594169465553297,0.811661068893406,0.726687550456449,0.999912566988752
"Uvrag",1.54162662896984,1.54599016787799,33,32.906857891492,0.471810050094774,0.528189949905226,0.943620100189548,0.726687550456449,0.999912566988752
"Vav3",1.45614176412768,1.55199382909323,56,52.5414065845824,0.606577964629087,0.393422035370913,0.786844070741825,0.728664631238755,0.999912566988752
"Vgll4",1.5770079446013,1.5521166480536,29,29.465073034806,0.441050517436309,0.558949482563691,0.882101034872617,0.726687550456449,0.999912566988752
"Vim",1.38375228749493,1.51958929491212,52,47.3516885060035,0.656971266540902,0.343028733459098,0.686057466918195,0.741959633083526,0.999912566988752
"Vps13a",1.41006079875534,1.47927991555421,20,19.064151198552,0.51765970178154,0.48234029821846,0.96468059643692,0.726687550456449,0.999912566988752
"Vps13b",1.66353033626105,1.58692553195317,34,35.6412637480615,0.39106081380732,0.60893918619268,0.782121627614641,0.726687550456449,0.999912566988752
"Vti1a",1.38320497628378,1.49566715873188,36,33.2930885427982,0.598013189844915,0.401986810155085,0.803973620310169,0.726687550456449,0.999912566988752
"Wac",1.62093064529285,1.58956197014555,42,42.828834849431,0.435437282634389,0.564562717365611,0.870874565268778,0.726687550456449,0.999912566988752
"Wasf2",1.67138706982442,1.5707398897889,34,36.1785937591918,0.367196278691306,0.632803721308694,0.734392557382611,0.726687550456449,0.999912566988752
"Wdfy3",1.59443253493124,1.59564251437129,48,47.963601488053,0.474327174365113,0.525672825634887,0.948654348730227,0.726687550456449,0.999912566988752
"Wipf1",1.44002037049704,1.50131019269305,34,32.6119764157956,0.535632332476832,0.464367667523168,0.928735335046335,0.726687550456449,0.999912566988752
"Wnk1",1.82654501763163,1.69371696407078,40,43.1369598670512,0.338667544117007,0.661332455882993,0.677335088234013,0.726687550456449,0.999912566988752
"Wwc2",1.4958955695636,1.51477558983766,28,27.6510106373378,0.483051523858639,0.516948476141361,0.966103047717278,0.726687550456449,0.999912566988752
"Wwox",1.66390355398937,1.62957182597806,38,38.8005818728773,0.433437299911226,0.566562700088774,0.866874599822452,0.726687550456449,0.999912566988752
"Wwtr1",1.69291739331622,1.58691462914604,32,34.1375368221735,0.365247199963994,0.634752800036006,0.730494399927989,0.726687550456449,0.999912566988752
"Xdh",1.38857067669935,1.48281608686517,25,23.4110401316682,0.553574727125518,0.446425272874482,0.892850545748964,0.726687550456449,0.999912566988752
"Yes1",1.51068167103178,1.52666513556823,26,25.7277922523637,0.478143261884563,0.521856738115437,0.956286523769126,0.726687550456449,0.999912566988752
"Zbtb16",1.34310985218697,1.50494167803503,47,41.9459198812344,0.681456803152709,0.318543196847291,0.637086393694582,0.742407517824395,0.999912566988752
"Zbtb46",1.4944177898986,1.50689277588291,26,25.7847559953946,0.474984163019701,0.525015836980299,0.949968326039401,0.726687550456449,0.999912566988752
"Zbtb7c",1.45960541403395,1.51803149595954,34,32.6914060803367,0.531704818507026,0.468295181492974,0.936590362985949,0.726687550456449,0.999912566988752
"Zcchc7",1.58721070386387,1.60165740099797,48,47.5670475708446,0.4904910174179,0.5095089825821,0.9809820348358,0.726687550456449,0.999912566988752
"Zeb1",1.42485425893831,1.54079380702805,49,45.312914920553,0.623386708282966,0.376613291717034,0.753226583434068,0.732006966134506,0.999912566988752
"Zfand3",1.51524060395751,1.5714002582034,47,45.3202855314697,0.542336093656191,0.457663906343809,0.915327812687618,0.726687550456449,0.999912566988752
"Zfand6",1.38248041532133,1.49728101185949,32,29.5464732003388,0.591304914941617,0.408695085058383,0.817390170116765,0.726687550456449,0.999912566988752
"Zfc3h1",1.52351838802472,1.5374198959771,31,30.7196948292061,0.480399464631833,0.519600535368167,0.960798929263666,0.726687550456449,0.999912566988752
"Zfhx3",1.31280850002441,1.47026227257093,40,35.716307886451,0.663441883569054,0.336558116430946,0.673116232861892,0.742407517824395,0.999912566988752
"Zfp148",1.56048419796789,1.53272217262331,32,32.5796124221954,0.438272917578329,0.561727082421671,0.876545835156657,0.726687550456449,0.999912566988752
"Zfp407",1.83468643388967,1.6544815102313,35,38.8121745628703,0.301821183329158,0.698178816670842,0.603642366658315,0.726687550456449,0.999912566988752
"Zfp423",1.34654013352423,1.46422858267457,30,27.5887279375047,0.59222085247121,0.40777914752879,0.815558295057581,0.726687550456449,0.999912566988752
"Zfp521",2.10905372408358,1.84247764646977,62,70.9703757566467,0.203574899970797,0.796425100029203,0.407149799941593,0.726687550456449,0.999912566988752
"Zfpm2",1.46351187463965,1.55005607280374,64,60.4266914083417,0.603597079510522,0.396402920489478,0.792805840978955,0.728169242728651,0.999912566988752
"Zfr",1.39085729953307,1.51365822961657,33,30.322757136674,0.601087233093606,0.398912766906394,0.797825533812789,0.726687550456449,0.999912566988752
"Zmiz1",1.21932958537011,1.42915464155219,33,28.1550191611957,0.707166738622703,0.292833261377297,0.585666522754595,0.750868053930847,0.999912566988752
"Zswim6",1.64037533728177,1.61750965101919,37,37.5230450348055,0.445110367391167,0.554889632608833,0.890220734782334,0.726687550456449,0.999912566988752
"Zup1",1.80254744270042,1.60528242579497,32,35.9323177277347,0.289319461901532,0.710680538098468,0.578638923803063,0.726687550456449,0.999912566988752
"Kdm6a",1.26381733040126,1.43606735420964,24,21.1213045409864,0.631559132290115,0.368440867709885,0.736881735419771,0.732006966134506,0.999912566988752
"Atp11c",0.919492397327629,1.31685926420354,26,18.1544094956704,0.870083550298144,0.129916449701856,0.259832899403712,0.879389256718445,0.999912566988752
"Eda",1.63532577236437,1.53471434568599,17,18.1144707536881,0.381653883441046,0.618346116558954,0.763307766882092,0.726687550456449,0.999912566988752
"Xist",2.50768411328609,1.70508834905441,15,22.0605939394,0.10622488928344,0.89377511071656,0.212449778566881,0.726687550456449,0.999912566988752
"Atrx",0.627897774246722,1.22584360350781,20,10.2443374089478,0.96352190161023,0.0364780983897705,0.072956196779541,0.96693259860708,0.999912566988752
"Diaph2",0.790222755825365,1.30921944703225,19,11.4680792396694,0.907087845464234,0.0929121545357657,0.185824309071531,0.911912780812448,0.999912566988752
"Huwe1",1.27847378606664,1.44102061560171,19,16.8568039015343,0.599568500909685,0.400431499090315,0.800862998180629,0.726687550456449,0.999912566988752
"Rps6ka3",0.880220821247584,1.35367611939639,18,11.7044059176588,0.862116814184445,0.137883185815555,0.27576637163111,0.874454800791736,0.999912566988752
"Arhgap6",1.4133795853599,1.55465655565033,34,30.9103034542151,0.619851335887983,0.380148664112017,0.760297328224035,0.732006966134506,0.999912566988752
