"","AR","N","log2FC","llr_var","pval_var","padj_var"
"4933406I18Rik",0.380092592592593,36,-0.367731784500487,3.12092534662879,1,1
"5031425E22Rik",0.57,30,0.321928094887362,-7.32186931971474,0.000129865348482888,0.000788636843514267
"Abca1",0.539952496642637,71,0.095860015407516,0.380547721156432,1,1
"Abca9",0.537414965986395,35,-0.201633861169651,-5.01804814085796,0.00153502163259312,0.00722108768008595
"Abi1",0.495757575757576,55,0.321928094887362,27.7308035953981,1,1
"Abl2",0.421212121212121,33,-0.295455883526171,0.985628256650664,1,1
"Ablim1",0.511934156378601,27,-0.229481846122767,-12.9720587740881,3.51444719946179e-07,4.69530145848095e-06
"Acer3",0.536630036630037,39,0.187627003175771,1.64013379543144,1,1
"Actr2",0.478682170542636,43,0.118644496498619,11.3202132562478,1,1
"Actr3",0.653703703703704,36,0.724365557386573,-2.32848653659511,0.0309276683536263,0.108735170843276
"Adam19",0.444444444444444,27,-0.700439718141092,0.273395705821525,1,1
"Adam9",0.458064516129032,31,-0.559427408614019,-11.4922837624568,1.63307102413443e-06,1.62819618525642e-05
"Adgre1",0.4296875,32,-0.271302021817394,-2.20009807769328,0.0359347971499086,0.12502314841739
"Adgrg6",0.54952380952381,40,0.514573172829758,-0.0787162327997919,0.691531468736929,1
"Aff1",0.421317829457364,43,0.0331668639351993,3.12403207521192,1,1
"Aftph",0.47008547008547,39,-0.0506260730699677,-4.23117195595309,0.00362574319015198,0.0156257835549776
"Agfg1",0.435470085470085,39,-0.46394709975979,-19.2658424324944,5.38719496257716e-10,2.39909749000103e-08
"Agmo",0.551282051282051,39,0.527247002864869,-17.5941662290996,2.99311429912123e-09,9.08818341733175e-08
"Ago3",0.485714285714286,35,0.15200309344505,3.71240119250852,1,1
"Agps",0.397619047619048,35,-0.70626879694329,0.466527687793601,1,1
"Ahnak",0.36984126984127,42,-0.426264754702098,12.9506781502263,1,1
"Aig1",0.280952380952381,35,-1.33703498727757,-10.0430733957437,7.4030972820718e-06,5.750312772586e-05
"Airn",0.541269841269841,21,0.526068811667588,-3.44660351897154,0.00865239004165266,0.0348180514929155
"Akap13",0.535,50,0.0577154978562875,8.59557880038219,1,1
"Akt3",0.481720430107527,31,-0.356143810225275,0.611423609027909,1,1
"Alcam",0.415327096364248,57,-0.404390255079336,-0.0272628691194541,0.815367370158319,1
"Alpk1",0.32156862745098,34,-1.51937415909358,5.14095351696297,1,1
"Ambra1",0.551470588235294,34,0.245112497836532,-3.24947125404368,0.0107938673455651,0.0426645170818788
"Ank2",0.279761904761905,42,-1.54432051622381,1.78745379135551,1,1
"Ankhd1",0.425193798449612,43,-0.084888897586513,-8.58831236101259,3.40601769891432e-05,0.000223060766948507
"Ankrd11",0.494365079365079,60,-0.102361717629678,4.87853188935229,1,1
"Ankrd17",0.562345679012346,54,0.0995356735509143,5.83173881493202,1,1
"Ankrd33b",0.36359649122807,38,-1,2.73763041260893,1,1
"Ankrd44",0.493269230769231,52,-0.0565835283663675,17.3297041949699,1,1
"Anks1",0.343780369290573,49,-1,-3.13332352519998,0.0123031744453768,0.047782096101812
"Ano6",0.410119047619048,56,-0.86102358685119,1.79418909401105,1,1
"Antxr2",0.546504157218443,42,0.143364175171177,-0.547735618510551,0.29526213107588,0.832215626829905
"Aoah",0.510301132975552,43,-0.15200309344505,-0.18626925760816,0.541623801016356,1
"Aopep",0.495614035087719,57,0.303780748177103,5.66480926257481,1,1
"Ap2a2",0.606909430438842,51,0.39231742277876,7.83973077566372,1,1
"Ap2b1",0.564035087719298,38,0.199308808223407,-2.8963702610047,0.0160924834644306,0.0614273083099408
"Ap3b1",0.397435897435897,39,-0.700439718141092,-8.76412969424858,2.83068935694541e-05,0.000187217870340548
"Apaf1",0.505208333333333,32,-0.111031312388744,0.00687205112103584,1,1
"Apba1",0.571428571428571,28,0.761840262805235,0.0341874096474513,1,1
"Apc",0.491379310344828,29,-0.0671141958585371,0.0941861468359164,1,1
"Apoe",0.881944444444444,42,2.49185309632967,-8.14047459245904,5.46102462253356e-05,0.00034414758942004
"App",0.694064153439153,72,1.69726547034595,0.784785566114607,1,1
"Arb2a",0.638499149659864,56,0.666262602823004,9.22107309350545,1,1
"Arfgef1",0.434684684684685,37,-0.398549376490275,-7.34310203484443,0.000126972296074272,0.00077814214474875
"Arhgap10",0.466216216216216,37,-0.192645077942396,5.32752137589851,1,1
"Arhgap12",0.496913580246914,27,0.137503523749935,-2.45085377034422,0.0268301532168829,0.0968786072912312
"Arhgap15",0.549272486772487,36,0.0384741478146358,-9.2212879731491,1.75101659086581e-05,0.000123124113968249
"Arhgap18",0.53015873015873,42,0,3.32868404858205,1,1
"Arhgap26",0.378,50,-0.655351828612554,2.81883086149487,1,1
"Arhgef12",0.553418803418803,39,0.68965987938785,4.01082974235923,1,1
"Arhgef3",0.600757575757576,44,0.517848304862619,-2.34326879554104,0.0303998454494779,0.107444956403446
"Arid1b",0.475641025641026,52,-0.286881147788162,3.75742824972404,1,1
"Arih1",0.540058479532164,57,0.178970141045319,10.9977379921172,1,1
"Arl15",0.42536231884058,46,-0.909802191028422,8.05624075597107,1,1
"Arpc2",0.420833333333333,40,-0.400537929583729,16.5158775470254,1,1
"Asap1",0.512619047619048,50,0.321928094887362,21.8836755188058,1,1
"Ascc3",0.494623655913978,31,0,-2.79255045358125,0.0181138895839171,0.0687504445571399
"Ash1l",0.461240310077519,43,-0.31315788525963,0.555237592625673,1,1
"Asxl1",0.473214285714286,28,-0.0524674198941357,-5.38109909416484,0.00103594270184634,0.00501456322343009
"Asxl2",0.394444444444444,27,-0.770518153877233,1.0489602341128,1,1
"Atad2b",0.494252873563218,29,-0.131244533278253,0.0503582431558769,1,1
"Ate1",0.493589743589744,26,-0.15200309344505,2.24774260344076,1,1
"Atf6",0.478260869565217,23,0.304854581528421,-10.5198462388621,4.49866432417543e-06,3.75638471068648e-05
"Atg10",0.445833333333333,24,-0.678071905112637,-3.38125615427672,0.0093092606556806,0.0372370426227224
"Atp10d",0.530666666666667,25,0.125530882083859,-3.78129613191027,0.00595922138468814,0.0251946828162764
"Atp13a3",0.466071428571429,20,-0.15200309344505,-7.72811343230195,8.44382856035131e-05,0.000527147427879876
"Atp1b3",0.511904761904762,28,0.120294233717712,-10.7483760600419,3.5442844614378e-06,3.15677602698727e-05
"Atp2b1",0.457446808510638,47,-0.0317088597273382,5.98973850956072,1,1
"Atp6v0b",0.424418604651163,43,-0.499571009490512,10.9847666585425,1,1
"Atp8a1",0.348275862068966,29,-0.807354922057604,-0.641680493485232,0.257275050725102,0.737595424396428
"Atp8b4",0.585964912280702,38,0.815575428862573,-0.103038361206593,0.649859963054365,1
"Atp9b",0.319047619047619,35,-0.866733469136536,-3.14160585835354,0.012188700549156,0.0476143389873462
"Atxn1",0.427358490566038,53,-0.34577483684173,8.72227484525261,1,1
"Atxn2",0.47283950617284,27,-0.251538766995964,-0.973998387099591,0.16280288102192,0.485501448761796
"Atxn7",0.589285714285714,28,0.137503523749935,0.217000203080396,1,1
"Atxn7l1",0.46969696969697,33,0,1.01213061002193,1,1
"B4galt1",0.555151515151515,55,0.254572827085598,3.09518536343646,1,1
"B4galt6",0.438095238095238,35,-0.15754127698648,1.19936019135137,1,1
"Babam2",0.449537037037037,36,-0.263034405833794,-4.60284846450928,0.0024126312901911,0.010816360415085
"Bach2",0.557971014492754,23,0.415037499278843,-3.28374988891961,0.0103857752146262,0.0412958204962518
"Bank1",0.721708683473389,51,1,4.83497440837886,1,1
"Baz1a",0.474537037037037,36,-0.263034405833794,-1.83041980376714,0.0557055547372673,0.186056552822473
"Baz2b",0.462962962962963,36,-0.321928094887362,3.15526503453657,1,1
"Bbx",0.710714285714286,28,0.954196310386875,1.58130649829187,1,1
"Bcas3",0.53525641025641,26,0.137503523749935,-0.148204221386457,0.58614281483156,1
"Bcl2",0.628472222222222,24,0.0671141958585371,-0.150337181849956,0.58345996388413,1
"Birc6",0.615384615384615,52,0.321928094887363,21.3966405839337,1,1
"Bmp2k",0.588235294117647,34,0.652076696579693,-9.24487383964825,1.70820723081452e-05,0.000121391747891925
"Bmpr2",0.561177248677249,36,0.280107919192735,-2.55920031538749,0.0236734257447181,0.0864144721173315
"Braf",0.65,40,0.932885804141463,8.03768893678362,1,1
"Btaf1",0.229166666666667,32,-1.88752527074159,6.3295899625608,1,1
"Btbd1",0.544715447154472,41,0.493040011280117,0.058734759810875,1,1
"Btbd7",0.520325203252033,41,-0.180572245641821,8.54750970820287,1,1
"Btbd9",0.563899613899614,37,0.389946518316014,-0.263537535673841,0.467839162632112,1
"Btg2",0.414285714285714,35,-0.494764691749578,4.25592360943739,1,1
"C1qa",0.60787037037037,36,0.440572591385981,-18.919639531645,7.68193833244801e-10,3.01854988592663e-08
"C1qc",0.572380952380952,35,0.0506260730699677,-0.349894398939583,0.402854670316092,1
"C5ar1",0.453968253968254,39,-0.222392421336448,3.68510761461513,1,1
"Cab39",0.692528735632184,29,1,-3.55159280321156,0.00769470740245061,0.0317287934866482
"Camk1d",0.54693187636736,62,0.410788026277486,1.12950086717808,1,1
"Camk2d",0.563829787234043,47,0.241008099503795,9.3877114695096,1,1
"Camkmt",0.343434343434343,33,-1.21150410519371,-2.9076179790599,0.0158879216956709,0.0609950097282078
"Capn2",0.538288288288288,37,0,5.59555585604596,1,1
"Cbfb",0.617283950617284,27,0.616671360448494,5.90312480989421,1,1
"Cbl",0.626126126126126,37,0.494764691749578,-6.07788459358384,0.000489362572839713,0.00247647120194643
"Ccdc88a",0.431372549019608,34,-0.206450877467426,-12.372943446094,6.54082331731195e-07,7.40554233214303e-06
"Ccnd3",0.583699633699634,39,0.84799690655495,4.99334465001107,1,1
"Ccny",0.428282828282828,55,0,5.30461998506735,1,1
"Cd163",0.253216374269006,38,-0.703018262242868,0.948540300586167,1,1
"Cd36",0.339015151515151,44,-0.652076696579693,1.13307624476907,1,1
"Cd44",0.686438923395445,46,1.18057224564182,2.38291309693388,1,1
"Cd47",0.333333333333333,27,-0.643856189774725,-15.7315123414103,2.03274479883633e-08,4.52624508540889e-07
"Cdc42",0.491319444444444,48,-0.156119201917282,-0.358889352565527,0.396873502100922,1
"Cdh13",0.522186147186147,14,-0.180572245641821,-23.4140559972485,7.74937801314598e-12,8.98806756959271e-10
"Cdk13",0.552380952380952,35,0.369233809665719,-0.307181074081605,0.433150095793395,1
"Cdk14",0.527464202464203,70,0.126448335240939,-0.146344769327357,0.58850214340819,1
"Cdk6",0.568115942028986,23,0.263034405833794,-16.3774830984151,1.04538879347515e-08,2.58636931126444e-07
"Cdkal1",0.595934959349594,41,0.725825036561006,-22.5505881679932,1.87112971034303e-11,1.56239330813643e-09
"Celf1",0.56910569105691,41,0.332575339086871,-10.4524356673948,4.82665591047576e-06,3.88458572072025e-05
"Celf2",0.571091408591409,52,0.244622368719913,0.0157433530005022,1,1
"Cemip2",0.544047619047619,28,0.299560281858908,-9.51283881209461,1.2897118676024e-05,9.68008457930791e-05
"Cep170",0.433333333333333,40,-0.106915203916512,1.50564981195056,1,1
"Cflar",0.414414414414414,37,-0.299560281858908,-18.8556685286821,8.2026453354549e-10,3.04409282449104e-08
"Chaserr",0.448529411764706,34,-0.184424571137427,-9.80392905865701,9.50773499277295e-06,7.30019192548544e-05
"Chd2",0.49749373433584,38,-0.156119201917282,3.37627151802204,1,1
"Chd7",0.469191919191919,33,-0.502500340529183,2.63065799675116,1,1
"Chd9",0.555555555555556,45,-0.0901978089715783,0.560067001811085,1,1
"Clasp2",0.55982905982906,39,0.321928094887362,5.62310695471578,1,1
"Clic4",0.393043884220355,51,-0.742842160502876,1.34320379602831,1,1
"Cltc",0.485863095238095,56,-0.104969559601542,11.4253970967721,1,1
"Cmip",0.4439230100189,73,-0.253756592245783,2.49755696016099,1,1
"Cnnm2",0.791666666666667,27,2.7279204545632,4.69406558960905,1,1
"Cnot2",0.541666666666667,32,0,-6.38814854897604,0.000351039120047286,0.00189108171122247
"Cnot6l",0.356060606060606,22,-0.943416471633633,-3.73966693419367,0.00624111572528447,0.0260566581530626
"Colec12",0.327097505668934,42,-0.584962500721156,3.01527017891078,1,1
"Cpeb2",0.597701149425287,29,0.37851162325373,-0.0306087408478319,0.804581906899288,1
"Cped1",0.563218390804598,29,-0.115477217419936,-0.807665703934276,0.203743986834061,0.594327437577086
"Cpq",0.563492063492063,42,0.37851162325373,-10.4605483600775,4.78594586244444e-06,3.88458572072025e-05
"Creb1",0.316666666666667,22,-0.716207033999409,-6.52957869137506,0.000301805180966402,0.00169416689819796
"Creb5",0.435416666666667,28,0.0931094043914817,-12.6997874904425,4.66020779648433e-07,5.76484964453987e-06
"Crebbp",0.512400793650794,48,-0.0721497857558355,28.1984979263639,1,1
"Csnk1a1",0.504761904761905,35,0.0524674198941357,8.67932097361974,1,1
"Cstf3",0.492647058823529,34,-0.115477217419936,0.657537228239455,1,1
"Ctsb",0.580459770114943,29,0.275634442613427,-16.0731102809006,1.4299459198951e-08,3.4114424088926e-07
"Ctsc",0.455102040816327,35,-0.263034405833794,-5.1589555431291,0.0013174532134489,0.0062415513942118
"Cttnbp2nl",0.498148148148148,36,-0.0995356735509141,3.7251786456339,1,1
"Cux1",0.403373015873016,42,-0.84245872301352,1.83736577475083,1,1
"Cyfip1",0.545177045177045,39,0.133266530863464,10.821571259394,1,1
"Cyrib",0.497992530345472,51,0.280107919192735,2.19756704717206,1,1
"Cyth1",0.431854838709677,62,-0.167456745851563,3.29122858118036,1,1
"Cyth3",0.417283950617284,27,-0.321928094887362,-12.3076435190175,6.999426898669e-07,7.66494617755885e-06
"Cyyr1",0.367647058823529,17,-1.08746284125034,-19.6272463996216,3.72011378905703e-10,1.979385875346e-08
"Dab2",0.579209583519928,58,-0.0607540310790964,-0.0208468159248554,0.838204880637248,1
"Dapk1",0.385077519379845,43,-0.82781902461732,1.42423109774003,1,1
"Dcaf6",0.480392156862745,17,-0.206450877467427,-0.0775306551851145,0.693744763518701,1
"Dclre1c",0.555128205128205,39,0.156119201917282,1.95680717842816,1,1
"Dcn",0.653536414565826,16,0.192645077942396,-15.6308017746069,2.25495646453547e-08,4.85906747841836e-07
"Dennd1a",0.512239583333333,64,0.0418201756946271,6.3466702155042,1,1
"Dennd1b",0.426190476190476,35,-0.16349873228288,5.24931182648685,1,1
"Dennd4a",0.608105369807497,47,0.595609744920665,1.10649460389192,1,1
"Dennd4c",0.359166666666667,40,-0.947532580105864,2.67766674444712,1,1
"Diaph1",0.477777777777778,30,-0.362570079384708,-6.1102031836003,0.000472696340553842,0.00241039049992341
"Dip2b",0.398148148148148,36,-0.678071905112638,5.47754174700122,1,1
"Dip2c",0.509574468085106,47,-0.321928094887362,1.52342912856707,1,1
"Dlc1",0.464705882352941,34,-0.253756592245783,-23.100766739063,1.06693440690045e-11,1.018160262585e-09
"Dleu2",0.462185592185592,65,-0.100526875953965,2.39277488911571,1,1
"Dmxl1",0.43859649122807,38,-0.0489096004809464,11.0746990071941,1,1
"Dnajc1",0.557142857142857,35,0.540568381362703,-3.94794583689118,0.00495472063050021,0.0212163678280393
"Dnajc13",0.472222222222222,36,-0.169925001442313,-4.69385503805562,0.00218444890225674,0.00992661133814628
"Dock1",0.504333333333333,50,0.122856747785533,11.4753018207821,1,1
"Dock10",0.699691358024691,54,0.961525852185364,4.6088429424689,1,1
"Dock2",0.39532967032967,65,-0.659659867998757,7.44997568461891,1,1
"Dock4",0.63040071040071,65,0.744440714728353,0.47300330102604,1,1
"Dock8",0.503571428571429,38,-0.274174963438994,-1.37457820962652,0.0973057547878366,0.3051654657196
"Dock9",0.423717948717949,26,-0.710493382805015,-14.1032257327669,1.09040513771391e-07,1.69393170230904e-06
"Dse",0.259001161440186,41,-1.56071495447448,2.66103693760216,1,1
"Dst",0.391511387163561,46,-0.682809824119301,2.49130950706831,1,1
"Dusp16",0.495679012345679,27,0.176877762084079,-15.3807028638878,2.91783736763612e-08,5.90641018660887e-07
"Dyrk1a",0.368518518518519,45,-0.827163403137784,6.7328939439733,1,1
"Ebf1",0.492506105006105,24,-0.540568381362703,-5.8985098227318,0.000593256176704622,0.00295742631372155
"Ecpas",0.358333333333333,40,-0.46948528330122,0.134677502991373,1,1
"Eea1",0.607716049382716,54,0.374395514781498,6.12152666776774,1,1
"Egfr",0.469135802469136,27,-0.726981505593584,-3.10665699053669,0.0126793048646289,0.0489582407489716
"Ehd4",0.299382716049383,27,-1.05062607306997,3.62497964851258,1,1
"Ehmt1",0.405952380952381,28,-0.584962500721156,-1.49617042524576,0.08365915361403,0.267389065139579
"Eif4g3",0.418085106382979,47,-0.543142325026529,13.6960240780759,1,1
"Elk3",0.530392156862745,34,0.111031312388744,-17.6612733883277,2.79378978464266e-09,8.88691226733952e-08
"Elmo1",0.477236652236652,66,-0.0565835283663675,2.07481065426958,1,1
"Emcn",0.417948717948718,13,-0.637429920615292,-11.3311120907718,1.93127610461998e-06,1.84298919698021e-05
"Entpd1",0.5957261208577,60,0.150416842553098,1.1512890206364,1,1
"Epb41",0.313333333333333,40,-1.03747470541866,0.0582342984076689,1,1
"Epc1",0.558333333333333,28,0.184424571137427,1.33068541128773,1,1
"Eps15",0.596846846846847,37,0.387023123109247,0.404822698653291,1,1
"Eps8",0.660612756808409,46,0.765534746362977,-0.3064766982287,0.433677966325745,1
"Erbin",0.539473684210526,38,0.16349873228288,-10.6678094719263,3.85501759273996e-06,3.34435292461077e-05
"Errfi1",0.555555555555556,22,0.563900885193326,-0.0621244045770872,0.724471232513777,1
"Etv6",0.495449723318576,61,0.0663424948286961,2.52853639306254,1,1
"Ext1",0.412562252562253,75,-0.659294698082009,-0.611488933750493,0.268777035059006,0.767278031706905
"F13a1",0.478665125180213,72,-0.0446690493337283,-1.29304513774395,0.107806153233808,0.334951210977598
"Faf1",0.550925925925926,36,0.253756592245783,-4.5308665458539,0.00261014461285122,0.0114708986933198
"Fam117b",0.362745098039216,34,-1.17833724125851,-1.07419630678528,0.142719237887318,0.433347504130585
"Fam168a",0.471014492753623,23,-0.074000581443777,-10.2308845623716,6.08343180083348e-06,4.7808616975962e-05
"Fam193a",0.419047619047619,35,-0.356143810225275,5.36577730095135,1,1
"Fbxl17",0.452407407407407,60,-0.488747185461853,3.20453290708299,1,1
"Fbxl7",0.729166666666667,20,1.54432051622381,-9.5679187958802,1.21737440152798e-05,9.24097841159873e-05
"Fbxo11",0.547826086956522,46,0.502500340529183,5.39365125198977,1,1
"Fbxw11",0.497685185185185,36,-0.0524674198941357,0.16770375956466,1,1
"Fbxw7",0.541666666666667,40,0.0489096004809464,-9.12827620740161,1.93060687266813e-05,0.000131596468463501
"Fcho2",0.517424242424242,44,0.148863385914483,4.46190434550467,1,1
"Fchsd2",0.592929292929293,33,0.628031222613042,-2.23221365999581,0.0346076887922527,0.121036314728926
"Fer",0.385416666666667,32,-0.60768257722124,4.18194629132152,1,1
"Fermt3",0.36,25,-0.678071905112637,-12.0153904631482,9.48078681297242e-07,1.00526437953422e-05
"Fli1",0.463271604938272,54,-0.169925001442312,13.4284053622194,1,1
"Flt1",0.516356107660455,23,0.0473057147783569,-12.5791986707581,5.28092007800875e-07,6.41391747656336e-06
"Fmnl2",0.542414174972314,43,0.0888092669578558,15.8160438217451,1,1
"Fnbp1",0.440153349475383,59,-0.593374740537357,2.68534657579066,1,1
"Fndc3a",0.543981481481482,36,0.0962153152593033,-2.13181544399136,0.0389366139037989,0.13435317678428
"Fndc3b",0.556578947368421,38,0.440572591385981,2.21077482103276,1,1
"Fnip1",0.564102564102564,39,-0.255257055242075,2.85497669925284,1,1
"Fnip2",0.506756756756757,37,0.15200309344505,4.97663191652057,1,1
"Foxn3",0.549145299145299,39,0.427421223734676,2.9824814867699,1,1
"Foxp1",0.35982905982906,39,-0.338801913451759,6.63889833016335,1,1
"Frmd4b",0.528484226013638,75,0.266074860153845,0.222450780027785,1,1
"Fry",0.348484848484849,44,-0.491853096329675,10.6026863822442,1,1
"Fto",0.436936936936937,37,-0.142019004872428,-20.7823676280713,1.14031747935039e-10,6.92483705641872e-09
"Fubp1",0.508547008547009,39,-0.146841388329271,11.0171806391841,1,1
"Fut8",0.479166666666667,24,-0.552541023028779,-0.0492925694157691,0.753534174678177,1
"Fyb1",0.571031746031746,42,0.178337241258512,-2.6678268607573,0.0208935027492723,0.0779712840028708
"Fyn",0.481481481481482,27,0.295455883526171,-6.40102069850956,0.000346241336217458,0.00188040010238424
"Gab1",0.439814814814815,36,-0.815575428862573,2.48457823224683,1,1
"Gab2",0.527853363567649,63,0.217905030344134,1.28424921770856,1,1
"Galnt2",0.301724137931034,29,-0.951090399519053,-4.55919809216224,0.00253051719256025,0.0112692365642016
"Gas7",0.505855855855856,37,0.084888897586513,-9.0782282627379,2.0347837950352e-05,0.000137296522735708
"Gda",0.807471264367816,29,2.61143471208235,-1.08488015107114,0.140748170771487,0.429314055138599
"Glis3",0.4064039408867,29,-0.369233809665719,-0.0688164130039581,0.710645736913443,1
"Gls",0.45042735042735,39,-0.302562770020431,7.62438573104924,1,1
"Glud1",0.480392156862745,34,0,-1.30726036795308,0.105889512577386,0.330533618699502
"Gm20619",0.270870076425632,27,-1.55942740861402,-1.26667331551549,0.111463587102739,0.343122931726404
"Gnaq",0.591208563126371,73,0.222392421336448,1.03622653909692,1,1
"Gnb1",0.560897435897436,52,0.113210610447991,16.7636946960404,1,1
"Gng2",0.511752136752137,39,0.263034405833794,1.15372690564118,1,1
"Gns",0.489784946236559,31,-0.273018494406416,-23.3739531060782,8.07311458346651e-12,8.98806756959271e-10
"Gpcpd1",0.517241379310345,29,0.485426827170242,-1.75344880897613,0.0611137955040094,0.20184728118515
"Gpd2",0.225,34,-1.55458885167764,7.40149243099112,1,1
"Gphn",0.364227642276423,41,-0.485426827170242,3.08630408701997,1,1
"Gtdc1",0.340909090909091,22,-1,-5.20635453348327,0.00125151014501175,0.00597149126334177
"Hdac9",0.555078563411897,36,0.521952703195356,-0.68344604957877,0.242346582583219,0.697791022265475
"Heatr5a",0.434397163120567,47,-0.467126010427298,0.205306580754737,1,1
"Hectd1",0.539855072463768,46,0.46394709975979,21.2474223476235,1,1
"Heg1",0.46431247963506,31,-0.174029399775049,-0.515342072561673,0.309998035821465,0.866438024806437
"Herc1",0.549206349206349,42,0.215728691055437,6.14072275558441,1,1
"Herc4",0.416666666666667,36,-0.387023123109247,-0.0573937569352978,0.734758095481548,1
"Hip1",0.596774193548387,31,0.447458976971221,-1.05555213863472,0.146233759969246,0.44200973601564
"Hivep2",0.494275852352775,65,-0.214124805352847,1.73306942285917,1,1
"Hnrnpc",0.517241379310345,29,0.3536369546147,0.397524714108158,1,1
"Hnrnph1",0.692307692307692,26,0.893084796083488,0,1,1
"Homer1",0.582666666666667,25,-0.0544477840223765,-12.8621921953387,3.93819523458752e-07,5.05906618597013e-06
"Hpcal1",0.546190476190476,35,-0.137503523749935,-28.3913895837281,4.86709950612872e-14,3.25122247009398e-11
"Hrh1",0.42816091954023,29,-0.906890595608518,-12.435277940076,6.13117593964416e-07,7.18530794330228e-06
"Hycc1",0.461538461538462,39,-0.263034405833794,-14.3842997786723,8.15628337815845e-08,1.32887738941704e-06
"Ifngr1",0.608695652173913,23,0.304854581528421,-3.22055229301746,0.0111509287843105,0.0438165907524671
"Ifrd1",0.529411764705882,17,0.192645077942396,-6.7898144451042,0.000228653436703053,0.00131672841135896
"Igf1r",0.414414414414414,37,-0.428843298803874,-11.0666675129668,2.54354380127447e-06,2.32751679349499e-05
"Il6ra",0.555555555555556,39,-0.0458036896131249,1.7484612861328,1,1
"Inpp5d",0.626767676767677,33,0.628031222613042,-1.86923734297395,0.0531729642979296,0.178490151512648
"Iqgap1",0.607037037037037,45,0.447458976971221,8.91557474576555,1,1
"Iqgap2",0.649080086580087,44,0.328054197684204,3.84190786270281,1,1
"Irf2",0.643161094224924,47,0.514573172829758,10.6548081407432,1,1
"Isy1",0.480833333333333,20,0.20163386116965,-13.5289868303989,1.97444106347823e-07,2.86723180522491e-06
"Itga9",0.423860182370821,47,-0.342887713523009,4.87827823795557,1,1
"Itgam",0.269047619047619,35,-0.868755466721747,8.63954244626297,1,1
"Itpkb",0.551222651222651,37,0.628031222613042,2.35179847236079,1,1
"Itpr2",0.403508771929825,38,-0.280107919192735,8.65153119975728,1,1
"Itprid2",0.636363636363636,22,0.736965594166207,-0.71660145210182,0.231242433289856,0.668701062500536
"Itsn1",0.42594696969697,44,-0.42449782852791,3.6338601516856,1,1
"Itsn2",0.59009009009009,37,0.494764691749578,0.472414997374472,1,1
"Jak1",0.503333333333333,45,-0.134301091711591,8.48666367903288,1,1
"Jarid2",0.51029526029526,39,-0.0931094043914813,4.31486196613537,1,1
"Jdp2",0.472851731601732,40,-0.415037499278844,-5.73592361271492,0.000706584136001906,0.00344524235656404
"Jmjd1c",0.457077625570776,73,-0.271804615461526,3.01436204394105,1,1
"Kansl1",0.472395833333333,64,-0.284729476933113,32.1542625123536,1,1
"Kcnk13",0.640522875816994,34,0.704544116473829,2.51161396139476,1,1
"Kcnt2",0.486096256684492,17,0.120294233717712,-15.261013372527,3.30097282376416e-08,6.30014241792703e-07
"Kdm4c",0.506410256410256,26,0,-0.0498883093461799,0.752097865167258,1
"Kdm7a",0.584860736747529,53,0.139403056665417,0.820886268437746,1,1
"Kif13a",0.4453125,32,-0.111031312388744,-2.36079367672194,0.0297862345151544,0.105836194979378
"Kif1b",0.345,40,-0.509013647487858,8.17387181120047,1,1
"Klf13",0.475694444444444,24,-0.061400544664143,3.0680687850336,1,1
"Klf7",0.591111111111111,30,0.584962500721156,-6.40625377974136,0.000344309788488737,0.00188040010238424
"Kmt2c",0.550347222222222,48,0.222392421336448,20.0394813808081,1,1
"Kmt2e",0.534285714285714,35,0.502500340529183,9.65740324647309,1,1
"Kpna4",0.40990990990991,37,-0.199308808223407,0.173023049865215,1,1
"Kras",0.479047619047619,35,-0.15200309344505,-5.29884128429536,0.00113229493496507,0.00544153249321344
"Lamc1",0.597546897546898,33,0.754887502163468,-2.44381452579903,0.0270498087466796,0.0971466249611933
"Larp4b",0.39957264957265,39,-0.485426827170242,19.296787905888,1,1
"Lcp1",0.421895424836601,51,-0.3536369546147,2.27698179693015,1,1
"Ldlrad4",0.601567944250871,41,0.234465253637023,-0.0909588203448521,0.669730403675513,1
"Lgmn",0.373873873873874,37,-0.747233929620033,-12.5235308077096,5.59479491617943e-07,6.67379107858546e-06
"Lifr",0.44952380952381,25,-0.476438043942987,-4.5403330775524,0.00258325932685129,0.0114279286777262
"Lilrb4a",0.595238095238095,35,0.777607578663552,0.00329956575249923,1,1
"Lilrb4b",0.659090909090909,44,0.80145432061792,1.33683562817738,1,1
"Lima1",0.594444444444444,30,0.584962500721156,0.296518055721002,1,1
"Lims1",0.478682170542636,43,-0.18286405714981,17.978245806082,1,1
"Litaf",0.413414634146341,41,-0.633872101202103,4.74208384243055,1,1
"Lmbrd1",0.58641975308642,27,0,-0.518485563025159,0.308526955628809,0.865949606554809
"Lncpint",0.505555555555556,63,-0.0196288067489326,4.71030116369847,1,1
"Lnpep",0.385714285714286,35,-0.906890595608518,0.722250212417052,1,1
"Lpp",0.448550724637681,46,-0.0614005446641431,10.2406060384061,1,1
"Lrch1",0.485,40,-0.109624491174498,7.86333307239917,1,1
"Lrch3",0.490196078431373,34,0.0565835283663674,0.483395915934437,1,1
"Lrp6",0.616666666666667,35,0.669851398307669,-12.4001373595006,6.35884060109618e-07,7.32363020953836e-06
"Lrrc8d",0.348985890652557,54,-0.602664502454615,2.5915272886022,1,1
"Lrrfip1",0.485670194003527,54,-0.0581029545635683,8.08205972606744,1,1
"Luc7l2",0.59113475177305,47,0.142957953842043,3.63861806320539,1,1
"Luzp1",0.541904761904762,35,0.646363045385299,-6.60673275548747,0.000277944966196389,0.00157345116456939
"Lyn",0.52262987012987,73,0.220125814364503,1.47489463424527,1,1
"Lyve1",0.517045454545455,44,0,23.4913512864358,1,1
"Lyz2",0.755449735449735,45,1.42223300068305,0,1,1
"Macf1",0.490740740740741,36,-0.16349873228288,13.0737550541393,1,1
"Maf",0.604166666666667,32,0.506959988719883,-11.3374568073433,1.91856381319126e-06,1.84298919698021e-05
"Magi1",0.480552780552781,44,-0.204819791888498,-0.220417819352036,0.50671940369107,1
"Malat1",0.51758572155244,82,0.106488434192681,-0.504931823519428,0.314935507173935,0.872933272996633
"Man1a",0.583871401668012,59,0.54432051622381,0.434752381410121,1,1
"Man1c1",0.551515151515152,33,0.184424571137427,-4.70410558142813,0.00216015869110262,0.00988346579216815
"Man2a1",0.522233893557423,68,-0.210419779670372,0.842959605115681,1,1
"Map4k3",0.404320987654321,27,-0.321928094887362,-12.9818846956162,3.47885241651417e-07,4.69530145848095e-06
"Map4k4",0.6125,32,1.04182017569463,5.46974039178458,1,1
"Mark2",0.5,27,-0.33703498727757,0.674835213429105,1,1
"Mast4",0.692,25,0.929610672108602,-10.381630855337,5.19704296545396e-06,4.13288654871815e-05
"Mbnl1",0.225490196078431,34,-1.77258950389693,-4.93830930206706,0.00167392277674118,0.00781944346058117
"Mbnl2",0.40104085349987,61,-0.750021746991653,1.37345553003458,1,1
"Mcc",0.438405797101449,23,-0.37851162325373,-0.16314186815211,0.567855596371245,1
"Mctp1",0.584465629016093,75,0.552850315567403,0.440342745106705,1,1
"Mcu",0.490425531914894,47,0.0588936890535686,3.93342141980485,1,1
"Mdfic",0.661764705882353,34,1.07800251200127,4.07185199214395,1,1
"Med13l",0.446078431372549,34,-0.283792966000591,4.89045096685773,1,1
"Mef2a",0.487159863945578,56,0.0238467419543678,10.2222439756934,1,1
"Mef2c",0.518018018018018,37,-0.0406419844973458,-25.56304184828,8.66196195444728e-13,2.89309529278539e-10
"Mertk",0.618918918918919,37,0.369233809665719,-18.3633881997395,1.35899938299013e-09,4.53905793918704e-08
"Mfhas1",0.39875,40,-0.222392421336448,13.8664962336097,1,1
"Mfsd6",0.321428571428571,28,-1.20645087746743,1.30980318819083,1,1
"Mgp",0.597794117647059,17,-0.169925001442313,-0.428665158934741,0.35448686309201,0.978500927873812
"Mia2",0.478494623655914,31,-0.263034405833793,0.358065329902743,1,1
"Mideas",0.372395833333333,32,-0.658963082164933,-9.13834626335743,1.91030209679014e-05,0.000131554824809878
"Mir142hg",0.561904761904762,35,0.432959407276106,0.590899497139674,1,1
"Mir99ahg",0.425335730577666,62,-0.504792152037173,1.94838905216294,1,1
"Mitf",0.612345679012346,54,0.725140158769417,1.67167591925052,1,1
"Mkln1",0.576576576576577,37,0.646363045385299,6.85765771795086,1,1
"Mllt10",0.614130434782609,46,0.505235308250422,4.26787770330816,1,1
"Mob3b",0.369047619047619,21,-0.823122237915921,-8.32962282261941,4.47317464200023e-05,0.000287315448159245
"Mon2",0.436170212765957,47,-0.614709844115208,-7.00142517004916,0.000182533715850519,0.00107904886892165
"Mpp7",0.9,25,4.64385618977473,5.76459510492037,1,1
"Mrc1",0.506663826347769,72,0.0676387168753632,-0.0378661837987408,0.783166317080447,1
"Mrtfa",0.616666666666667,35,0.362570079384708,-3.77137857235675,0.00602517739230447,0.0253133238871659
"Ms4a4a",0.482222222222222,45,0.101283335837181,1.23132535720057,1,1
"Ms4a6b",0.39280303030303,44,-0.736965594166206,3.19757828714324,1,1
"Ms4a6c",0.411702127659574,47,-0.703606997219775,4.45686184868122,1,1
"Ms4a6d",0.295331695331695,37,-0.658963082164933,-0.731166805518249,0.226559183549814,0.658006672222937
"Msi2",0.5,25,-0.211504105193712,-5.75944120428543,0.00068892795595505,0.00338385201895569
"Msr1",0.421296296296296,36,-0.321928094887362,-1.57138383236635,0.0762642927414503,0.248509988055067
"Mtmr3",0.544573643410853,43,0.270089163367744,12.0466511312132,1,1
"Mtss1",0.373520923520923,66,-0.852442811586142,1.77616005165078,1,1
"Mycbp2",0.517037037037037,45,0.249978253008348,9.91973464847617,1,1
"Myh9",0.542929292929293,33,-0.0588936890535687,-1.9896355467541,0.0460634925996356,0.156194990134805
"Myo1e",0.290322580645161,31,-1.34103691783507,-4.50119215391551,0.00269627609809625,0.0117719766897274
"Myo5a",0.584430512016719,58,0.232173442129033,11.3241940376909,1,1
"Nav1",0.386300366300366,65,-0.355480654598389,7.73546125101076,1,1
"Nbeal1",0.579545454545455,44,0.129283016944966,16.6348493215085,1,1
"Ncoa2",0.617063492063492,42,0.665580960929441,4.31127920745454,1,1
"Ncoa3",0.411764705882353,34,-0.430634354329862,5.05801820805092,1,1
"Ncor1",0.563829787234043,47,0.192645077942396,1.96378435155346,1,1
"Ndfip1",0.503875968992248,43,-0.0721497857558355,7.54160658696669,1,1
"Neat1",0.662358276643991,63,1.13551497065648,-0.096894964306685,0.659780835387472,1
"Nedd9",0.442708333333333,32,-0.231325546106456,0.0571619208018461,1,1
"Nek7",0.494444444444444,30,0.0565835283663674,0.171002299003135,1,1
"Nf1",0.609042553191489,47,0.44980291743952,10.8576149824373,1,1
"Nfat5",0.597222222222222,36,0.722466024471091,11.3275941322942,1,1
"Nfatc2",0.680555555555556,30,1.04439411935845,-0.0380630054719191,0.782617634503715,1
"Nfe2l2",0.5,34,0.310340120612151,-0.132512748842181,0.606688402106984,1
"Nfia",0.485679012345679,45,-0.127755547198373,16.1018073069748,1,1
"Nfib",0.450460829493088,31,0,-2.68139768162573,0.0205707749751606,0.0771981892326252
"Nfkb1",0.426356589147287,43,-0.310340120612151,-6.26468631484529,0.000400604295297519,0.00210711550597435
"Nfkbiz",0.625,20,0.652076696579693,1.50600833150267,1,1
"Nipbl",0.412234042553192,47,-0.342887713523009,6.1564878517529,1,1
"Nktr",0.523809523809524,42,0.142019004872428,-21.1181133349563,8.08876823430019e-11,6.00366353390281e-09
"Nr3c1",0.584126984126984,42,0.321928094887362,13.9394322316174,1,1
"Nr6a1",0.615079365079365,21,0.160464672193246,-3.70460220018686,0.00648910134914098,0.0269237248523365
"Nrip1",0.537037037037037,27,0.184424571137427,-0.901459373676133,0.179360032703221,0.53250000820334
"Nrp1",0.655799755799756,39,0.68449817427207,0.956995154587212,1,1
"Nrp2",0.5390625,32,0.430634354329862,0.0331559029812993,1,1
"Nsd1",0.604166666666667,40,0.704544116473829,5.03232098970224,1,1
"Nsf",0.364285714285714,35,-0.798366138830349,2.96763994672663,1,1
"Nsmce2",0.46078431372549,34,-0.176877762084079,0.151069749549023,1,1
"Nt5dc1",0.384615384615385,26,-0.53051471669878,-0.0775944006627967,0.693625264731328,1
"Nuak2",0.490196078431373,17,-0.299560281858908,0.927142550987799,1,1
"Nup98",0.612612612612613,37,0.724365557386573,6.80558668854911,1,1
"Oga",0.571428571428572,28,0.289506617194985,8.20562175298622,1,1
"Ogdh",0.478666666666667,25,0.0703893278913978,2.10769218672598,1,1
"Osbpl9",0.577430555555556,48,0.909802191028422,6.7598804255024,1,1
"Ostf1",0.393939393939394,33,-0.637429920615292,0.854829011606874,1,1
"Oxr1",0.507936507936508,42,-0.0473057147783569,0.660354129751767,1,1
"P2rx7",0.767361111111111,24,1.87446911791614,-2.37865128859119,0.0291742347194289,0.104215982848013
"Pafah1b1",0.448611111111111,48,-0.438884241233211,19.2918958481958,1,1
"Pak2",0.465686274509804,34,-0.125530882083859,10.6284144711058,1,1
"Pakap",0.40952380952381,19,0.214124805352847,-23.5852366323574,6.50733765140259e-12,8.98806756959271e-10
"Pan3",0.539506172839506,54,0.315501825727929,8.43764029923173,1,1
"Parp8",0.608333333333333,30,0.713695814843359,-7.01818162328826,0.000179309373165689,0.00106945233280965
"Pbx1",0.460884353741497,28,-0.334419039070559,-2.5725035804946,0.0233133142487534,0.0855675490009191
"Pbx3",0.44390243902439,41,-0.362570079384708,5.71302207255228,1,1
"Pcdh7",0.487719298245614,19,-0.514573172829758,-14.9800427027421,4.4103196243043e-08,8.18359308065354e-07
"Pde3b",0.486632910740054,56,-0.327804661224032,0.238585695922424,1,1
"Pde4b",0.373690476190476,40,-0.395928676331139,1.99926478594976,1,1
"Pde7b",0.364440476190476,50,-0.930737337562886,-1.42901492062347,0.0909187935525064,0.286479972137143
"Pde8a",0.471631205673759,47,-0.109624491174498,0.0150246840906405,1,1
"Pdgfc",0.513888888888889,18,0,-0.127839002326507,0.613105094621685,1
"Pdgfd",0.452083333333333,20,-0.428843298803874,-15.9085460891877,1.6939547772551e-08,3.90193721105658e-07
"Pdlim5",0.556611752445086,54,0.35267161831847,1.14290533976092,1,1
"Pds5a",0.528571428571429,35,0.061400544664143,-6.16595974331597,0.000445278304812638,0.00230578222957242
"Peli1",0.595238095238095,28,0.68805599368526,-10.5695883787136,4.27106611668136e-06,3.63644157539269e-05
"Pfkfb3",0.35,45,-1,0.419839609234472,1,1
"Phf20",0.615196078431373,34,0.830074998557688,-14.8465819762804,5.06129894898097e-08,9.13769648086295e-07
"Phf20l1",0.473958333333333,32,-0.192645077942396,-1.53322073518295,0.0799242477672629,0.257919794727206
"Phf21a",0.593137254901961,34,0.520832163301441,0.347580603661335,1,1
"Phlpp1",0.485507246376812,23,0.0780025120012731,-0.093853835291263,0.664831390868765,1
"Pias1",0.498148148148148,45,0,9.66721666090405,1,1
"Picalm",0.588497899159664,68,0.4623432140572,4.90260718819954,1,1
"Pid1",0.574026382299776,80,0.384429513348447,-1.45558824479443,0.0879676826181774,0.27849484354949
"Pik3ap1",0.485714285714286,28,0,-6.76002769142468,0.000236027450908036,0.00134757553168007
"Pik3c2a",0.543670150987224,41,0.514573172829758,-12.3197800391609,6.91181752605386e-07,7.66494617755885e-06
"Pip4k2a",0.524618736383442,51,0.176877762084079,0.518825704595343,1,1
"Pitpna",0.419281045751634,51,-0.465663572348812,7.85916871752865,1,1
"Pitpnc1",0.54014391878842,69,0.332843872366546,0.108583547281327,1,1
"Pkp4",0.44047619047619,23,-0.308122295362332,-2.57580091733151,0.0232249388388115,0.0855675490009191
"Plcb1",0.400132275132275,18,-0.289506617194985,-0.975262902742557,0.162530201446512,0.485501448761796
"Plcl2",0.488768115942029,46,-0.130060540564373,0.79749588635201,1,1
"Plek",0.55,44,-0.167109985835259,7.80159261867836,1,1
"Plekhg5",0.623456790123457,27,0.678071905112637,1.68288470732064,1,1
"Plekhm2",0.398148148148148,36,-0.459431618637298,3.81788513933158,1,1
"Plekhm3",0.506802721088435,35,0.222392421336448,-11.8395574756922,1.13810957294304e-06,1.1879018667593e-05
"Plin2",0.283333333333333,30,-1.4594316186373,2.48678224362997,1,1
"Plxdc2",0.333333333333333,19,-1.8073549220576,-1.53696230862388,0.0795571929543642,0.257919794727206
"Plxna4",0.437289562289562,36,-0.0824621601919728,-13.9026566343228,1.34157169278791e-07,2.03674975177801e-06
"Pnisr",0.530555555555556,30,0.321928094887362,-1.60619383689023,0.0730827623698579,0.23931022187777
"Por",0.623809523809524,28,0.494764691749578,-13.6765282636709,1.69496319078885e-07,2.51607869210434e-06
"Ppm1h",0.399346405228758,51,-0.453717967442904,3.93100266669672,1,1
"Ppp1r12a",0.437061994609164,53,-0.263034405833794,10.0271555925383,1,1
"Ppp1r13b",0.576923076923077,26,0.616671360448494,0.093465962913978,1,1
"Ppp2ca",0.555555555555556,27,0.436099114806674,0.182536702702428,1,1
"Ppp2r5c",0.626436781609195,29,0.584962500721156,-8.92829274929461,2.38193523157637e-05,0.000159113273469301
"Ppp4r1",0.539473684210526,38,0.206450877467426,-11.2324597218403,2.14016676986581e-06,1.98559916981994e-05
"Prex2",0.529503105590062,23,0.0443941193584534,-14.511152480919,7.15497085882342e-08,1.22551808556258e-06
"Prkcb",0.472463768115942,46,-0.299560281858908,9.03666473573962,1,1
"Prkce",0.544799054373522,47,-0.0601209924375709,3.90253031878373,1,1
"Prkch",0.562108843537415,35,0.540568381362703,0.590907641289242,1,1
"Prkg1",0.177380952380952,20,-2.18762700317577,2.51197576843927,1,1
"Prpf39",0.41358024691358,27,-0.222392421336448,-16.4400304477296,9.80235118795821e-09,2.5184502282908e-07
"Prrc2c",0.425438596491228,38,-0.334419039070559,1.25008858401185,1,1
"Psme4",0.53030303030303,33,0,0.0899969040550914,1,1
"Pstpip2",0.516666666666667,30,-0.125530882083859,1.56828190391092,1,1
"Ptbp3",0.407936507936508,54,-0.68684211474037,8.75275705042678,1,1
"Pten",0.456666666666667,25,-0.0671141958585371,-14.6987348191488,5.89545689361556e-08,1.03635926445663e-06
"Ptp4a2",0.517241379310345,29,-0.0703893278913978,0.488024267918718,1,1
"Ptpn12",0.6,50,0.712718047919529,16.6886346310385,1,1
"Ptpra",0.348484848484848,33,-0.881355503501381,-0.307152832876866,0.433171241398868,1
"Ptprb",0.525892857142857,20,-0.231325546106456,-10.8882601321077,3.06326059803312e-06,2.7652136209272e-05
"Ptprc",0.44113475177305,47,-0.32930762525296,9.28269745460322,1,1
"Ptprg",0.411777877295119,29,-0.37851162325373,-0.821494322848075,0.199915906770202,0.585718533870592
"Ptprk",0.501587301587302,21,0,-9.45938307462814,1.36404239953478e-05,0.000100129705812003
"Ptprm",0.429563492063492,42,0.0227200765000836,-0.211935033413695,0.515012245907459,1
"Pum1",0.535714285714286,28,0.15200309344505,-1.4803048215291,0.0853157674980837,0.271385393755809
"Pvt1",0.402380952380952,35,-0.428843298803874,3.19423708466005,1,1
"Pxk",0.450577200577201,33,-0.925999418556223,-0.979596408577436,0.161599671526493,0.485501448761796
"Pxn",0.475816993464052,51,-0.186413124230881,-0.873290170878121,0.18630720920646,0.550677945796085
"Qki",0.448961038961039,55,-0.359081093304828,10.3562025103469,1,1
"Rab2a",0.456896551724138,29,0.061400544664143,-2.07992117817943,0.0413932563842399,0.141798437254729
"Rab31",0.530434782608696,46,0.230297619421794,2.66443723358397,1,1
"Rab3gap2",0.753333333333333,25,1.22239242133645,0.0301657252600904,1,1
"Rab43",0.57,25,0.395928676331139,-6.18279737762929,0.000437318232113412,0.00228225452384187
"Rab8b",0.476190476190476,42,-0.0824621601919728,6.00320790530038,1,1
"Ralgapa1",0.483397683397683,37,-0.175086706558091,2.62963073871754,1,1
"Rap1gds1",0.56,55,0.532873989572702,4.42194216250812,1,1
"Rapgef2",0.502083333333333,40,-0.0874628412503393,2.04397436396612,1,1
"Rapgef5",0.453030303030303,22,-0.283792966000591,-10.5629894479243,4.30058210263507e-06,3.63644157539269e-05
"Rasal2",0.449825396825397,50,-0.362570079384708,0.466541758857076,1,1
"Rb1",0.382478632478632,39,-0.280107919192735,-9.35639606459498,1.51959626799873e-05,0.000109149495378834
"Rbbp8",0.675,20,0.547487795302493,-1.12573590118258,0.133487387182713,0.409034746046113
"Rbm25",0.51474358974359,52,0.0285691521967709,16.3266052872559,1,1
"Rbm39",0.529938271604938,54,-0.123382415505282,9.96394332933552,1,1
"Rbm47",0.42625,60,-0.130396637255675,3.83985776416061,1,1
"Rbm6",0.420731707317073,41,-0.280107919192735,11.9853855059079,1,1
"Rbms1",0.577821474300348,71,0.46948528330122,1.55671227452943,1,1
"Rbpj",0.523927590927591,75,0.152703260913725,-0.0566707162822553,0.736371566426765,1
"Rbpms",0.600694444444444,24,-0.20163386116965,-7.42977705076504,0.000115819912639017,0.000716367607804289
"Rcsd1",0.545634920634921,42,-0.192645077942396,8.7432018953678,1,1
"Rdx",0.46031746031746,21,-0.321928094887363,0.0235515927820629,1,1
"Rere",0.4375,36,-0.271302021817394,-2.58152943683897,0.0230722276646848,0.0855675490009191
"Rgl1",0.460919540229885,29,-0.383328639551505,5.3483700588478,1,1
"Rhoa",0.473118279569892,31,0.321928094887362,-14.4176475243908,7.8801913801092e-08,1.31599196047824e-06
"Rhoj",0.46551724137931,29,0.369233809665719,-10.7229721235192,3.63945011782098e-06,3.19888510355844e-05
"Rnf150",0.610459183673469,42,0.815575428862573,-0.33154922329377,0.415468201619913,1
"Rnf169",0.571274961597542,62,0.441509710640035,1.02694270535154,1,1
"Rock1",0.50530303030303,44,0.160464672193246,10.4200973262279,1,1
"Rock2",0.494345238095238,56,0.164386817900882,9.08136791768457,1,1
"Rora",0.43454733672125,23,-0.0374747054186626,-4.8637769077501,0.00181525918971057,0.00836271130156316
"Rtn3",0.573232323232323,33,0.400537929583729,-9.41720980152442,1.42570919326054e-05,0.000103518884901961
"Rtn4",0.478444825614637,53,-0.0931094043914814,0.300141961063744,1,1
"Rufy3",0.692857142857143,28,1.08746284125034,-4.36562742501122,0.00312801145799001,0.0135682574930995
"Runx1",0.501680546016483,64,-0.223832955695663,0.492033594652341,1,1
"Samd4",0.620833333333333,20,0.556393348524385,-9.45966461118885,1.36363986214915e-05,0.000100129705812003
"Sash1",0.306860371267151,59,-1.15869774601906,-0.0924429161950542,0.667207625073163,1
"Sbf2",0.531216931216931,45,0.144389909335175,20.8411639578688,1,1
"Selenop",0.491975308641975,27,-0.476438043942987,-15.3261160851951,3.08671288870494e-08,6.06448296957323e-07
"Senp6",0.564516129032258,31,0.485426827170242,0.490650495062148,1,1
"Septin11",0.334362934362934,37,-0.665580960929441,3.10987027679172,1,1
"Septin7",0.426829268292683,41,-0.400537929583729,0.572345818895137,1,1
"Serinc3",0.56820987654321,54,0.231325546106456,1.56201996145215,1,1
"Setd5",0.55,38,0.215728691055437,2.32776748240413,1,1
"Sf3b1",0.471264367816092,29,-0.395928676331139,1.2278913493077,1,1
"Sfmbt1",0.376068376068376,39,-0.454565863465481,-15.3824213245778,2.91267395348471e-08,5.90641018660887e-07
"Sh3pxd2a",0.556299840510367,38,0.358453970912477,-3.50570171338142,0.00809921667647707,0.0329894923163822
"Sh3pxd2b",0.3,41,-0.925999418556223,1.46990073083593,1,1
"Shoc2",0.442708333333333,32,-0.584962500721156,0.53462190708089,1,1
"Sik2",0.618686868686869,33,0.334419039070559,9.49962358539526,1,1
"Sik3",0.436607142857143,56,-0.258734268400168,14.8621462243863,1,1
"Sipa1l1",0.571705426356589,43,0.166009951438929,4.15319644015845,1,1
"Skap2",0.512091503267974,51,-0.0840642647884745,20.5280186838008,1,1
"Slc23a2",0.580128205128205,26,0.211504105193712,-17.4749018873379,3.38315492503137e-09,9.82585865183023e-08
"Slc39a12",0.696666666666667,15,0.938599455335857,-2.13002578330336,0.0390187369702849,0.13435317678428
"Slc41a2",0.55,24,0.371968777386958,-1.27875492547903,0.109771363829717,0.339478106658569
"Slc43a2",0.555555555555556,24,-0.289506617194985,-8.17092293021634,5.28832073308712e-05,0.000336437928543066
"Slc7a8",0.325903119868637,29,-0.862496476250065,-6.36753254723962,0.000358863334749098,0.00191776566089918
"Slc8a1",0.551482514169081,67,0.305413008104346,0.471242864425591,1,1
"Slk",0.579411764705882,34,0.222392421336448,3.63836932469416,1,1
"Slmap",0.6171875,32,0.954196310386875,-3.88018048717404,0.00534052859754322,0.0227227586188463
"Smg1",0.433333333333333,41,-0.31315788525963,7.93872164240165,1,1
"Smg6",0.368686868686869,33,-0.796466605914868,-11.3028327839167,1.98897212365913e-06,1.87131461775253e-05
"Smurf2",0.45,34,0,-0.243669972507028,0.485116299592984,1
"Smyd3",0.360283687943262,47,-1.06817150264158,20.2829976096025,1,1
"Snd1",0.403100775193798,43,-0.669851398307669,-8.37843939381685,4.24879501239778e-05,0.000275552919250652
"Snx2",0.628571428571429,35,0.547487795302493,-20.9727220442975,9.38558069482191e-11,6.26956790414104e-09
"Snx24",0.479717813051146,54,-0.0916304754655683,6.23528767975053,1,1
"Snx29",0.528104575163399,51,0.42449782852791,21.0127657757516,1,1
"Snx8",0.491935483870968,31,0.176877762084079,5.37970431212135,1,1
"Snx9",0.445238095238095,35,-0.678071905112638,-11.4348105041405,1.73370425953633e-06,1.70310947848569e-05
"Son",0.594961240310077,43,0.657112286476992,8.45208126816368,1,1
"Sos2",0.5625,24,0.39231742277876,1.58854971070789,1,1
"Spag9",0.530548593706488,57,0.340228911630306,1.33323856849431,1,1
"Specc1l",0.50952380952381,35,-0.245112497836532,4.78209547137333,1,1
"Spire1",0.465686274509804,34,-0.343954401217361,3.36875854572089,1,1
"Spop",0.442307692307692,52,-0.144389909335175,0.255518894343496,1,1
"Spred1",0.354710144927536,46,-0.560714954474479,5.16708985213649,1,1
"Spred2",0.386904761904762,28,-0.37851162325373,-4.64320258606548,0.00230860760957853,0.0104199316432328
"Sptan1",0.368,25,-0.893084796083488,-2.68608190820499,0.020460580465375,0.0771981892326252
"Sptbn1",0.507028218694885,45,0.104969559601542,-0.602213854273955,0.272438514559683,0.774420969046247
"Sptlc2",0.371212121212121,33,-0.678071905112638,1.71757743331263,1,1
"Srgap2",0.416166666666667,50,-0.415037499278844,-2.06584032884519,0.042087532184338,0.14344118111805
"Srgn",0.467222222222222,30,0.0544477840223765,-0.50972314892779,0.312650384855966,0.870210237849104
"Ssh2",0.479116562449896,63,0,2.95542828691848,1,1
"St3gal1",0.495098039215686,34,0.398549376490275,0.230948192993942,1,1
"St6gal1",0.534259259259259,36,0,-10.4910187457602,4.63609705696983e-06,3.82334917784673e-05
"Stab1",0.498853615520282,63,0.0140751852117228,2.1710730545521,1,1
"Stag1",0.625581395348837,43,0.662965012722429,-1.87920486374776,0.0525425282190915,0.1772646911634
"Stat3",0.464184397163121,47,-0.389946518316014,20.5624828887803,1,1
"Stim2",0.474137931034483,29,0.061400544664143,6.15170670836281,1,1
"Stk10",0.261494252873563,29,-1.29956028185891,2.82902018246968,1,1
"Stk17b",0.504597701149425,58,0.162729500038109,2.74848844307658,1,1
"Stox2",0.403395061728395,27,-0.570315724756755,-5.76345306825527,0.00068596079489208,0.00338385201895569
"Strn3",0.676016260162602,41,0.798366138830349,7.55325458802984,1,1
"Stxbp3",0.554878048780488,41,0.898120385980786,-11.5415361415884,1.55150640621912e-06,1.57031254447632e-05
"Stxbp6",0.419975907029478,56,-0.293196376344046,6.41612411476922,1,1
"Susd6",0.433333333333333,34,-0.84799690655495,-18.4100446523265,1.29548430648733e-09,4.53905793918704e-08
"Syk",0.502121212121212,55,-0.0506260730699679,3.75167727783296,1,1
"Syne1",0.492635658914729,43,0.115477217419936,7.79580356309798,1,1
"Synj1",0.55650406504065,41,0.450661409009565,6.82616483687075,1,1
"Tacc1",0.535416666666667,36,0.713695814843359,0.525344175105893,1,1
"Tanc2",0.324664224664225,65,-1.08194161353618,0.0141896116781481,1,1
"Tank",0.63235294117647,34,0.561878887608115,-12.1234931562883,8.47395701207076e-07,9.13000529687624e-06
"Taok1",0.482758620689655,29,-0.222392421336448,6.02828232190561,1,1
"Tbc1d4",0.406862745098039,34,-0.514573172829758,-12.7419691021903,4.46081139661026e-07,5.62230568478425e-06
"Tbc1d5",0.514458874458875,55,-0.0558532347335173,-1.79450263850548,0.0581630483714523,0.193298091105125
"Tbc1d9",0.416666666666667,18,-0.710493382805015,-4.92957492363511,0.00168989178378521,0.00783922021922582
"Tbxas1",0.441358024691358,27,-0.125530882083859,-6.48779761144989,0.000315577518090752,0.0017421965461539
"Tcf12",0.526031451541656,49,-0.0246620542342691,3.56101416618655,1,1
"Tcf4",0.453598795840175,58,-0.274859841230583,0.434318076140514,1,1
"Tcf7l2",0.539837398373984,41,0.499571009490512,6.73102760773845,1,1
"Tet3",0.59922480620155,43,0.514573172829758,6.05533635410849,1,1
"Tgfbi",0.518518518518518,27,-0.53051471669878,-17.0442365558893,5.26623036461761e-09,1.46576745148523e-07
"Tm6sf1",0.456574074074074,60,-0.303780748177103,4.88586122105197,1,1
"Tmcc1",0.475631313131313,44,-0.250543461650597,16.7521729936655,1,1
"Tmcc3",0.532738095238095,28,0.632268215499513,-0.0989058227686215,0.656493051265666,1
"Tmod3",0.559803921568627,34,0,0.194419332500495,1,1
"Tnfaip8",0.784883720930233,43,2.38702312310925,15.5135483366145,1,1
"Tnfrsf11a",0.356770833333333,32,-0.965234581839323,-14.1602360578341,1.02803002422116e-07,1.63505727661842e-06
"Tnpo1",0.526666666666667,30,0.678071905112638,-24.3910637508921,2.86034480797614e-12,6.36903443909355e-10
"Tns3",0.410964912280702,38,-0.66296501272243,-13.016796139686,3.35528207241535e-07,4.6694342174447e-06
"Top1",0.433991073525957,43,-0.683526335204746,4.86441726788142,1,1
"Tpd52",0.555555555555556,24,0.796466605914868,-9.17145163323534,1.84504964855985e-05,0.000128384704712289
"Tpm3",0.632558139534884,43,0.426264754702098,3.31446863738393,1,1
"Tra2a",0.535,30,0.241008099503795,-1.75039155348789,0.0613398174859063,0.20184728118515
"Trerf1",0.482183908045977,29,-0.169925001442313,-6.96714127992893,0.000189313926918252,0.00110931318580168
"Trip12",0.482142857142857,42,0.187627003175771,7.23258140211909,1,1
"Tsc22d2",0.608024691358025,27,0.643856189774725,0.242925621572766,1,1
"Tshz2",0.42247619047619,25,-0.624490864907794,-12.8987050691291,3.79196946159986e-07,4.96673647127197e-06
"Ttc28",0.631313131313131,33,1,-6.79343731154392,0.000227772539675929,0.00131672841135896
"Ttc3",0.53125,24,0.289506617194985,2.81167725552032,1,1
"Ttc39b",0.344444444444444,42,-0.975752453753323,9.3414821836815,1,1
"Ttc7b",0.4375,24,-0.0780025120012731,0.21799314944024,1,1
"Tut7",0.482916666666667,40,0.180572245641821,-6.03768395916696,0.000510923798938217,0.00256614359165962
"Ubash3b",0.595348837209302,43,0.796466605914868,9.74007261308739,1,1
"Ube2d3",0.420634920634921,42,-0.229481846122767,5.57928377633134,1,1
"Ube2e2",0.343589743589744,26,-0.857980995127572,-0.0421044951015688,0.771672528268429,1
"Ube2k",0.450520833333333,32,-0.362570079384708,4.37597693486882,1,1
"Ubl3",0.535714285714286,28,-0.0671141958585371,-0.0111287425938471,0.881404162501765,1
"Ubr1",0.548387096774194,31,0.131244533278253,-13.1751429867443,2.84776742058528e-07,4.04746518500205e-06
"Ubr3",0.549621212121212,44,0.203533394085132,12.8456605809567,1,1
"Ubtd1",0.371212121212121,22,-0.938599455335857,-7.05658889403175,0.00017213364212428,0.00103590335981098
"Ugt1a7c",0.634803921568628,34,0.459431618637298,-0.00203020951972377,0.949192050757597,1
"Ulk2",0.447222222222222,30,-0.383328639551505,6.22010926353254,1,1
"Umad1",0.591954022988506,29,0.452512204697507,-0.0859786715369708,0.678378081520344,1
"Unc13b",0.648148148148148,18,0.584962500721156,-6.5088613121726,0.000308556830370649,0.00171763302239661
"Usp15",0.430882352941176,34,-0.362570079384708,-2.50179724335807,0.0252947342045653,0.0918308828730958
"Usp24",0.52026862026862,39,0.165059246270496,0.296005451320092,1,1
"Usp25",0.370238095238095,28,-0.637429920615292,8.2306744057963,1,1
"Usp34",0.566666666666667,45,0.222392421336448,0.0841388332686748,1,1
"Utrn",0.593137254901961,34,0.584962500721156,-19.4999861607438,4.23811551317221e-10,2.02218654485645e-08
"Uvrag",0.420137207425343,59,-0.548893246013634,4.87743546327202,1,1
"Vav3",0.287086032813881,79,-1.20163386116965,0.393164831285048,1,1
"Vcam1",0.43479752011608,19,0.440572591385981,-6.26642301639547,0.000399860292204808,0.00210711550597435
"Vim",0.480903790087464,49,-0.218180170049533,7.81105686329877,1,1
"Vmp1",0.522435897435897,26,-0.415037499278843,-3.53246018046583,0.00786078077273246,0.0322147334735293
"Vps13b",0.499425287356322,58,0.176877762084079,18.01224364389,1,1
"Vti1a",0.562893081761006,53,0.200298650485831,5.29921406634701,1,1
"Wac",0.510087719298246,38,-0.427421223734676,-11.7309224792586,1.27415806067711e-06,1.30944243774202e-05
"Wasf2",0.536126373626373,52,0.180572245641821,12.0929884397234,1,1
"Wdfy2",0.415277777777778,48,-0.490986352512142,22.8330341758048,1,1
"Wdfy3",0.570841487279843,73,0.362570079384708,6.34814926591163,1,1
"Wdr26",0.64247311827957,31,0.784271308944563,-3.49850045672535,0.00816463917137693,0.0330544179786654
"Wdr33",0.611979166666667,32,0.866733469136536,-1.5023668176369,0.0830216222566833,0.266627133016656
"Wipf1",0.300750360750361,55,-1.06711419585854,1.96846519952338,1,1
"Wnk1",0.519928968738492,63,0.289506617194985,-0.0492155641267686,0.753720526583468,1
"Wwox",0.408333333333333,30,-0.499571009490512,-16.614551157524,8.19153548474516e-09,2.18877828152391e-07
"Wwp1",0.515151515151515,33,-0.0443941193584534,-19.5932109776517,3.85209826040389e-10,1.979385875346e-08
"Ythdf3",0.629901960784314,34,0.447458976971221,3.39015111645361,1,1
"Ywhae",0.493333333333333,25,0,6.26240258108315,1,1
"Zbtb16",0.531666666666667,40,-0.101879614019214,3.54723271243855,1,1
"Zbtb7c",0.499074074074074,36,-0.118644496498619,-0.862042871938762,0.189167968431987,0.556670497412191
"Zcchc7",0.538768115942029,46,-0.09515723304034,9.42530722212332,1,1
"Zdhhc14",0.427775533290239,68,-0.106199403831925,0.705475743776503,1,1
"Zeb1",0.64373897707231,27,0.938599455335857,-0.584867547614785,0.27945567798621,0.791001664808424
"Zeb2",0.520399515738499,59,-0.321928094887362,10.2198605686532,1,1
"Zfand3",0.476639712488769,53,-0.0227200765000836,3.86634385485919,1,1
"Zfand6",0.533783783783784,37,0.180572245641821,1.59365972366787,1,1
"Zfc3h1",0.517307692307692,52,0.103093492964103,6.46431798258922,1,1
"Zfhx3",0.502586206896552,58,0,8.33676127311111,1,1
"Zfp148",0.452380952380952,35,-0.347923303420307,8.44877516165101,1,1
"Zfp407",0.500757575757576,44,0.15200309344505,-19.1266721072646,6.21305073906809e-10,2.59394868356093e-08
"Zfp704",0.545714285714286,25,-0.0671141958585371,7.86463006242774,1,1
"Zfr",0.449122807017544,38,-0.0931094043914817,7.28361349093837,1,1
"Zmiz1",0.590566037735849,53,0.662965012722429,12.3742607074084,1,1
"Zmym4",0.414814814814815,27,-0.612976876890753,-6.13303802824277,0.000461267161514494,0.00237020356839755
"Znrf1",0.512820512820513,26,0.485426827170242,-0.132210970395583,0.607098368174096,1
"Zswim6",0.560189287836347,75,0.669851398307669,0.701964544189153,1,1
"Lyz1",0,24,-Inf,0,1,1
