"","AR","N","log2FC","llr_mean","pval_mean"
"9530026P05Rik",0.488095238095238,11,-2.22044604925031e-16,0.0169626837596297,1
"Abca1",0.563978494623656,31,0.267933205246633,-0.243765500775815,0.485030740112754
"Abca9",0.277083333333333,16,-1.03562390973072,-0.0438139659905872,0.767214689601541
"Abi1",0.668343936764989,19,1.16992500144231,-2.54244575066542,0.0241351868375962
"Ablim1",0.608465608465608,18,0.366782330671623,-0.0766390203196323,0.695422223321118
"Acer3",0.621428571428571,10,0.201633861169651,1.91809140681891,1
"Actr3",0.275,10,-0.943416471633633,-1.56940045357616,0.0764499937094188
"Acyp2",0.313333333333333,10,-1,-0.654362420073202,0.252625659814776
"Adam19",0.736111111111111,12,1.53051471669878,-1.71030112151095,0.0643875201314432
"Adgre1",0.622380952380952,10,0.754887502163469,-0.657945722354448,0.251330741138607
"Adgrg6",0.25,12,-0.943416471633633,0.613963350069305,1
"Adgrl4",0.398150334513971,11,-0.206450877467426,-0.195045147721924,0.532251942453361
"Adk",0.393939393939394,11,-0.900464326449085,-0.103953985138105,0.648412080084037
"Aff1",0.359375,16,-1,-1.8578444640765,0.0539033759033049
"Aftph",0.573333333333333,10,-0.20163386116965,0.811740362085402,1
"Agap1",0.545454545454545,11,-0.125530882083859,0.232751351593688,1
"Agfg1",0.416666666666667,13,-0.231325546106456,-0.104309152232819,0.647852524804993
"Agmo",0.614074074074074,15,0.459431618637297,0.253323694284763,1
"Ago3",0.553030303030303,11,-0.144389909335175,0.0687356543446782,1
"Ahnak",0.380952380952381,13,-0.700439718141093,0.42468097460598,1
"Airn",0.833333333333333,11,1.58496250072116,-3.94929287223166,0.00494734638037039
"Akap13",0.370634920634921,15,-1.41503749927884,-3.37664295173587,0.0093575196326463
"Akt3",0.520833333333333,16,-0.160464672193246,-0.014521007498729,0.864682062633797
"Alcam",0.395395954620093,22,-0.591360271919306,-2.00747299765027,0.0450986676879483
"Ank2",0.18778354978355,25,-1.56559717585422,-9.80465852653754,9.50047773754402e-06
"Ankhd1",0.333333333333333,12,-1.22239242133645,-3.82065269257873,0.00570466184667275
"Ankrd11",0.45952380952381,20,0.270089163367744,-0.0710614100788192,0.706179695913137
"Ankrd17",0.475563909774436,19,0.26918663281539,-0.0619348488704929,0.724874806678431
"Ankrd44",0.453070175438596,19,-0.53051471669878,-0.0850285507626936,0.680061064739987
"Anks1",0.446969696969697,11,-0.289506617194984,-0.0625032020521097,0.723666821488618
"Ano6",0.551449275362319,23,0.375509135092207,0.203202606317099,1
"Antxr2",0.558608058608059,13,0.494764691749578,-0.653633892530394,0.252889934173547
"Aoah",0.28030303030303,11,-0.884522782580064,-1.06251338283028,0.144910249313914
"Aopep",0.572358630952381,32,0.443606651475615,-0.20864025510825,0.518297145370859
"Ap2a2",0.51140350877193,19,-0.121990524378611,0.0927602285135194,1
"Ap3b1",0.512121212121212,11,0.39592867633114,-0.221037866976452,0.50612228479743
"Apba1",0.65952380952381,14,0.652076696579693,-0.664651688765364,0.24892918544669
"Apoe",0.668837535014006,17,1.22239242133645,-4.74834077658402,0.00205843845953228
"App",0.685121587753167,37,1.05285188226574,-6.07543151909362,0.000490651547760032
"Arb2a",0.408928571428571,20,-0.425305834732671,-0.737333554982669,0.224610770100985
"Arhgap10",0.290277777777778,12,-1.1096244911745,-3.3213002810679,0.00995684854273364
"Arhgap15",0.558974358974359,13,0.395928676331139,-0.384266776790348,0.380671091894237
"Arhgap18",0.38974358974359,13,-0.400537929583729,-0.554978694101035,0.292091211580152
"Arhgap21",0.489087301587302,12,-0.241008099503795,0.0256344338536927,1
"Arhgap26",0.500818789054083,17,-0.306661338234052,-0.199245424550725,0.527869676113324
"Arhgef12",0.457843137254902,17,-0.0995356735509145,0.125818342358727,1
"Arhgef3",0.405797101449275,23,-0.373458395527445,0.105482296786178,1
"Arid1b",0.5359410430839,21,-0.178337241258513,-0.0132217137500064,0.870822086091618
"Arih1",0.487121212121212,22,0.112474729258412,0.329339288542194,1
"Arl15",0.394486215538847,19,-0.527247002864869,-0.246465484856344,0.482622771083034
"Arpc2",0.495454545454545,11,0.192645077942396,0.776848332317712,1
"Asap1",0.522798629941487,21,0.0554951125917034,-0.0427701833812577,0.769925116986268
"Ascc3",0.451041666666667,16,-0.332575339086871,-0.284965610703871,0.450286248454366
"Ash1l",0.439285714285714,14,-0.459431618637297,-0.292158832027816,0.444624893499519
"Atf7",0.316666666666667,10,-0.874469117916141,-1.17175154805868,0.125806358055507
"Atp2a2",0.6475,10,0.66742466091313,0.712194625460043,1
"Atp2b1",0.643518518518518,18,1,-1.86835668082526,0.0532290490911726
"Atp6v0b",0.41140350877193,19,-0.362570079384708,-0.178271293602982,0.550432692375698
"Atxn1",0.525757575757576,22,-0.174029399775049,-0.0165882356681308,0.855469644694672
"B4galt1",0.410606060606061,16,-0.160464672193247,-0.13475939951649,0.60365474870479
"Babam2",0.6,10,0.497499659470817,-0.540409530521043,0.298514398708818
"Baz2b",0.346153846153846,13,-0.440572591385981,0.07559596240365,1
"Bicc1",0.542424242424242,11,-0.0641303374197157,0.0247301131112501,1
"Birc6",0.534090909090909,22,0.357552004618084,-0.488926722839643,0.32272933103393
"Bmpr2",0.516666666666667,12,0.3536369546147,-0.190875564797103,0.536667548276327
"Btbd9",0.596938775510204,14,0.925999418556223,-0.0877855614468821,0.675207304179958
"C1qa",0.416666666666667,13,-0.881355503501381,-1.63182156022839,0.0708315982904518
"C1qc",0.408333333333333,12,-0.637429920615292,-0.754941167054959,0.219157042020373
"C5ar1",0.5,10,-0.0703893278913983,0.115622650674212,1
"Camk1d",0.491908212560386,23,0.338168735894573,-0.286051506638529,0.449424443064474
"Camk2d",0.53030303030303,13,0.332575339086871,-0.256752885449288,0.47362516019884
"Ccdc50",0.366666666666667,10,-0.62148837674627,0.273258840885656,1
"Ccdc88a",0.456666666666667,10,-0.247927513443585,-0.0827136340456356,0.684208132441899
"Ccnd3",0.395767195767196,15,-0.192645077942395,-0.203802927876428,0.523187186470172
"Ccny",0.550925925925926,18,0.186413124230881,-0.164860563623357,0.565823344607408
"Cd163",0.379251700680272,21,-0.736965594166206,-2.15514539490667,0.0378824856301397
"Cd2ap",0.625,12,0.643856189774725,-1.05272114183754,0.146775898958351
"Cd36",0.423174603174603,15,-0.341036917835067,-0.264162785676273,0.467311675917932
"Cd44",0.498412698412698,14,-0.169925001442312,0.962592025384588,1
"Cdc37l1",0.543333333333333,10,0.387023123109247,-0.212895590194851,0.514061411757598
"Cdc42",0.307291666666667,16,-1.1096244911745,-3.94594131130725,0.00496571500404248
"Cdh13",0.621978021978022,13,0.447458976971221,-0.119034919462585,0.625603667530862
"Cdk13",0.393055555555556,12,-0.432959407276106,-0.0357164847825544,0.789261691448005
"Cdk14",0.500730158730159,25,-0.0943273825481529,0.0173937436193228,1
"Cdk6",0.511666666666667,10,0.280107919192735,-0.0274695796978506,0.814681414367144
"Cdkal1",0.628787878787879,11,0.719892080807265,-0.827344967072889,0.198321806119695
"Celf1",0.233333333333333,16,-1.51457317282976,-4.3902342086826,0.00304473003061746
"Celf2",0.581523569023569,27,0.0749620576812222,-0.1905734741499,0.53699004738345
"Cep85l",0.558333333333333,12,0.0671141958585373,0.1149216151072,1
"Cert1",0.674242424242424,11,0.719892080807265,-1.34370815531481,0.101143696734794
"Chd2",0.537878787878788,11,0.131244533278253,0.135954632488488,1
"Chd7",0.448484848484848,11,-0.247927513443585,0.27050361154377,1
"Chd9",0.563888888888889,18,0.112474729258413,1.34852327768623,1
"Clic4",0.328535353535354,18,-0.678071905112637,-0.996187806735904,0.158092709591065
"Cltc",0.427083333333333,16,-0.584962500721156,-0.64961411318372,0.254354245057246
"Cmip",0.494002525252525,24,0.172836596862215,-0.0579166679822052,0.733598262489004
"Cnot4",0.564102564102564,13,0.3536369546147,-0.20454821687769,0.522428476483537
"Colec12",0.490247715247715,21,0.0250909809628301,0.207601123266912,1
"Cped1",0.547058823529412,17,0.478047296804644,-0.418949960043658,0.359998086241049
"Cpne8",0.45,10,-0.222392421336447,0.0336783815821597,1
"Crebbp",0.566666666666667,13,0.0489096004809462,0.0885022036505205,1
"Csnk1a1",0.577777777777778,15,0.17687776208408,-0.0186368157504901,0.846909001389406
"Ctsc",0.735714285714286,14,1.32192809488736,-1.59171331523807,0.074388578140261
"Cul3",0.466666666666667,10,-0.415037499278844,-0.241638954974601,0.486941297757968
"Cux1",0.452380952380952,14,-0.241008099503796,-0.116355435922742,0.629521002639772
"Cyfip1",0.375,14,-0.70626879694329,-0.820325683771646,0.200236121342179
"Cyrib",0.372932330827068,19,-0.514573172829758,-0.752541881668144,0.219890795792308
"Cyth1",0.564492753623188,23,0.192645077942396,0.159414518935712,1
"Cyth3",0.550952380952381,10,0,0.0476084938598582,1
"Cyyr1",0.425490196078431,17,-0.222392421336448,-0.186968885575361,0.54086563061238
"Dab2",0.43421052631579,19,-0.357552004618084,-0.430418167237669,0.353504755141828
"Dach1",0.499801587301587,12,0.17687776208408,-0.0140090808454651,0.867066131699371
"Dapk1",0.351960784313725,17,-0.841302253980941,-0.0116916613515983,0.878464467467843
"Dclre1c",0.416666666666667,13,-0.559427408614019,-0.604214271802576,0.271643568266062
"Dcn",0.563782904466134,14,-0.158697746019059,0.193524581543343,1
"Ddx5",0.25,10,-1.37851162325373,-1.85333974274342,0.054195104477843
"Dennd1a",0.470238095238095,20,0,0.0904518607600977,1
"Dennd1b",0.46,10,-0.0614005446641437,-0.00954045574493989,0.890134774016414
"Dennd4a",0.522222222222222,15,0.0544477840223765,0.191342374613502,1
"Dennd4c",0.375,12,-0.17687776208408,2.34257641059412,1
"Dennd5b",0.4,10,-0.893084796083488,-1.24863571528407,0.114043731954033
"Dgkh",0.455,10,-0.452512204697507,0.111833475924048,1
"Dip2b",0.722222222222222,15,0.956931278108114,-0.854128436627519,0.191211688554481
"Dip2c",0.621768707482993,21,0.442518235700951,0.139338064064411,1
"Dlc1",0.49360119047619,16,-0.152003093445049,-0.0309985804246757,0.80336674475524
"Dleu2",0.371323438466296,35,-0.57705730263581,-1.65338979103271,0.0689945768376087
"Dnajc1",0.480769230769231,13,-0.234465253637023,0.0310201151473706,1
"Dock1",0.646825396825397,21,0.854149133536545,-1.30273758528704,0.106495233617617
"Dock10",0.556837606837607,13,0.46948528330122,-0.473828545439012,0.330316382500106
"Dock2",0.37012987012987,33,-0.684498174272071,-3.07808496436788,0.0130954466874109
"Dock4",0.51297619047619,30,0.0406419844973461,-0.0382445355871326,0.782112932107464
"Dock8",0.303333333333333,20,-1.29278174922785,-2.41581464950735,0.0279422124601134
"Dock9",0.470555555555556,15,-0.222392421336448,0.122243449596699,1
"Dse",0.291718426501035,23,-1.50695998871988,-5.08234892100718,0.00143155375151837
"Dst",0.651904761904762,15,0.584962500721156,-0.710553183938302,0.233221386183599
"Dyrk1a",0.534722222222222,12,3.33066907387547e-16,0.0789565545793529,1
"Ebf1",0.425784929356358,28,-0.448984831202181,-0.725009815082103,0.228524802708992
"Ecpas",0.462121212121212,11,-0.201633861169651,0.125817738448113,1
"Eea1",0.686274509803922,17,0.652076696579693,0.534379732848986,1
"Egfr",0.57,10,0.53051471669878,-0.55028223431151,0.294142260417071
"Eif4g3",0.552083333333333,16,0.389946518316013,-0.0374717660285597,0.78427047647963
"Elf1",0.352380952380952,14,-0.632268215499513,0.281009049719049,1
"Elk3",0.511904761904762,14,-0.465663572348812,0.0712341041758933,1
"Elmo1",0.452028218694885,27,-0.285402218862248,0.119156872837166,1
"Entpd1",0.480092592592593,18,0.106915203916512,-0.0135235904337705,0.869368819688892
"Epas1",0.383333333333333,10,-0.616671360448494,-0.0653531508032081,0.717700842414257
"Eps15",0.392156862745098,17,-0.652076696579693,-0.451935329137612,0.341745961254822
"Eps8",0.617715617715618,22,0.881355503501381,-1.46162673732994,0.0873116573948379
"Erbin",0.393939393939394,11,-0.3536369546147,0.109316360974383,1
"Etl4",0.621666666666667,10,0.754887502163469,0.605576874747829,1
"Etv6",0.492640692640693,22,-0.166009951438929,0.0208932018338714,1
"Ext1",0.356983363858364,40,-0.85640914637115,-3.60726745420611,0.00723155501079289
"F13a1",0.437370582340514,40,-0.258635941936277,-0.920614752600159,0.174806910074221
"Fabp4",0.341125541125541,11,-0.506959988719883,-0.222728367482453,0.504500412340459
"Faf1",0.541666666666667,10,0.137503523749935,-0.00227523764094073,0.946217725271229
"Fam117b",0.412222222222222,15,-0.321928094887362,-0.0869566344610178,0.67665712401157
"Fam193a",0.515151515151515,11,0.0703893278913976,0.00599891619310711,1
"Fbxl17",0.519809523809524,25,0.17687776208408,-0.174190581454098,0.555030948029919
"Fbxl7",0.432783882783883,13,-0.476438043942987,-0.437958927422002,0.349322189038554
"Fbxo11",0.466666666666667,15,-0.610053481683987,-0.360442060606861,0.395854054433132
"Fbxw7",0.504444444444444,15,-0.289506617194985,-0.0794770106467695,0.690121355055611
"Fcho2",0.582407407407407,18,0.841302253980941,-1.93807903488629,0.0489765107340412
"Fchsd2",0.65,10,0.39231742277876,1.04459981350845,1
"Fli1",0.498115079365079,24,0.176877762084079,-0.0604638957474037,0.728030395307901
"Flnb",0.516666666666667,13,0.289506617194985,0.0931241531847604,1
"Flt1",0.497088744588745,20,0.0995356735509143,-0.0619020981787415,0.724944604934745
"Fmnl2",0.496497113997114,20,0.106915203916512,0.0820631692178821,1
"Fnbp1",0.612222222222222,15,0.129283016944967,0.0983684968768799,1
"Fndc3a",0.327450980392157,17,-0.0995356735509145,2.45093913376331,1
"Fndc3b",0.466666666666667,10,0.211504105193712,-0.0329824406008967,0.797305152132376
"Fnip1",0.583333333333333,10,0.584962500721156,-0.420599143989723,0.359054284632644
"Fnip2",0.483882783882784,13,0.214124805352847,-0.0182843019120646,0.848346033810655
"Foxn3",0.583333333333333,14,0.584962500721156,-0.368561933462978,0.390583766628127
"Foxp1",0.528571428571429,14,0.356143810225275,-0.142498097337736,0.593445076277826
"Frmd4b",0.535833293690437,35,0.286881147788161,-0.616259906129216,0.266917553708532
"Fry",0.533225108225108,17,0.222392421336448,-0.143301976922004,0.592405061003902
"Fto",0.69047619047619,14,1,-2.40797285502777,0.0281975948832868
"Fyb1",0.513333333333333,10,0.125530882083859,0.058729033919775,1
"Fyn",0.576190476190476,14,0.241008099503796,-0.212617275803098,0.514336594037349
"Gab1",0.541666666666667,10,0.637429920615292,-0.446814215171287,0.344495928177775
"Gab2",0.621003401360544,28,0.826668397114438,-2.99593656664022,0.0143719331818101
"Gas7",0.452777777777778,18,-0.31194400631474,-0.256020425915644,0.474256719069695
"Gda",0.757142857142857,14,1.52356195605701,-0.224817085753465,0.502508731679733
"Ghr",0.583352826510721,15,0.614709844115209,0.119455666011881,1
"Glis3",0.325757575757576,11,-1.68805599368526,-1.84903265092174,0.0544755992573403
"Gls",0.335294117647059,17,-0.79836613883035,-0.443345232630708,0.346375738959066
"Glud1",0.375,10,-0.62148837674627,-0.29579121827355,0.44180785190299
"Gm37376",0.5375,12,-0.485426827170242,0.300488382329892,1
"Gnaq",0.47682267351385,36,-0.1569693463384,0.119905323822969,1
"Gnb1",0.681122448979592,14,0.788495894806288,-2.18898764181338,0.0364062191787891
"Gng2",0.641025641025641,13,1,-2.25862658627822,0.0335546622136303
"Gphn",0.513888888888889,18,-0.0374747054186627,0.117024764344443,1
"Hdac9",0.530498866213152,21,0.562936194391157,-0.0195383165285392,0.843296921619998
"Heatr5a",0.449603174603175,12,-0.295455883526171,-0.108214891997942,0.641773813322624
"Hectd1",0.457142857142857,14,-0.295455883526171,0.132970112843154,1
"Heg1",0.429496469713861,23,-0.31034012061215,-0.272108852260608,0.460690010023875
"Herc1",0.438888888888889,12,-0.6463630453853,-0.868121984384736,0.187615445291711
"Herc4",0.333333333333333,13,-0.632268215499513,0.783288666794679,1
"Hivep2",0.473758417508418,24,-0.0650950282218846,0.0888975951369844,1
"Hnrnph1",0.621212121212121,11,0.263034405833794,0.665338673093178,1
"Igf1r",0.52202380952381,14,-0.0458036896131246,0.128424393981611,1
"Il6ra",0.459183673469388,14,0.0544477840223767,0.0273256897926331,1
"Iqgap1",0.515151515151515,11,-0.432959407276107,0.65960254751062,1
"Iqgap2",0.58031746031746,15,0.280107919192735,-0.363515230157347,0.393847428582015
"Irf2",0.515972222222222,12,-0.347923303420307,-0.11266440132465,0.635009293289268
"Itga9",0.396825396825397,21,-0.499571009490512,-0.72533628397565,0.228420063956529
"Itpr2",0.33859649122807,19,-0.855610090664826,-1.41227591050369,0.0928328028684355
"Itsn1",0.333333333333333,14,-0.874469117916141,0.554199793455204,1
"Itsn2",0.576923076923077,13,0.082462160191973,0.139016474968432,1
"Jak1",0.391666666666667,14,-0.540568381362703,-0.410280054484101,0.365016454034496
"Jarid2",0.533333333333333,17,0.229481846122767,-0.158185174930487,0.573797140309263
"Jmjd1c",0.66969696969697,22,0.777607578663552,-0.724142503793786,0.228803336997821
"Kansl1",0.523456790123457,27,0,0.0155481665489035,1
"Kat2b",0.56969696969697,11,0.497499659470817,-0.473132257508414,0.330671959006237
"Kcnt2",0.360220797720798,12,-0.46948528330122,0.0398824995355191,1
"Kdm7a",0.607142857142857,10,0.275634442613427,1.03833067486708,1
"Kif13a",0.585833333333333,10,0.432959407276106,-0.583519227802753,0.280010594766829
"Kif1b",0.535714285714286,14,0.125530882083859,0.092475357465446,1
"Kitl",0.712121212121212,11,1.70043971814109,-2.86741114213234,0.0166317509512736
"Klf12",0.430345093502988,19,-0.231325546106456,-0.258537527032274,0.472092054564809
"Klf13",0.351666666666667,10,0.0614005446641437,0.875695584556784,1
"Klf7",0.498253968253968,15,0.180572245641821,0.505541429094489,1
"Kmt2c",0.42989417989418,18,-0.440572591385981,-0.456397348497511,0.339373989182611
"Kmt2e",0.538461538461538,13,0,0.002721034408534,1
"Lama2",0.514965986394558,14,-0.137503523749935,0.00149645832690837,1
"Lamc1",0.357142857142857,12,-0.369233809665719,0.00474570412188768,1
"Larp4b",0.35,10,-0.0740005814437765,1.59806321665303,1
"Lcp1",0.345238095238095,14,-1.27008916336774,-2.25316903917833,0.033769464910686
"Ldlrad4",0.523710904480135,26,-0.096215315259303,0.0107022981575042,1
"Lgmn",0.509375,16,-0.103093492964103,0.464300572353135,1
"Lhfpl6",0.423586514495605,11,-0.389946518316013,-0.113823832571555,0.633273561545655
"Lima1",0.45,10,-0.247927513443586,-0.07817772153901,0.692534381985873
"Lims1",0.519791666666667,16,0.199308808223406,-0.0961478557958166,0.661012745813159
"Lncpint",0.440878360322805,27,-0.395928676331139,0.0745049197264862,1
"Lpp",0.501809523809524,25,0.0627357553479627,0.205266485027131,1
"Lrch1",0.602083333333333,16,0.855610090664825,-1.00542618329512,0.156177550543549
"Lrch3",0.652777777777778,12,0.222392421336448,0.532190661745982,1
"Lrp6",0.577777777777778,15,0.347923303420307,1.27315295954258,1
"Lrrc8d",0.496626984126984,12,0,-0.00144559276408529,0.95711861425115
"Lrrfip1",0.414102564102564,13,-0.887525270741588,-2.34466069191694,0.0303506318046085
"Luc7l2",0.525396825396825,21,-0.0356239097307216,0.989461393313135,1
"Lyn",0.429267464561582,33,-0.132755208851772,-0.217986660055935,0.509072392855094
"Lyve1",0.347222222222222,12,-0.308122295362333,-0.107876705005765,0.642294833426539
"Lyz2",0.713888888888889,18,1.26303440583379,-4.77111009581334,0.00200798704703206
"Maf",0.57051282051282,13,0.540568381362703,-0.149120236932379,0.58498759393977
"Magi1",0.431642512077295,23,-0.0766212816029127,0.0284168451299678,1
"Malat1",0.534679184297068,45,0.130326473844876,-3.76100580693117,0.0060949579542111
"Man1a",0.530769230769231,26,-0.0857298740258837,0.460088631799188,1
"Man2a1",0.565918803418803,26,0.287281952080471,-0.555604868706617,0.291819129604601
"Map3k3",0.516666666666667,10,-0.275634442613427,0.0309035283861796,1
"Map4k4",0.646666666666667,10,0.893084796083488,-0.417599819017525,0.360773295726424
"Mast2",0.484848484848485,11,-0.584962500721156,-0.308196885281657,0.432390548726436
"Mast4",0.410119047619048,15,-0.83650126771712,-0.0984542858467954,0.657227815086646
"Mbnl2",0.540833333333333,20,1.66533453693773e-16,0.0829486932874559,1
"Mcc",0.530769230769231,13,0.283792966000591,-0.145761290207776,0.589246473089324
"Mctp1",0.549079824079824,37,0.142293882465121,-0.506694253206192,0.31409242409308
"Mcu",0.529166666666667,12,0.308122295362332,0.904315497263379,1
"Mdfic",0.577380952380952,14,0.559427408614019,-0.729009049489804,0.227245725340895
"Mef2a",0.493055555555556,28,-0.0291463456595164,0.0124746851245732,1
"Mertk",0.454545454545455,11,-0.289506617194985,-0.00747531352410036,0.902683007030948
"Mfhas1",0.551111111111111,15,0.70626879694329,-0.194700924200472,0.532613983242252
"Mir99ahg",0.506755424063116,26,0.249359468936717,-0.163584695385552,0.567330626337357
"Mitf",0.512698412698413,15,0.15200309344505,-0.0820196926399959,0.685464456912472
"Mkln1",0.456140350877193,19,-0.299560281858907,-0.0865429259517896,0.677383749658024
"Mllt10",0.48859649122807,19,-0.0458036896131246,0.0123631609603763,1
"Mon2",0.328888888888889,15,-0.476438043942987,1.15435305832489,1
"Mrc1",0.486122028556239,38,-0.2844533894687,0.562284695776285,1
"Ms4a4a",0.59360119047619,16,0.0759488532332983,0.112359452540076,1
"Ms4a6b",0.508771929824561,19,-0.362570079384708,0.241558718994995,1
"Ms4a6c",0.533333333333333,15,0.120294233717712,0.12075316442094,1
"Ms4a6d",0.519230769230769,13,-0.157541276986479,0.232121248419162,1
"Msr1",0.45,10,-0.0780025120012731,0.0310756877322618,1
"Mtmr3",0.689393939393939,11,0.559427408614019,2.37516860939648,1
"Mtss1",0.390666666666667,25,-0.510961919277379,-0.376582927635482,0.385475749605756
"Mycbp2",0.458214285714286,20,-0.0365258760251139,-0.0124725885460535,0.874503745166196
"Myo5a",0.598971861471861,22,0.405256478486258,0.108968198154244,1
"N4bp2l2",0.365384615384615,13,-0.552541023028779,-0.489707160282965,0.32234344376087
"Nav1",0.48470695970696,26,-0.0274807364221069,0.0080482187212354,1
"Nbeal1",0.472222222222222,12,0.241008099503795,-0.00177018429375053,0.952553071772914
"Ncoa2",0.694444444444444,12,0.807354922057604,-0.574183786006586,0.283891134829092
"Ncoa3",0.648717948717949,13,0.485426827170242,0.453705386930459,1
"Ncor1",0.488888888888889,12,0.0506260730699678,0.675532779662326,1
"Ndfip1",0.322959183673469,14,-0.81713594285019,-1.08294478085464,0.141102947383658
"Neat1",0.576270446724992,33,0.289506617194985,-0.542274692891233,0.297682052030642
"Nedd9",0.633333333333333,15,0.632268215499513,-0.933617301729079,0.171792140131522
"Nf1",0.535294117647059,17,0.438121112391885,-0.539067792638448,0.299115012964423
"Nfat5",0.514880952380952,14,-0.0614005446641437,0.0580727163578878,1
"Nfia",0.598148148148148,24,0.556393348524385,-1.24080310429503,0.115184569113451
"Nfib",0.558368945868946,18,0.0627357553479627,-0.036966923921554,0.785692919048602
"Nipbl",0.439236111111111,16,-0.255257055242075,-0.186901563871558,0.540938500761103
"Nktr",0.65,10,0.584962500721156,0.895296307161082,1
"Nr3c1",0.515238095238095,20,0.247927513443586,-0.0798682717690369,0.689399190566596
"Nrp1",0.479497354497354,18,2.22044604925031e-16,0.00914369224918232,1
"Nsmce2",0.403846153846154,13,-0.275634442613427,0.199946597521802,1
"Numb",0.348484848484848,11,-0.584962500721157,-0.282702886765787,0.452090337084765
"Osbpl9",0.497985347985348,13,0.175086706558091,0.0316894152994891,1
"Oxr1",0.32962962962963,12,-0.432959407276107,-0.31152601477476,0.429915388749173
"Pafah1b1",0.551282051282051,13,3.33066907387547e-16,0.80317149564916,1
"Pakap",0.575892857142857,16,0.031708859727338,-0.0812137893622022,0.686931267850975
"Pan3",0.482619047619048,20,-0.187627003175771,0.561396087700899,1
"Parp8",0.722222222222222,12,1.04730571477836,-1.46646183006312,0.0867901898651704
"Pbx1",0.352380952380952,13,-1.22239242133645,-1.7466132999132,0.0616203728391165
"Pbx3",0.47997557997558,13,0.0544477840223764,0.0191281992766434,1
"Pcdh9",0.645436507936508,12,0.628031222613042,-0.23288591436561,0.494938783110293
"Pde10a",0.515013774104683,11,-0.253756592245783,0.290229808819351,1
"Pde3b",0.485917785917786,21,0.0285691521967708,0.115150285271191,1
"Pde7b",0.289242843951985,19,-0.802060622388091,-3.77448470102883,0.00600444058568189
"Pdgfd",0.676948051948052,11,0.798366138830349,-2.26655527483672,0.0332451381256031
"Pdlim5",0.451805337519623,21,-0.178970141045319,-0.0338657918559946,0.79466868394674
"Pdzd2",0.315,10,-0.321928094887363,0.33232169766784,1
"Peli1",0.621212121212121,11,0.211504105193712,1.10878819732341,1
"Pfkfb3",0.53030303030303,11,-0.263034405833794,0.51730252088943,1
"Phf20l1",0.4,12,-0.0544477840223762,0.0873035957706421,1
"Phf21a",0.416666666666667,12,-0.0671141958585371,0.349842317193612,1
"Phlpp1",0.520562770562771,11,0.106915203916512,0.754207837152137,1
"Pias1",0.541666666666667,12,0.678071905112638,-0.550671850862965,0.293971406976677
"Pias2",0.5,10,0,-0.000802376585451015,0.968045793366582
"Picalm",0.677631578947368,19,1.16992500144231,-4.0644973577359,0.00435628944773205
"Pid1",0.612682277372146,39,0.788495894806288,-4.19504218671061,0.00377273396394303
"Pip4k2a",0.446349206349206,20,-0.321928094887362,-0.0709598384759929,0.706380002952723
"Pitpna",0.627777777777778,16,0.478047296804643,-0.830523681792627,0.197461970256935
"Pitpnc1",0.531844147915576,28,0.0853914912306443,-0.00793605227833183,0.899744161606131
"Plcb1",0.568300653594771,17,0.321928094887362,0.829527962392298,1
"Plcl1",0.653846153846154,13,1.92599941855622,-1.18935695850749,0.122998769759153
"Plcl2",0.463690476190476,20,-0.269186632815389,-0.130372244581906,0.609609141594158
"Plpp1",0.481684981684982,13,0.415037499278845,-0.241084139101339,0.487441813813478
"Plxdc2",0.490714285714286,10,-0.438121112391885,0.13248743904326,1
"Plxna4",0.518939393939394,11,0.432959407276107,1.62912344675182,1
"Ppm1h",0.310660173160173,22,-0.728697978182606,-1.28528739470551,0.108868168151454
"Ppp1r12a",0.602777777777778,18,0.129283016944967,0.137267002766734,1
"Ppp4r1",0.325,10,-0.612976876890753,-0.333633264526725,0.414006245724167
"Prex2",0.485,20,-0.106915203916512,0.00419853399430536,1
"Prkag2",0.666666666666667,10,0.938599455335856,-1.01506163628597,0.154208098988917
"Prkcb",0.345833333333333,12,-1.09310940439148,-2.14968071112006,0.0381266864169684
"Prkce",0.529761904761905,14,-3.33066907387547e-16,0.820572539140635,1
"Prkch",0.513888888888889,12,0.289506617194984,-0.12369270288459,0.618922140366619
"Prrc2c",0.602564102564103,13,0.556393348524385,-0.190653086839383,0.536905022021669
"Psme4",0.468333333333333,10,0.321928094887363,0.538715382644298,1
"Ptbp3",0.480769230769231,13,0.133266530863464,0.0515557808312153,1
"Pten",0.597222222222222,12,0.415037499278844,-0.359380228776558,0.396550802748435
"Ptpn12",0.468333333333333,20,0.0824621601919733,0.0172561607779684,1
"Ptprb",0.494444444444444,15,0.0995356735509142,0.0221345731784091,1
"Ptprc",0.383169934640523,17,-1,-1.53668063242815,0.079584762551445
"Ptprg",0.508152726902727,24,0.150416842553099,0.128890316438351,1
"Ptprk",0.556666666666667,10,0.160464672193246,0.192813766734162,1
"Ptprm",0.439811379097093,28,-0.106915203916512,-0.10213889584282,0.651289868833598
"Qki",0.45679012345679,27,-0.211504105193712,-0.145486659370363,0.589597478890871
"Rab31",0.700892857142857,16,0.906890595608518,-3.24280968494713,0.0108750640046688
"Rab8b",0.560606060606061,11,-0.289506617194984,0.199961948783461,1
"Ralgapa1",0.572727272727273,11,0.793549122532574,-0.988605017008247,0.159684632673005
"Rap1a",0.433333333333333,10,0.371968777386958,0.153697702797679,1
"Rap1gds1",0.52363315696649,27,0,0.181178865155836,1
"Rapgef5",0.299339257233994,11,-1,-2.11508102934379,0.0397116486892949
"Rasa1",0.616666666666667,10,0.337034987277571,0.273420604877174,1
"Rasal2",0.476700680272109,21,-0.172836596862215,-0.0944335460216053,0.663861204221976
"Rassf2",0.423076923076923,13,-0.39231742277876,-0.118652138862949,0.626159922993415
"Rb1",0.439732142857143,16,-0.321928094887363,-0.260867639249501,0.470102398838097
"Rbm25",0.508823529411765,17,-0.0565835283663678,0.0461700307205319,1
"Rbm39",0.503030303030303,22,-0.0384741478146355,0.236616623376122,1
"Rbm47",0.437731481481481,24,-0.289506617194986,-0.0172442274834097,0.852671656178798
"Rbm6",0.593333333333333,15,0.520832163301441,0.170684540002316,1
"Rbms1",0.56763850627487,33,0.608809242675524,-1.5315234693242,0.0800913538178361
"Rbms3",0.356601731601732,11,-0.506959988719883,-0.356414569894465,0.398506202962235
"Rbpj",0.484390609390609,34,-0.181112682074771,0.0847327141159582,1
"Rbpms",0.546666666666667,10,-0.0740005814437767,0.320648978464305,1
"Reep3",0.575757575757576,11,0.341036917835067,0.561917436818579,1
"Rere",0.53,10,2.22044604925031e-16,0.0724622941319808,1
"Rgl1",0.628205128205128,13,0.561878887608115,0.62240332508296,1
"Rhoa",0.519444444444444,12,-0.0614005446641437,0.0361377811059356,1
"Rhoj",0.436666666666667,15,-0.357552004618084,-0.315132198310138,0.42725834807997
"Rin2",0.506666666666667,10,0.459431618637297,-0.280812193681609,0.453606491678534
"Rnf150",0.558571428571429,15,1.66533453693773e-16,0.0229176429027724,1
"Rnf169",0.392406204906205,24,-0.618129364656356,-1.72981034225914,0.062884739283437
"Rock1",0.528125,16,0.0874628412503395,-0.0263900688040977,0.818294368724388
"Rock2",0.328030303030303,22,-0.510194732319184,-0.309356263170095,0.431526121898908
"Rora",0.601322751322751,18,0.359895945086382,0.527547147104677,1
"Rsrc1",0.454545454545455,11,-0.514573172829758,-0.128669162520787,0.61195468631722
"Rtn3",0.568181818181818,11,0.295455883526172,-0.259101486067273,0.471609251154746
"Rtn4",0.421929824561403,19,-0.3536369546147,-0.332585044913287,0.414740618903508
"Runx1",0.570289855072464,23,0.634715535918256,-1.19428677589664,0.122225110723722
"Samd12",0.275,10,-1.53051471669878,-0.46149410799055,0.336691585670546
"Sash1",0.432738095238095,24,-0.479992941119613,-0.17139340788173,0.558225019126264
"Sbf2",0.578125,16,0.502500340529183,-0.283569618848951,0.451397951730266
"Selenop",0.321969696969697,11,-1.18057224564182,-0.179335391122983,0.549245377281148
"Senp6",0.333333333333333,12,-1.09953567355091,-1.04604829021337,0.148062753012947
"Septin11",0.595,10,-0.415037499278844,0.979222361929715,1
"Septin7",0.520833333333333,12,-0.263034405833794,-0.0400423756946715,0.777182591212641
"Serinc3",0.452795031055901,23,-0.125530882083859,-0.0770401282150104,0.694666220864258
"Setd5",0.363636363636364,11,-0.612976876890753,-0.506235728683123,0.314311481522912
"Sgk3",0.673611111111111,12,1,-1.53513549992933,0.0797361785857171
"Sh3glb1",0.416666666666667,10,-0.447458976971221,0.149497376948347,1
"Sh3pxd2a",0.712121212121212,11,1.18057224564182,-2.64593095065023,0.021425301361313
"Shoc2",0.575,10,0.289506617194984,-0.20970218209483,0.517234404654794
"Sik3",0.44047619047619,15,-0.302562770020431,-0.255236528122282,0.47493414534023
"Sipa1l1",0.46031746031746,14,-0.0544477840223762,0.0444822277197083,1
"Skap2",0.568181818181818,11,0.68805599368526,-0.733591719018715,0.225790610018169
"Slc8a1",0.382437275985663,31,-0.509674373416919,-0.308872933258343,0.431886171443371
"Slmap",0.430555555555556,12,-2.22044604925031e-16,0.267787445440248,1
"Smg1",0.514705882352941,17,-0.111031312388743,0.00447197102707619,1
"Smurf2",0.477450980392157,17,-0.369233809665719,-0.0682765400428309,0.711732051572975
"Smyd3",0.511172161172161,13,-0.052467419894136,0.207799828317007,1
"Snd1",0.525,18,0.142019004872428,-0.107623975997832,0.642684843243532
"Snx13",0.520833333333333,12,0,0.506970595891801,1
"Snx2",0.608333333333333,10,0.954196310386875,-1.9101705176958,0.0506339312568807
"Snx24",0.325847763347763,18,-0.405256478486259,-1.05060889949253,0.147181872743523
"Snx29",0.646666666666667,10,0.793549122532574,0.17781223054109,1
"Snx8",0.658333333333333,10,1,-2.03120907688095,0.0438476666776671
"Snx9",0.545454545454545,11,0.131244533278253,-0.0489213857799768,0.754433913006781
"Son",0.388333333333333,10,-0.37851162325373,-0.329935327978664,0.416605610296809
"Spag9",0.66140350877193,19,0.925999418556223,-0.86132701543858,0.189351771094192
"Spop",0.5,11,0.184424571137428,-0.0200397858583585,0.841325081818824
"Spred1",0.469230769230769,13,0.229481846122767,0.672457515649718,1
"Sptbn1",0.467353437254753,32,-0.0709665213541433,-0.0494068637997174,0.753257878173122
"Srgap2",0.445604395604396,26,-0.212993723334198,-0.116112808173057,0.629878455639224
"Ssh2",0.4559670781893,27,-0.356143810225275,-0.198303801843331,0.528846452634386
"St3gal1",0.648809523809524,14,0.559427408614019,-0.215321583479668,0.511673524686778
"Stab1",0.45949947488409,26,-0.242856523896164,-0.303846623655382,0.435657667585186
"Stag1",0.602777777777778,18,0.37851162325373,-0.599393819540239,0.27356412487318
"Stat3",0.3,11,-0.847996906554951,-0.394035571632841,0.374684007367297
"Stat5b",0.386111111111111,12,-0.473931188332412,-0.385714384020297,0.379775414117191
"Stk17b",0.520075757575758,22,0.15200309344505,-0.0747828897160403,0.698950660797543
"Stox2",0.328422619047619,16,-0.84799690655495,-1.51301019274405,0.0819387632632854
"Strn3",0.598888888888889,15,0.563900885193327,-0.317873151301512,0.425255333194663
"Stxbp3",0.566666666666667,10,0.160464672193246,0.144240793310747,1
"Stxbp6",0.369656886323553,27,-0.637429920615292,-2.26938290293634,0.0331354745111029
"Susd6",0.562152777777778,16,-0.0443941193584535,-0.0178303492908576,0.850217902881244
"Syk",0.491946778711485,17,-0.331205908475373,-0.166271896699243,0.564165035663658
"Syne1",0.345238095238095,14,-0.855610090664826,-0.548830366707566,0.294780049257877
"Tacc1",0.641666666666667,10,0.736965594166206,0.503808185530957,1
"Tanc1",0.547727272727273,10,0.0703893278913978,1.55118141197127,1
"Tanc2",0.249404761904762,24,-1.38246963682241,-5.28794627468162,0.00114571938436866
"Tasor",0.590909090909091,11,0.289506617194985,-0.0417325595729814,0.772655375155544
"Tbc1d4",0.506369047619048,20,0.296981737757131,0.170112628015936,1
"Tbc1d5",0.611607142857143,28,0.668794091524627,-1.25065450477926,0.11375171440913
"Tbxas1",0.287878787878788,11,-0.700439718141092,0.0345773645880314,1
"Tcf12",0.592328042328042,18,0.304854581528421,-0.435810284228893,0.350507057184397
"Tcf4",0.503795629657699,29,-0.216317906926763,0.113083131130253,1
"Tcf7l2",0.473611111111111,12,-0.415037499278843,-0.298842211421242,0.439462890014785
"Tet3",0.431547619047619,16,0.142019004872428,0.205501558548075,1
"Tlr4",0.526666666666667,10,0.247927513443586,-0.0302940279327508,0.805568896895189
"Tm6sf1",0.345833333333333,16,-0.862496476250065,-0.238377599190031,0.489895766252037
"Tmcc1",0.445069264069264,25,-0.472752997135131,-0.759350815508903,0.217816080953151
"Tnrc6b",0.444444444444444,12,-0.371968777386958,-0.250915758571896,0.478696473038244
"Tnrc6c",0.537878787878788,11,0.304854581528421,-0.19627111993378,0.530966110577185
"Top1",0.501648351648352,13,-0.0931094043914812,0.0037599438115592,1
"Tpp2",0.545454545454545,11,0.616671360448494,-0.605344745329933,0.271195613014869
"Trerf1",0.427777777777778,10,-0.556393348524385,-0.518964141540817,0.308303788401897
"Trip12",0.272222222222222,15,-0.752072486556414,0.994552041439999,1
"Tshz2",0.425858585858586,15,-0.343954401217361,0.324452623704165,1
"Tut7",0.248809523809524,10,-0.584962500721156,0.179234131031659,1
"Ubash3b",0.640013774104683,11,0.229481846122766,-0.374879271454901,0.38655268827972
"Ubr2",0.536363636363636,11,0.15200309344505,-0.0661682030186057,0.716021767245843
"Ubr3",0.448717948717949,13,-0.231325546106456,0.222529595932514,1
"Ubr5",0.383333333333333,10,-0.621488376746269,0.408749638029292,1
"Ugt1a7c",0.426666666666667,10,-0.263034405833794,-0.0805566592159259,0.688133573399722
"Usp15",0.696969696969697,11,0.678071905112638,1.01091397791185,1
"Usp24",0.575757575757576,11,0.53051471669878,0.239778909265119,1
"Usp34",0.413888888888889,18,-0.125530882083859,0.747621731603502,1
"Utrn",0.447619047619048,14,-0.125530882083859,-0.0466182629783916,0.760102212971496
"Uvrag",0.529971988795518,17,-0.0780025120012728,0.414113433251948,1
"Vav3",0.390310240607617,38,-1.23537806293093,-4.22166314573094,0.0036638548017886
"Vim",0.438888888888889,15,-0.222392421336448,0.210642212665693,1
"Vps13b",0.522172619047619,24,0.46948528330122,0.311110307219124,1
"Vps54",0.466666666666667,10,-0.192645077942395,-0.0543143230269365,0.741710836687001
"Vti1a",0.663690476190476,14,0.956931278108114,-0.236261846345023,0.491828437278526
"Wac",0.582291666666667,16,0,1.15687470355008,1
"Wasf2",0.572463768115942,23,0.527247002864869,-0.686957061815448,0.241140519881296
"Washc4",0.403030303030303,11,-0.754887502163469,-0.904030611179056,0.178740979597139
"Wdfy2",0.410416666666667,16,-0.584962500721156,-0.617086195829799,0.266597139127097
"Wdfy3",0.444871794871795,26,-0.217591435072627,0.135249355469085,1
"Wdr33",0.55,10,-0.0703893278913981,0.424881717190146,1
"Wipf1",0.371520146520147,26,-1.02046410255972,-1.32665563092259,0.103334446704456
"Wnk1",0.49017116870058,30,0.0303736490435187,0.334830457102889,1
"Wwox",0.216666666666667,12,-1.73696559416621,-2.53799512843121,0.024259411239735
"Wwp1",0.629761904761905,14,0.454565863465481,-0.875813684910394,0.185672280050273
"Xrn1",0.408333333333333,10,-0.321928094887362,0.09716129729809,1
"Ythdf3",0.444444444444444,15,-0.115477217419936,-0.0533811846339738,0.743860675640369
"Zbtb16",0.475778388278388,14,0.187627003175771,0.000829312928960491,1
"Zbtb7c",0.503333333333333,10,-0.612976876890753,-0.155860432851316,0.576626108306291
"Zcchc7",0.508145363408521,19,-0.18286405714981,0.0370159552841471,1
"Zdhhc14",0.514384319384319,30,-0.0389941316158637,0.14019557631287,1
"Zeb1",0.631679035250464,14,0.547487795302493,-0.797191883194074,0.206700932349956
"Zeb2",0.464366189366189,33,-0.197446064206217,-0.221699138653619,0.505486795680897
"Zfand3",0.40462962962963,18,-0.362570079384708,-0.491814053958613,0.32130472325299
"Zfand6",0.504901960784314,17,0.15200309344505,-0.072799139723358,0.702777798384003
"Zfc3h1",0.646329365079365,16,0.436099114806673,1.13422753777755,1
"Zfhx3",0.630952380952381,14,0.31034012061215,2.40041169581691,1
"Zfp148",0.619444444444444,12,0.263034405833794,1.22823593724972,1
"Zfp407",0.527777777777778,12,0.436099114806674,-0.271314032706638,0.461345607136355
"Zfpm2",0.429487179487179,13,-0.184424571137428,-0.120406180978126,0.623619998908552
"Zfr",0.588293650793651,12,0,-0.0680659532909793,0.712157110593742
"Zmiz1",0.496078431372549,17,0.146841388329271,-0.0382256101249006,0.782165489682667
"Znrf1",0.55,10,0.447458976971221,-0.142725482024741,0.593150516738779
"Zswim6",0.511163183222007,34,0.1087062594425,-0.0287744282995561,0.810412876137357
"Lyz1",0,11,-Inf,-30.8151596002281,4.14388407889438e-15
