"","AR","N","log2FC","llr_var","pval_var"
"1700025G04Rik",0.400833333333333,20,-0.625604485218502,-42.7679872281356,2.2752438924613e-20
"2210408F21Rik",0.532495590828924,18,0.247927513443586,23.2936764044016,1
"2610037D02Rik",0.421875,16,-0.662965012722429,-0.595947880938184,0.274947491947237
"2610307P16Rik",0.438541666666667,32,-0.284729476933113,2157.4198839442,1
"4632427E13Rik",0.381944444444444,12,-0.415037499278844,-15.5251722755809,2.51421691883177e-08
"4732440D04Rik",0.387968253968254,25,-0.940293753875732,36.4122453075161,1
"5031425E22Rik",0.595918367346939,21,0.514573172829758,62.5159532364457,1
"9330159M07Rik",0.175,10,-2.53605290024021,-1981.71681839862,0
"9530026P05Rik",0.617299755799756,50,0.679821687062597,2447.35221303297,1
"AU040320",0.46969696969697,11,0.415037499278844,-2508.19993338843,0
"Aak1",0.40453514739229,21,-0.415037499278844,112.001562892661,1
"Abca8a",0.6994708994709,12,0.825970600224951,-2426.13735671153,0
"Abcc5",0.505357142857143,12,-0.537656785942799,30.7825661484248,1
"Abhd18",0.59,10,-0.142019004872428,-2283.41168878007,0
"Abi1",0.876262242485647,47,3.2337971846087,2557.40646900579,1
"Abi3bp",0.705128205128205,13,1.09953567355091,-1842.83647426742,0
"Ablim1",0.491925776712662,45,0.22404027421793,2578.61319146741,1
"Ablim3",0.366666666666667,11,-0.53051471669878,-1961.62876559059,0
"Abra",0.255128205128205,13,-1.02748073642211,43.7790965301547,1
"Abtb2",0.678354978354978,11,0.415037499278844,-2233.41027359735,0
"Acaca",0.533333333333333,10,-0.514573172829758,-2253.66492376704,0
"Acacb",0.40042735042735,18,-0.568283759574526,20.0104870469072,1
"Aco2",0.530654761904762,16,0.234465253637023,-71.3153680154437,7.0789593738742e-33
"Acss1",0.573400673400673,15,0.514573172829758,-2150.58951793815,0
"Actc1",0.371428571428571,15,-0.599462070416271,76.5777906981584,1
"Actn2",0.600511803011803,25,0.0680184234286512,304.527617635727,1
"Actr3",0.435897435897436,13,-0.332575339086871,62.8017404675729,1
"Acyp2",0.433429631840598,33,-0.518236386920343,2360.10132150951,1
"Adam10",0.451071428571429,20,-0.197939377611909,-210.144121042953,2.11206372800146e-93
"Adamts9",0.324074074074074,12,-0.222392421336448,-2278.22553188442,0
"Adamtsl1",0.506267507002801,34,0.270089163367744,-70.4369053482178,1.71449269279298e-32
"Adamtsl5",0.445833333333333,12,-0.176877762084079,-1918.35915174823,0
"Adcy9",0.729166666666667,16,1.65711228647699,847.892237731703,1
"Adgrd1",0.527777777777778,21,0.381870635343644,-62.5287609858383,4.94405585504448e-29
"Adgrg6",0.733333333333333,10,1.25375659224578,-1851.0456392872,0
"Adgrl2",0.616666666666667,10,0.616671360448494,-1985.92298111481,0
"Adgrl4",0.438333333333333,10,0.3536369546147,2.67896410901812,1
"Adk",0.465172204139946,50,-0.167109985835258,2360.09065232317,1
"Adprhl1",0.552960927960928,13,0.0901978089715783,-18.5190543364411,1.15842896760926e-09
"Adra1a",0.326456164449585,16,-1.06413033741972,187.102256605804,1
"Aebp1",0.444444444444444,15,0.222392421336448,-2401.64159622132,0
"Aebp2",0.475,16,0.285402218862248,-70.9960833310024,9.76324368666481e-33
"Aff1",0.51031746031746,30,-0.0660891904577724,-158.887582809106,4.42103083646046e-71
"Afg1l",0.655555555555556,15,0.447458976971221,95.7532151629891,1
"Afg2a",0.283333333333333,13,-0.356143810225275,-192.355395208991,1.17317967955911e-85
"Agap1",0.461673881673882,40,-0.280107919192735,2201.87753524158,1
"Agfg1",0.447916666666667,16,-0.146841388329271,-805.987467676988,0
"Agl",0.529761904761905,12,0.395928676331139,-1838.99297092491,0
"Ago3",0.504761904761905,21,0.341036917835067,-87.2662191887064,7.57374845159016e-40
"Agtpbp1",0.600793650793651,12,0.0995356735509143,-2130.01381126986,0
"Ahnak",0.495149911816578,27,-0.160464672193246,2153.70314379547,1
"Aig1",0.436805555555556,12,0.133266530863464,-2084.04568608616,0
"Airn",0.819579264404846,43,2.28095631383106,2596.40698805875,1
"Akap13",0.506868131868132,26,-0.0727563424353143,-12.9735208620864,3.50912769847389e-07
"Akap6",0.635323095707711,26,0.455369593314062,2821.44988641679,1
"Akt3",0.50635167301834,27,-0.146841388329271,102.301439399734,1
"Aldh1a2",0.580542264752791,11,-0.192645077942396,-4919.62122117484,0
"Alpk2",0.585185185185185,18,0.231325546106456,-22.3477113828603,2.30194826849585e-11
"Alpk3",0.611666666666667,10,0.362570079384708,-2268.22926260076,0
"Ambra1",0.565111111111111,25,0.217591435072627,19.5926417560893,1
"Anapc1",0.509803921568627,17,-0.0759488532332983,-32.7101510654202,6.0512284276299e-16
"Ank",0.438721804511278,19,-0.423807708906576,3.40230742376525,1
"Ank2",0.57715144032268,37,0.451796049288961,2646.39415186419,1
"Ank3",0.65054012345679,18,0.700439718141092,130.616076301829,1
"Ankhd1",0.582488479262673,31,0.407175381505874,36.5485575177097,1
"Ankib1",0.636363636363636,11,0.231325546106456,-4112.11631704271,0
"Ankrd1",0.506363636363636,10,0.0565835283663674,-2517.78456284952,0
"Ankrd11",0.488248847926267,31,0.0641303374197156,1763.52946688408,1
"Ankrd12",0.543650793650794,21,0.491853096329675,-317.77675571477,3.09736117913764e-140
"Ankrd17",0.477823691460055,44,0.0149503414659715,2007.85873272756,1
"Ankrd28",0.439393939393939,11,0.15200309344505,-2194.68407144496,0
"Ankrd44",0.470868347338936,17,-0.215728691055437,44.6862165388277,1
"Ano1",0.539473684210526,19,0.129283016944967,21.124933358743,1
"Ano6",0.59080459770115,29,0.917537839808027,61.0513598799246,1
"Antxr2",0.596153846153846,13,0.184424571137427,-2054.87264211025,0
"Anxa1",0.566666666666667,12,0.632268215499513,-4554.82531108233,0
"Anxa2",0.637179487179487,13,1,22.7947410881911,1
"Anxa3",0.524801587301587,12,0.761840262805235,-32.3899997803494,8.37448690485243e-16
"Aopep",0.428530728530729,33,-0.292781749227846,2182.8475049782,1
"Ap1g1",0.529761904761905,14,0.369233809665719,-148.837711616997,1.05736472736823e-66
"Ap2a2",0.590909090909091,11,0.0671141958585368,-2021.89562529378,0
"Ap2b1",0.479206349206349,15,0.129283016944967,14.9042344896977,1
"Ap3b1",0.573529411764706,17,0.199308808223407,24.3349461299551,1
"Ap4e1",0.875,12,3.56071495447448,90.1971093135901,1
"Apbb2",0.613203463203463,22,0.719892080807265,93.978463742731,1
"Apc",0.493910256410256,20,-0.381870635343644,85.2965636689107,1
"Aplp2",0.472222222222222,12,0,-3823.87206528256,0
"Apoe",0.265151515151515,11,-1.09310940439148,-1993.26015394789,0
"App",0.42252886002886,44,-0.415037499278844,2307.83088996884,1
"Arb2a",0.507017543859649,38,0.0981803939389036,2117.30128522223,1
"Arf4",0.486507936507937,15,0.0901978089715783,-13.15809898831,2.89847515659765e-07
"Arfgef1",0.564512471655329,21,0.321928094887362,7.81288777084092,1
"Arfgef2",0.642424242424242,11,0.584962500721156,-1698.28472871354,0
"Arhgap10",0.521354166666667,32,0.0179219079972625,-7.63697676075526,9.29899468030993e-05
"Arhgap12",0.519230769230769,13,-0.321928094887362,-1999.14457612061,0
"Arhgap18",0.422910898625184,35,-0.17364808748503,2320.05670173445,1
"Arhgap21",0.519604700854701,26,0.337034987277571,53.8662249383315,1
"Arhgap24",0.511093668236525,14,-0.0687127500840143,44.1577325675248,1
"Arhgap26",0.458941390005344,40,-0.2844533894687,2582.80237896711,1
"Arhgap28",0.530555555555556,15,0.142019004872428,-2047.23446638454,0
"Arhgap29",0.611269841269841,15,0.302562770020432,-2000.99957689731,0
"Arhgap42",0.35,10,-0.251538766995964,-2054.15939139221,0
"Arhgap44",0.576666666666667,15,0.402098443571346,-2.5105427297508,0.0250404671598476
"Arhgap5",0.525,14,0.206450877467426,-1894.77797098391,0
"Arhgef12",0.648370093958329,51,1.34914956362239,2383.15372625669,1
"Arhgef3",0.703571428571429,14,0.62148837674627,30.3931229654404,1
"Arid1b",0.52358641130871,43,0.0483630215613992,2080.53155124409,1
"Arid2",0.517543859649123,19,0.289506617194985,-429.451839828757,8.43139380186859e-189
"Arid4b",0.503525641025641,20,-0.452512204697507,89.7003801478145,1
"Arid5b",0.533333333333333,12,0.184424571137427,-3174.81140086647,0
"Arih1",0.389612511671335,34,-0.371968777386958,2069.28074787738,1
"Ark2n",0.68939393939394,11,1.05444778402238,-2084.39744748611,0
"Arl15",0.575035014005602,34,0.584962500721156,2095.62788510542,1
"Armh3",0.738839285714286,16,1.27563444261343,145.026695276931,1
"Arnt",0.600634920634921,15,0.271302021817394,-1991.93078849442,0
"Arpc2",0.393939393939394,11,0.275634442613427,-2209.24128294798,0
"Art1",0.39452380952381,15,-0.747233929620033,81.985902296487,1
"Art3",0.692051282051282,10,0.229481846122767,-2303.70596564574,0
"Asap1",0.454524684070139,33,-0.299560281858908,20.3701765326332,1
"Ascc3",0.515384615384615,26,0.115477217419936,-32.7387530844185,5.87810658360818e-16
"Ash1l",0.510405643738977,27,0.252766070379967,3380.76823855354,1
"Asph",0.518940781440781,26,-0.043068721891886,49.341906630933,1
"Asxl1",0.4,10,-0.62148837674627,-2660.26062036762,0
"Asxl2",0.56547619047619,14,0.476438043942987,-18.9395713239549,7.52656193850824e-10
"Atad2b",0.555128205128205,13,0.247927513443586,-1953.49784017103,0
"Ate1",0.484722222222222,12,-0.465663572348812,77.7812296000761,1
"Atf2",0.564102564102564,13,0.299560281858908,-2057.04183610173,0
"Atf6",0.537121212121212,23,-0.0246620542342692,118.002958321818,1
"Atf7",0.619444444444444,12,0.632268215499513,42.2322995394657,1
"Atg10",0.459722222222222,12,-0.245112497836531,-2210.56967604455,0
"Atosa",0.435364145658263,17,-0.255257055242075,128.16010265419,1
"Atp10d",0.757575757575758,22,1.4594316186373,-51.7324968597636,2.65035967636777e-24
"Atp11a",0.5,13,-0.222392421336448,-57.0328697865302,1.26059174493774e-26
"Atp13a3",0.57051282051282,13,-0.163498732282879,-2365.47872081603,0
"Atp1a1",0.404444444444444,15,-0.403355694231208,1.80567688174278,1
"Atp2a2",0.499784449429579,46,0.190521906049426,2934.89767910735,1
"Atp2b1",0.437777777777778,15,-0.485426827170242,-2035.07865422258,0
"Atp2c1",0.506176470588235,15,-0.330148601692331,161.104798673603,1
"Atp5f1a",0.61,15,0.299560281858908,-33.4498533867018,2.8567739166477e-16
"Atp5f1c",0.523809523809524,14,0.485426827170242,-2086.77221937158,0
"Atp6v0b",0.558020050125313,19,0.415037499278844,156.007673810803,1
"Atp8a1",0.571111111111111,15,0.229481846122767,32.734106044607,1
"Atp9b",0.5,12,-0.111031312388744,-1665.24503527221,0
"Atrnl1",0.541137566137566,18,0.332575339086871,-38.7804314395992,1.28695071589924e-18
"Atxn1",0.504425837320574,38,0.0269670476002695,2308.10651130431,1
"Atxn2",0.501298701298701,22,-0.112474729258413,2.79844764792165,1
"Atxn7",0.669871794871795,13,0.46948528330122,-49.6194416068581,2.23809396474855e-23
"Atxn7l1",0.616666666666667,10,1,-1968.22724352045,0
"Auts2",0.678888888888889,25,0.832272554261934,101.48306529536,1
"Axl",0.291666666666667,12,-1.04730571477836,-22.6796903331392,1.64000620710063e-11
"B2m",0.401515151515151,11,-0.304854581528421,-2056.91703998205,0
"B3galt1",0.593137254901961,17,0.509013647487858,-42.3049050065231,3.63457376191204e-20
"B4galt1",0.697865353037767,29,0.984893107609792,2092.4956483571,1
"B4galt5",0.545833333333333,16,0.343954401217361,-19.2643981594977,5.39517404763072e-10
"Babam2",0.556481481481481,18,0.0280143761695967,122.45509651456,1
"Bach1",0.437719298245614,19,0.197036847059554,0.661688573769425,1
"Bag3",0.500520833333333,16,0,6.13824997471556,1
"Baiap2l1",0.76043956043956,13,1.36257007938471,-1825.43182148337,0
"Baz1a",0.284722222222222,12,-0.652076696579693,-2082.46701244415,0
"Baz1b",0.549206349206349,21,-0.041820175694627,-14.175152334795,1.01230871065894e-07
"Baz2b",0.354268022998673,19,-0.234465253637023,74.231904798025,1
"Bbx",0.480952380952381,21,0.134301091711591,45.3010083003887,1
"Bcam",0.403846153846154,13,-0.807354922057604,-2072.8415165646,0
"Bcas3",0.527777777777778,24,0.169925001442312,1863.80294401362,1
"Bckdhb",0.46875,16,-0.111031312388744,-2574.63144716798,0
"Bcl2",0.635416666666667,10,1.18057224564182,-1889.37988802421,0
"Bclaf1",0.580769230769231,13,0.584962500721156,-2008.9155089581,0
"Bdp1",0.625,14,0.610053481683986,-227.956743763171,3.72559377478219e-101
"Bicc1",0.509896633679595,51,0.0206102796752861,2297.42811782182,1
"Bicd1",0.849896480331263,23,2.18982455888002,1.64770092771573,1
"Bicral",0.495833333333333,10,0,-1999.3004383413,0
"Birc2",0.527777777777778,12,-0.251538766995964,83.6051928299482,1
"Birc6",0.498270697167756,36,-0.0406419844973458,2004.7519170588,1
"Bltp3b",0.320802005012531,19,-0.935869662580284,70.0702017180431,1
"Bmpr1a",0.468839480236539,36,-0.349334252228014,2075.9085355935,1
"Bmpr1b",0.615736827275289,13,0.347923303420307,-2320.80231671743,0
"Bmpr2",0.461538461538462,13,0.247927513443586,-2039.73813772072,0
"Bnc2",0.418648743932835,44,-0.507483748043439,2369.50032428398,1
"Bnip3",0.625,12,0.561878887608115,62.2392408675514,1
"Bptf",0.636363636363636,11,0.754887502163469,-168.193390620756,3.90640765171247e-75
"Braf",0.375,18,-0.452512204697507,114.389219728914,1
"Brwd1",0.442460317460317,21,0.134301091711591,31.1162857429929,1
"Btaf1",0.259803921568627,17,-1.15200309344505,-42.8396510307944,2.11616361527804e-20
"Btbd7",0.558796296296296,18,0.821029858954681,20.9572346896143,1
"Btbd9",0.43064182194617,23,-0.479992941119614,-2.75884128296752,0.0188251813214196
"Btg2",0.567184265010352,23,0.53605290024021,21.2174828751249,1
"C3",0.595238095238095,28,0.200298650485831,1915.93091821257,1
"C330020E22Rik",0.362222222222222,15,-1.16227142889888,150.36019529639,1
"Cacna1c",0.634364629504974,36,0.533929381111544,3878.62792337171,1
"Cacna2d1",0.701485800726787,31,1.05889368905357,115.133685424696,1
"Cacnb2",0.607885244184189,53,0.310195133421345,3022.34120784337,1
"Cald1",0.572857142857143,25,0.308122295362332,1959.59965005322,1
"Camk1d",0.628333333333333,10,0.91253715874966,-2181.57101681226,0
"Camk2d",0.447660104445819,42,-0.198904068414078,2347.57071258962,1
"Camkmt",0.409090909090909,11,-0.584962500721156,-2338.5174612576,0
"Canx",0.569444444444444,12,0.0588936890535685,-2106.18466231709,0
"Cap2",0.52265466015466,12,-0.0430687218918859,-2336.94845754123,0
"Capza1",0.383333333333333,10,0.0703893278913981,-4384.25516492349,0
"Cast",0.4375,10,-0.398549376490275,-1880.91503360473,0
"Cblb",0.51468253968254,24,0.243271151012364,47.234870626146,1
"Ccar1",0.620833333333333,20,0.567040592723894,-64.1416494038947,9.73125254385931e-30
"Ccbe1",0.30969696969697,10,-0.719892080807265,-2089.25272061232,0
"Ccdc141",0.521842203548086,25,-0.0288548626721853,194.052624428805,1
"Ccdc171",0.9375,16,4.27301849440642,-2462.38771318781,0
"Ccdc80",0.413888888888889,12,-0.605721060887954,10.0951611742757,1
"Ccdc85a",0.451851851851852,18,-0.222392421336448,-3.81434747588696,0.0057446855505074
"Ccnd3",0.516446208112875,18,0.31315788525963,-22.6335716003764,1.7190914037158e-11
"Ccnl1",0.65,15,0.415037499278844,-101.590168146767,4.22510963528827e-46
"Ccnl2",0.529166666666667,10,-0.0614005446641435,0,1
"Ccnt1",0.458333333333333,14,-0.497499659470817,105.469642336058,1
"Ccnt2",0.3875,20,-0.499571009490512,-92.1719695596546,5.45786887770374e-42
"Ccny",0.515151515151515,22,-0.473931188332412,4.17252204077749,1
"Cd200",0.538461538461538,13,0.383328639551506,-2042.5975648632,0
"Cd2ap",0.745918575508539,43,1.62618516344767,2148.34901399136,1
"Cd36",0.518567641313033,29,-0.134017347971688,-9.8483844350053,9.07546853614072e-06
"Cd47",0.495555555555556,15,-0.253756592245783,-23.2940929447882,8.75867147447335e-12
"Cdc27",0.510714285714286,14,-0.415037499278844,21.8151050886677,1
"Cdc37l1",0.359611992945326,18,-0.321928094887362,33.1298720233317,1
"Cdc42",0.369924812030075,19,-0.600392541290762,15.0019293059618,1
"Cdc42bpa",0.566964285714286,16,0.160464672193246,-21.8489985067504,3.83163733367109e-11
"Cdc42bpb",0.402777777777778,12,-0.131244533278252,78.4785424145339,1
"Cdc73",0.533068783068783,18,0.568283759574526,-44.1746477560635,5.48591410189402e-21
"Cdh11",0.504248366013072,17,0,-1998.03317386964,0
"Cdh13",0.498864464150341,32,0.18286405714981,259.910723185373,1
"Cdh2",0.530189396196105,28,0.308122295362332,3056.50116890001,1
"Cdk12",0.406593406593407,13,-0.283792966000591,29.7642423774248,1
"Cdk13",0.498015873015873,18,-0.0331668639351992,68.4985404076667,1
"Cdk14",0.203624847374847,52,-2.14775362044369,2706.55230167248,1
"Cdk19",0.506410256410256,13,-0.295455883526171,-1921.46715011111,0
"Cdk8",0.479166666666667,16,-0.374395514781498,-5.155013341732,0.00132309369804639
"Cdkal1",0.484343434343434,21,0,-140.27231025497,5.7136587559645e-63
"Cdon",0.297333333333333,25,-1.31194400631474,2161.77648174803,1
"Celf1",0.401960784313726,17,-0.0874628412503395,-97.9867563840105,1.5795932580031e-44
"Celf2",0.494976637186642,68,-0.0666247318874675,3144.73481818315,1
"Cemip2",0.720862470862471,11,1.75002174699165,36.2262476957346,1
"Cep112",0.583333333333333,10,0.523561956057013,-1957.04228554801,0
"Cep85l",0.50448717948718,10,-0.169925001442312,-1991.39794579991,0
"Cers6",0.383333333333333,10,-0.719892080807265,-2035.05380099779,0
"Cert1",0.474509803921569,17,-0.142019004872428,-14.4915749478575,7.30106197406624e-08
"Cfl2",0.533766233766234,11,0.251538766995964,-2004.36391890953,0
"Cflar",0.656944444444444,12,0.736965594166206,-2087.36417256957,0
"Chaserr",0.573245614035088,19,0.192645077942396,-284.487793223854,9.37895630596945e-126
"Chchd3",0.481321619556914,34,0.233672346202451,30.6346874291867,1
"Chd2",0.544945697577277,19,0.334419039070559,-37.9803460045914,2.89368020124644e-18
"Chd4",0.716666666666667,10,0.436099114806673,-2091.14141016186,0
"Chd6",0.413162878787879,16,-0.330148601692331,143.552477115086,1
"Chd9",0.520365142104273,23,-0.210217707390346,19.4355598738075,1
"Chic2",0.333333333333333,10,-1.10691520391651,-1980.19454222643,0
"Chp1",0.35,10,0,-1851.09819492281,0
"Chpt1",0.345454545454545,11,-0.347923303420307,-2064.00677863168,0
"Chrm2",0.294022435897436,16,-1.14809863898913,-2578.52485782478,0
"Ckmt2",0.495435175128096,25,-0.0398010080579752,260.618331682288,1
"Clasp1",0.499451754385965,26,0.222392421336448,139.129228036929,1
"Clasp2",0.490350877192982,19,-0.0374747054186627,-64.6353461913338,5.91723589944487e-30
"Clcn3",0.5,10,-0.0703893278913981,-2136.62045086684,0
"Clic4",0.263037711380849,45,-1.59585081686389,2779.75428330508,1
"Clint1",0.403174603174603,17,-0.84245872301352,94.9348237174477,1
"Clip1",0.585700197238659,26,0.399270183420527,73.6680516487563,1
"Cltc",0.524867724867725,15,0.129283016944967,-287.963348819265,2.88477695158448e-127
"Cmah",0.73030303030303,11,1.32192809488736,-2039.69241553705,0
"Cmip",0.47843137254902,17,0.129283016944967,-57.5312767168539,7.62537693749058e-27
"Cmss1",0.431994047619048,16,-0.547487795302493,-1913.36719454157,0
"Cmya5",0.593609022556391,19,0.628031222613042,121.285752238307,1
"Cnksr3",0.523076923076923,13,0,-1978.45689901224,0
"Cnot2",0.587053571428571,16,-0.0901978089715783,-6.03863351684208,0.000510403617144766
"Cnot4",0.52152380952381,25,0.398549376490275,11.5178773898119,1
"Cobl",0.501587301587302,21,0.14086253583985,-82.902278303176,6.10321792900921e-38
"Cobll1",0.60321856962482,48,0.568660688392056,2191.27199461298,1
"Cog5",0.492877492877493,18,-0.243925582886089,42.4759768049919,1
"Col14a1",0.242424242424242,11,-1.62803122261304,-1872.45891038483,0
"Col3a1",0.408402831059081,24,-0.39391420771309,2681.03828980508,1
"Col4a1",0.633323620823621,20,0.0506260730699679,5.09493794334776,1
"Col4a2",0.600793650793651,14,0.277533975528909,65.1081755396258,1
"Col5a2",0.613151927437642,21,0.514573172829758,214.511822642487,1
"Col8a1",0.737878787878788,11,1.54432051622381,0.907508764695194,1
"Colec12",0.491919191919192,25,0.182203331220749,2198.32097421512,1
"Comt",0.675,12,0.819427754358179,-1895.40342883665,0
"Copa",0.473809523809524,14,0.506959988719883,-210.857808658694,1.03281767006666e-93
"Corin",0.561356094048402,26,0.454175893185802,48.9435483151306,1
"Coro6",0.593888888888889,15,0.215728691055437,80.6844695236969,1
"Cp",0.623174603174603,15,0.704544116473829,82.7697154615157,1
"Cpeb1",0.671794871794872,13,0.604071323668861,-2061.9518862587,0
"Cpeb3",0.521186111556482,27,0,-70.0977151073175,2.41255863919233e-32
"Cpeb4",0.4921802054155,18,-0.128324096975539,-18.9372648495059,7.54437963234324e-10
"Cped1",0.474364745187026,26,-0.310340120612151,-84.291729242525,1.50855341474173e-38
"Cpne8",0.30812324929972,17,-1.33703498727757,-20.6472128431546,1.30941769258789e-10
"Cpq",0.606495048161715,27,0.275634442613427,41.5509313071416,1
"Cradd",0.297368421052632,19,-1.23703919730085,80.8180636072079,1
"Creb1",0.508823529411765,17,0,4.43233770714869,1
"Creb3l2",0.444444444444444,15,0,40.0065341137044,1
"Creb5",0.384970238095238,16,-0.394278939112046,23.3069848059054,1
"Crebbp",0.464481516290727,32,-0.211504105193712,1958.13613831199,1
"Crim1",0.50539961246483,46,0.0618392538178627,2663.7679863636,1
"Crtc3",0.622222222222222,15,0.415037499278844,-106.211794590536,4.06556990726947e-48
"Crybg3",0.542857142857143,10,-0.556393348524385,-3656.45918249283,0
"Csde1",0.52948717948718,13,0.146841388329271,-25.5246806216649,9.00722015051246e-13
"Csgalnact1",0.521825396825397,12,-0.231325546106456,30.3281813222634,1
"Csnk1a1",0.392640692640693,22,-0.57190634789571,-133.280030519268,6.37744128310573e-60
"Csnk1g1",0.55,10,-0.304854581528421,-2573.93212645549,0
"Csnk1g3",0.475,10,0.321928094887362,-2086.24606470016,0
"Cspp1",0.520833333333333,12,-0.415037499278844,-1968.78367819408,0
"Csrp3",0.37992007992008,14,0.0565835283663675,83.5920540750094,1
"Cstf3",0.470439691027926,17,0,-177.054870396113,5.39759155479505e-79
"Ctdspl",0.523511904761905,16,-0.554588851677637,-2043.15201540682,0
"Ctif",0.5,14,0.0565835283663674,-2220.07763132431,0
"Ctnnal1",0.610606060606061,11,0.584962500721156,-1959.66200181918,0
"Ctnnd1",0.628205128205128,13,0.612976876890753,-534.402375991695,1.99105140951503e-234
"Cul1",0.460401002506266,19,-0.255257055242075,-50.8793954726646,6.27112723143416e-24
"Cul3",0.641666666666667,10,0.347923303420307,-2011.47568654605,0
"Cux1",0.472030651340996,29,0.222392421336448,1826.48283958372,1
"Cwc27",0.333333333333333,11,-1.29956028185891,-2615.19891996964,0
"Cwf19l2",0.301282051282051,13,-0.874469117916141,1.11863817430935,1
"Cyb5a",0.666666666666667,12,0.610053481683986,-2366.55452523846,0
"Cyld",0.465277777777778,12,0.398549376490275,-2272.74177318553,0
"Cyrib",0.589285714285714,14,0.362570079384708,-21.8664463293942,3.76392287907625e-11
"Cyth3",0.574761904761905,15,-0.31194400631474,21.7163912225296,1
"D830005E20Rik",0.430979462275168,27,-0.298408735935679,3761.26018986694,1
"Daam1",0.550018674136321,30,0.212544635380101,40.5435972505556,1
"Dach1",0.483928571428571,14,0.454565863465481,-101.914273253256,3.05067465118241e-46
"Dag1",0.5,10,0.120294233717712,-1740.3916364784,0
"Dapk1",0.368948412698413,24,-0.673189683732891,147.711229859976,1
"Dcaf5",0.483333333333333,10,0,-2157.38414336126,0
"Dcaf6",0.486547619047619,20,0.0356239097307212,-20.9205894624911,9.89963802035481e-11
"Dcaf8",0.453571428571429,14,0.0506260730699679,-50.556417877516,8.68900030076601e-24
"Dcbld2",0.369711042311662,17,-0.656045598782639,115.10507463019,1
"Dcn",0.523427330245512,33,0.456064767538899,2355.87294327495,1
"Dcun1d3",0.4,10,-0.943416471633633,-0.683453137369725,0.242344140478224
"Ddx17",0.555555555555556,10,-0.231325546106456,-1510.98609918097,0
"Ddx5",0.598958333333333,16,-0.0473057147783569,-28.6740018999899,3.65133718399945e-14
"Ddx50",0.611111111111111,15,0.321928094887362,-9.84194120952088,9.13687553721994e-06
"Dennd1a",0.578055555555556,30,0.498805856971442,-34.8659491970463,6.79384819264697e-17
"Dennd1b",0.543837535014006,17,-0.0384741478146355,4.90848220461703,1
"Dennd4c",0.490589569160998,21,-0.497499659470817,-64.7221897834111,5.42145642931116e-30
"Dennd5b",0.396997300944669,19,-0.754887502163469,90.9913818054681,1
"Dennd6a",0.557692307692308,13,0.137503523749935,-1754.47645845337,0
"Dip2b",0.378571428571429,15,-0.605721060887954,-342.701234256201,4.46766818973469e-151
"Dip2c",0.553098377873731,41,0.517399216908522,2289.88194013172,1
"Disp1",0.566666666666667,10,0.180572245641821,-3647.52139089722,0
"Dlc1",0.480882728758933,42,0.00698643031610668,2749.64174443099,1
"Dleu2",0.453968253968254,21,0,-441.315891002085,5.85468297327244e-194
"Dlg1",0.621296296296296,18,0.314108590428063,-49.0847630687647,3.84054997535261e-23
"Dmxl1",0.620573870573871,13,0.302562770020432,25.9803996488008,1
"Dnaaf9",0.618055555555556,24,0.514573172829758,1898.24316245747,1
"Dnaja1",0.423611111111111,12,-0.231325546106456,-1985.68727463081,0
"Dnajb6",0.473214285714286,12,-0.15754127698648,-7.10710922823,0.00016313320975189
"Dnajc1",0.432660984848485,40,-0.159478214007196,2075.18148071673,1
"Dnajc3",0.575925925925926,18,0.115477217419936,-16.1232075096457,1.35807429711807e-08
"Dnajc5",0.663636363636364,11,0.770518153877233,64.7400626731101,1
"Dnm1l",0.52037037037037,18,-0.0506260730699679,-806.513028123171,0
"Dnm2",0.433333333333333,10,-0.308122295362332,-1958.67112001105,0
"Dnm3",0.5,10,-0.0780025120012733,-1975.0871246458,0
"Dock1",0.442640692640693,22,-0.0931094043914814,136.015710848414,1
"Dock4",0.542277992277992,37,0.362570079384708,2039.30408372214,1
"Dock5",0.422348484848485,22,-0.362570079384708,-101.350770107062,5.37420977577848e-46
"Dock7",0.525641025641026,13,0.163498732282879,-2063.95659863038,0
"Dock9",0.477170868347339,17,-0.375509135092206,79.5537500513005,1
"Dpf3",0.636111111111111,12,0.563900885193327,40.0411060655883,1
"Dpp4",0.648245614035088,19,0.914270125974116,162.057147479999,1
"Dst",0.543230187125536,43,0.0995356735509145,2255.80784446314,1
"Dusp16",0.393333333333333,15,-0.602664502454615,-308.431485019812,3.59792839106499e-136
"Dync2h1",0.648717948717949,13,0.473931188332412,-2115.71028304611,0
"Dyrk1a",0.481746031746032,24,-0.415037499278844,-132.544372089229,1.33454088665325e-59
"Ebf1",0.504302134646962,29,-0.175086706558091,74.8007551922615,1
"Ecpas",0.425761904761905,25,-0.415037499278844,-96.9599513569271,4.43348901571804e-44
"Eea1",0.402777777777778,18,-0.669851398307669,-529.963595997499,1.69288678665832e-232
"Efemp1",0.492898913951546,33,0.219313028404476,2118.0313629933,1
"Efna5",0.470962721897575,61,-0.166510337029548,3252.08975554581,1
"Egfr",0.450599747474748,24,-0.421463768438277,188.196715822719,1
"Egr1",0.737445887445887,11,1.32192809488736,-0.828533277493534,0.197999857580293
"Ehbp1",0.518913968913969,37,0.238786859587117,2261.18510270526,1
"Ehd4",0.414163614163614,13,-0.485426827170242,-2066.60863363329,0
"Ehmt1",0.475396825396825,21,-0.112474729258413,19.7237602970044,1
"Eif4g3",0.49530612244898,35,-0.0962153152593031,2151.45716821569,1
"Elf1",0.369,25,-0.321928094887362,-27.2247059501631,1.59501425607653e-13
"Elmo1",0.522030651340996,29,-0.192645077942396,-2.62109494707738,0.0220455067192551
"Elp4",0.232222222222222,15,-1.28950661719498,36.4181528408908,1
"Eml4",0.48202614379085,17,-0.203533394085132,56.2002831305483,1
"Eml6",0.484848484848485,11,0.263034405833794,-2385.8360388278,0
"Enah",0.665517455692287,17,1.27130202181739,483.625274559317,1
"Epb41",0.583682983682984,11,-0.494764691749578,-1915.52169659608,0
"Epb41l2",0.6,10,0.716207033999409,-2669.99858337384,0
"Epb41l4a",0.386904761904762,14,0,-2019.84295765688,0
"Epc1",0.646258503401361,21,0.949373926930032,-164.246035949788,2.04747381615579e-73
"Epc2",0.502272727272727,11,-0.295455883526171,-1921.98272760228,0
"Eprs1",0.395833333333333,12,0.15754127698648,44.0097721194252,1
"Eps15",0.666666666666667,11,0.275634442613427,-1982.4920512565,0
"Eps8",0.568181818181818,11,0.383328639551506,33.4770653990636,1
"Erbin",0.497916666666667,16,0.215728691055437,-12.7242305752461,4.54359926743645e-07
"Erc1",0.409821428571429,24,-0.440572591385981,35.4605495662188,1
"Ern1",0.575757575757576,11,0.643856189774725,-1982.44773449201,0
"Errfi1",0.623186761882217,23,0.518873310263384,61.657582438314,1
"Esrrg",0.582626488095238,24,0.197599959885161,204.687154130519,1
"Esyt2",0.433873214907698,29,-0.371968777386958,-13.0204261651327,3.34268871069879e-07
"Etfa",0.501282051282051,13,0.289506617194985,39.2302826648602,1
"Etv6",0.51052470920892,26,0.104969559601543,1827.86486024663,1
"Evi5",0.431818181818182,11,-0.37851162325373,-2052.06819439183,0
"Ewsr1",0.424242424242424,11,-0.20163386116965,-2364.4151267202,0
"Ext1",0.487901427004368,50,-0.0652176594464806,2574.60452598271,1
"Eya3",0.506410256410256,13,0,-172.869638335458,3.58912436653059e-77
"Ezr",0.476344086021505,31,-0.349942471056959,100.410139551595,1
"Fabp4",0.66,10,0.758991900496205,-1941.03822244901,0
"Faf1",0.583560568086884,25,0.186413124230881,75.1911986887503,1
"Fam13b",0.223333333333333,10,-1.05444778402238,-2064.59007385995,0
"Fam168a",0.375,16,-0.192645077942396,147.596666220828,1
"Fam193a",0.438405797101449,23,-0.074000581443777,-34.1003736574689,1.47669771897034e-16
"Far1",0.532051282051282,13,0.241008099503795,2.38768719222026,1
"Fars2",0.568954248366013,17,0.415037499278844,42.138293924057,1
"Fbn1",0.431473214285714,16,-0.406625259462644,235.230907538263,1
"Fbxl17",0.542528965743251,42,0.0946368741380751,2359.48699636081,1
"Fbxl20",0.45952380952381,14,-0.0614005446641435,-2174.67142087264,0
"Fbxl7",0.588847805788982,25,0.216317906926763,91.0460232225064,1
"Fbxo11",0.441269841269841,21,-0.15200309344505,-44.3098256024741,4.78511908916106e-21
"Fbxo32",0.580208333333333,16,0.415037499278844,-14.0419065255051,1.16173481523772e-07
"Fbxw7",0.458333333333333,14,0.0614005446641435,-769.869438908579,0
"Fcho2",0.512037037037037,18,0,-304.141601181859,2.64336406921077e-134
"Fchsd2",0.432142857142857,16,-0.041820175694627,91.7804436066147,1
"Fer",0.516666666666667,21,0,37.7732493660947,1
"Fgd4",0.482142857142857,12,-0.347923303420307,-2126.66494266813,0
"Fgf1",0.708148148148148,15,1.08091999538357,333.840885348068,1
"Fhip1a",0.452564102564103,13,-0.394278939112046,4.31697750922058,1
"Fhl2",0.597523322847097,30,0.554860468931737,4467.37620362198,1
"Fhod3",0.652039256931944,35,0.844880933333094,3135.10646878219,1
"Fign",0.591666666666667,10,0.144389909335175,-2978.22017399333,0
"Filip1",0.496257305733009,25,0.118644496498619,120.423037980342,1
"Fip1l1",0.604166666666667,16,0.428843298803874,-70.2820611946465,2.00380255422165e-32
"Fli1",0.482051282051282,13,0.125530882083859,-1961.30226415642,0
"Flnb",0.491648629148629,26,0.0836579290469095,-0.408721103425705,0.36592906732902
"Flrt2",0.453375503665301,43,0.0744782159592765,2795.45062072764,1
"Flt1",0.563194444444444,12,0.440572591385981,22.417328570074,1
"Fmnl2",0.587620172722829,19,0.172836596862216,-78.526522606528,4.9837798742026e-36
"Fnbp1",0.425,12,-0.584962500721156,-2050.22981858848,0
"Fndc3a",0.56547619047619,20,0.256339753259786,-2.79166472482689,0.0181322195995249
"Fndc3b",0.478030303030303,22,-0.571156701196126,156.246213951595,1
"Fnip1",0.515333333333333,25,0.101879614019214,-43.6994902760889,8.86961966085664e-21
"Fnip2",0.349702380952381,20,-0.84799690655495,21.902985348489,1
"Foxj3",0.533333333333333,10,-0.0641303374197155,-1957.99114027776,0
"Foxn3",0.545995670995671,22,0.211504105193712,-22.3191940359593,2.36999015889918e-11
"Foxo1",0.536111111111111,15,0,75.9586582753343,1
"Foxp1",0.461111111111111,13,-0.356143810225275,61.6309862765388,1
"Fras1",0.583333333333333,15,0.443606651475615,-2529.05286964112,0
"Frmd4b",0.539965728715729,40,0.590609063862298,2495.86790814896,1
"Fry",0.447398353280706,28,-0.565597175854225,152.582943574114,1
"Fryl",0.493939393939394,11,-0.280107919192735,-2121.83203135004,0
"Fsd1l",0.586054421768707,14,0.302562770020432,60.1847412969337,1
"Fto",0.514705882352941,34,0.251538766995964,83.7603664026815,1
"Fubp1",0.44375,20,-0.118644496498619,-4.49044384900048,0.00272818077598931
"Fus",0.560818713450292,19,0.415037499278844,0.6284465758431,1
"Fut8",0.583333333333333,19,0.0824621601919728,47.968840810656,1
"Fxr1",0.513875598086124,19,0.263034405833794,101.205204379576,1
"Fyn",0.624444444444444,15,0.6463630453853,-17.2954869149689,4.06788159646781e-09
"Gab1",0.489484126984127,24,-0.4623432140572,2139.86993979299,1
"Gab2",0.517450352677625,44,0.116514008726425,2173.25759172446,1
"Gak",0.336666666666667,10,-0.823122237915921,-1537.6372669831,0
"Galnt1",0.41025641025641,13,-0.754887502163469,-2946.13406741582,0
"Garem1",0.589365079365079,10,0.839535327806754,-2150.96854738962,0
"Garre1",0.453968253968254,15,-0.584962500721156,39.5776622775113,1
"Gata6os",0.697619047619048,14,0.761840262805235,8.40354412592228,1
"Gbe1",0.631002331002331,13,0.722466024471091,53.8918041245029,1
"Gbf1",0.444444444444444,21,-0.203533394085132,-119.698369460468,5.32407349759121e-54
"Gcnt1",0.0227272727272727,11,-2.87446911791614,-2624.13625281353,0
"Gcnt2",0.433333333333333,10,0.222392421336448,-3534.28296033134,0
"Gda",0.630208333333333,16,0.647698256069119,-297.537645365447,1.97228553088651e-131
"Ghr",0.492575600727775,46,0.0389941316158635,2340.31393577176,1
"Gigyf2",0.675,10,0.736965594166206,-1.1945216622255,0.122188383848433
"Gja1",0.681111111111111,15,1.15200309344505,-1928.00898126222,0
"Gli2",0.397435897435897,13,-0.452512204697507,-3612.92393632698,0
"Glis3",0.328787878787879,11,-1.11547721741994,-1928.78862243499,0
"Gls",0.513095238095238,28,0.0715532610250339,2045.31130830623,1
"Glud1",0.659722222222222,12,1.08746284125034,-41.3032014752673,1.00132180739476e-19
"Glul",0.583333333333333,10,0.719892080807265,-2098.08499542671,0
"Gm12295",0.625,12,0.951090399519053,-1888.90983496272,0
"Gm12353",0.634615384615385,13,0.584962500721156,-2052.87373700997,0
"Gm13481",0.98,10,5.49185309632967,-4018.27239729313,0
"Gm20619",0.50040404040404,20,0.238786859587117,7.32708906191556,1
"Gm20732",0.491589690502734,23,0.15754127698648,9.70982865971791,1
"Gm24474",0.958333333333333,12,5.12928301694497,-2652.29265943167,0
"Gm26862",0.318916202844774,14,-1.41503749927884,-335.601991192144,5.46732968661778e-148
"Gm29266",0.698484848484848,11,0.514573172829758,-2101.30223493822,0
"Gm30382",0.80952380952381,13,2.40209844357135,-25.4023966577656,1.0202425052997e-12
"Gm35330",0.766895141895142,18,2.0703893278914,-65.3181253118355,2.97401874467648e-30
"Gm37376",0.464003673094582,22,-0.321928094887362,-118.013871111465,2.88977881588388e-53
"Gm43361",0.6,10,1.05889368905357,-2036.34905851954,0
"Gm56730",1,45,Inf,6006.63461075816,1
"Gmds",0.453921568627451,17,0,7.03035522698315,1
"Gnaq",0.448681139122316,34,-0.245756414401958,2078.13743366817,1
"Gnb1",0.588452380952381,20,0.20945336562895,-33.6367379535286,2.36339737712165e-16
"Gng12",0.586666666666667,10,0.15200309344505,-2049.06559282063,0
"Golga4",0.470289855072464,23,-0.543142325026529,29.6706853937385,1
"Gpatch2",0.645833333333333,10,0.347923303420307,-1909.50507632821,0
"Gpatch8",0.574919871794872,16,0.12199052437861,-1838.72845574913,0
"Gpbp1",0.681818181818182,11,0.106915203916512,-1991.08196656467,0
"Gpcpd1",0.45160559899337,38,0.0470485728044314,2831.15680658561,1
"Gphn",0.539160139466137,43,0.150559676575381,2048.08054535433,1
"Gpm6a",0.430662987197514,55,-0.382719779006116,2618.59749408177,1
"Gpr39",0.418055555555556,24,-0.46948528330122,-42.7381504919276,2.34495264859221e-20
"Grb10",0.121666666666667,20,-2.75002174699165,422.62268590409,1
"Grip1",0.483333333333333,28,0,4.0212174556334,1
"Grk5",0.721219256933543,21,0.976541027176011,14.6031944647543,1
"Grm1",1,21,Inf,146.683087939397,1
"Gtf2f2",0.525641025641026,13,-0.0824621601919728,-269.872908504731,2.14155634617375e-119
"Gucy1a2",0.22051282051282,13,-1.86249647625007,-1890.66352832683,0
"Gulp1",0.589285714285714,21,0.770518153877233,8.59593873934364,1
"H13",0.303030303030303,11,-0.691877704637668,-1613.6801200342,0
"Hadhb",0.454545454545455,11,-0.53051471669878,-2032.66787309291,0
"Hand2os1",0.455448717948718,28,0.0285691521967708,34.3217611768966,1
"Hapstr1",0.458333333333333,16,-0.299560281858908,-114.993406245917,6.00093000158005e-52
"Has1",0.485978835978836,18,0.285402218862248,1.21223695867411,1
"Hdac4",0.427453102453102,14,-0.247927513443586,84.5806423684364,1
"Hdac9",0.752005012531328,19,1.53343220008107,139.162304661343,1
"Heatr5a",0.403114478114478,18,-0.736965594166206,72.9293521191776,1
"Hectd1",0.623271889400922,31,0.397335497545385,-54.6068538370303,1.45699076050141e-25
"Hecw2",0.21969696969697,11,-1.39854937649027,-1866.6910774514,0
"Heg1",0.510469013390469,54,0.0129973405288732,2565.15083876906,1
"Helz",0.331818181818182,11,-0.752072486556414,-1966.07434221742,0
"Herc1",0.459259259259259,18,0.321928094887362,-12.0227512218596,9.40857685032018e-07
"Herc2",0.500925925925926,18,0.0901978089715783,-83.0859887336567,5.07340359906922e-38
"Herc4",0.435416666666667,16,-0.46394709975979,-24.6155092574695,2.27524332234865e-12
"Herc6",0.374242424242424,11,-0.430634354329863,-66.7773879863744,6.8370091033236e-31
"Hibadh",0.568888888888889,15,0.0524674198941355,-1983.57218372247,0
"Hip1",0.648148148148148,18,1.28010791919274,-207.360697976353,3.43885598883618e-92
"Hipk2",0.391666666666667,10,-0.321928094887362,-2172.02803433591,0
"Hipk3",0.593137254901961,17,0.652076696579693,-30.9812477305147,3.50061409198578e-15
"Hivep2",0.585622088253667,37,0.58953523051098,41.9915742339504,1
"Hmbox1",0.608333333333333,10,0.700439718141092,-2229.86445774163,0
"Hmcn1",0.580854838709677,25,0.206450877467427,-23.1886337912579,9.75406051076281e-12
"Hmg20a",0.6125,10,0.415037499278844,-1970.911334738,0
"Hnrnpa2b1",0.553882575757576,16,0.241008099503795,92.3083144727411,1
"Hnrnpc",0.523148148148148,18,0.247927513443586,-35.7570451417257,2.75285259926123e-17
"Hnrnph1",0.596296296296296,18,0.534336427651188,-37.2640932145846,5.9778651995215e-18
"Hnrnpl",0.483333333333333,10,0.234465253637023,-2153.41113982015,0
"Homer1",0.345283400809717,20,-0.723482364802584,-79.414064261402,2.04029915736057e-36
"Hpgd",0.85,10,3.16992500144231,-2255.90264195198,0
"Hs2st1",0.430555555555556,12,-0.347923303420307,-2465.84607008427,0
"Hs3st5",0.406845238095238,16,-0.192645077942396,-2236.50757352209,0
"Hsp90b1",0.368421052631579,19,-0.321928094887362,-88.0569661771185,3.41945409110131e-40
"Hspa4",0.468181818181818,11,-0.176877762084079,-1974.1041982543,0
"Hspa4l",0.709722222222222,12,1.20645087746743,-104.546315835812,2.16685499820249e-47
"Hspa5",0.610622710622711,13,0.103093492964103,37.6809186996165,1
"Hspg2",0.375457875457875,13,-0.53605290024021,-19.2839968494534,5.28790024894019e-10
"Hycc1",0.526041666666667,16,-0.197939377611909,31.1410924603774,1
"Ibtk",0.291666666666667,12,-0.637429920615292,-2119.5977245743,0
"Idh3b",0.555555555555556,12,-0.0544477840223765,-2062.16150636404,0
"Ifrd1",0.584738428238428,25,0.046293652273935,81.6659918278974,1
"Igf1r",0.498531254607106,38,-0.145197915539936,2182.99462343882,1
"Igf2bp2",0.593162393162393,13,0.584962500721156,-2036.83271944222,0
"Igfbp5",0.437880843511805,47,-0.437267446662309,2801.83275303976,1
"Igfbp6",0.708134920634921,24,1.28688114778816,2153.8959029902,1
"Igfbp7",0.442857142857143,21,-0.289506617194985,61.0478733438631,1
"Ikzf2",0.366666666666667,10,-0.447458976971221,-2228.3331779631,0
"Il16",0.44047619047619,14,-0.253756592245783,28.8874147934814,1
"Il18r1",0.469507575757576,16,-1,51.1999102745676,1
"Il1r1",0.670833333333333,12,0.584962500721156,-2153.35646780508,0
"Il33",0.696969696969697,11,0.125530882083859,-1800.32001434655,0
"Il6st",0.527210884353742,21,0.162271428898877,-48.1654356506203,9.72025034019039e-23
"Ino80",0.522451790633609,11,-0.203533394085132,53.7870693092036,1
"Inpp5a",0.643518518518518,18,0.656045598782639,93.4679596327269,1
"Insr",0.531910235358511,29,0.296393002780225,2008.6547742289,1
"Ints6",0.5,11,0.308122295362332,-136.213308819357,3.3577403599527e-61
"Ipo7",0.222222222222222,12,-1.54748779530249,0.698336678449095,1
"Iqgap1",0.316849816849817,13,-0.125530882083859,-1910.28277929692,0
"Irf2",0.358516483516484,26,-0.678071905112638,47.2003701501817,1
"Irs1",0.597222222222222,12,1.27008916336774,-2095.71509025103,0
"Itfg1",0.653846153846154,13,1.29956028185891,-119.193508684773,8.8391922212644e-54
"Itga9",0.457884972170686,14,0.234465253637023,-2075.5929195393,0
"Itpr1",0.458053221288515,34,-0.095577659982231,2070.02047977086,1
"Itpr2",0.320998677248677,36,-1.39592867633114,2098.13974136544,1
"Itsn2",0.587606837606838,13,1.08246216019197,-1924.6411193525,0
"Ivns1abp",0.437534435261708,22,-0.165059246270496,92.2223519904351,1
"Jak1",0.618181818181818,11,0.893084796083488,-2200.84863905929,0
"Jak2",0.642857142857143,14,0.917537839808027,-3387.81334792847,0
"Jarid2",0.505029284441049,17,0.101879614019214,874.283157413557,1
"Jmjd1c",0.541490299823633,27,0.35954238668714,12.8407610662748,1
"Jph2",0.41002886002886,22,-0.383328639551506,78.6770590386959,1
"Kank1",0.4890625,32,0.0497530351970996,2005.97619400397,1
"Kansl1",0.49549168779938,39,-0.0984037040609947,2116.2237931826,1
"Kansl1l",0.406785714285714,20,-0.447458976971221,48.0089411935282,1
"Kat2b",0.471428571428571,10,0.275634442613427,-2116.18488850349,0
"Kat6a",0.6625,10,0.184424571137427,-1874.95686112778,0
"Kat6b",0.582839262187088,23,-0.0259952085329446,97.3962850706666,1
"Kbtbd12",0.608333333333333,10,0.222392421336448,-1574.89552210624,0
"Kcnd2",0.884672396597286,47,1.96193195916648,3439.45961840236,1
"Kcnd3",0.4375,10,-0.628031222613042,-2021.02699621278,0
"Kcng2",0.461288711288711,13,-0.156119201917282,7.4644558579248,1
"Kcnj3",0.576785714285714,14,0.678071905112638,-2861.20895385068,0
"Kcnn2",0.403453689167975,14,-0.767826557870966,199.067291104736,1
"Kcnq1ot1",0.876495726495726,39,2.46428101829869,3335.97032923403,1
"Kcnq5",0.286507936507936,17,-1.6828098241193,17.9312961940268,1
"Kcnt2",0.421542669217088,43,-0.456857674973471,2305.64297992067,1
"Kdm1a",0.45,10,-0.440572591385981,-2376.05823932778,0
"Kdm2a",0.431818181818182,11,0,-4075.00945667425,0
"Kdm3b",0.641025641025641,13,0.0565835283663674,237.583674913134,1
"Kdm4c",0.363425925925926,18,-0.569365645670137,-11.4741150153493,1.66423371769903e-06
"Kdm5a",0.580952380952381,12,0.415037499278844,-1698.01061680713,0
"Kdm7a",0.245,10,-1.85798099512757,-1765.82340821551,0
"Khdrbs3",0.696666666666667,10,1.16992500144231,-1920.20803987993,0
"Kidins220",0.595555040197897,28,0.520832163301441,2031.77473034015,1
"Kif13a",0.538829857011675,33,0.39231742277876,61.7593094042077,1
"Kif13b",0.368518518518519,12,-0.520832163301441,-1730.5441240524,0
"Kif16b",0.377310924369748,17,0.0759488532332983,40.2086829990089,1
"Kif1b",0.464285714285714,29,-0.584962500721156,2277.19457251874,1
"Kif21a",0.306666666666667,10,-0.716207033999409,-1914.51007298571,0
"Kif5b",0.529702380952381,20,-0.0339473319233375,98.6930273091132,1
"Kiz",0.766815476190476,16,2.32192809488736,364.93047901692,1
"Klf12",0.491298185941043,35,-0.128324096975539,2219.3865512288,1
"Klf13",0.4375,14,-0.0489096004809464,-24.7653322328215,1.95295185329943e-12
"Klf6",0.386363636363636,11,-0.436099114806673,-2016.34586893763,0
"Kmt2a",0.443333333333333,10,0.520832163301441,-2151.50829429232,0
"Kmt2c",0.394307081807082,26,0.0238467419543679,2106.95440465235,1
"Kmt2e",0.538666666666667,25,0.197036847059554,-269.55501734305,2.94471234820887e-119
"Kpna4",0.53030303030303,11,0.115477217419936,-1965.71080178325,0
"Kremen1",0.483333333333333,10,0.0703893278913981,-1918.84320536662,0
"Krit1",0.603439153439153,18,0.768674453893544,41.8338450420022,1
"Ktn1",0.560728458049887,28,0.164386817900882,1770.55664471137,1
"Lama2",0.362746038971801,38,-0.812498225333564,3205.6908500249,1
"Lamc1",0.493333333333333,20,-0.0554951125917036,195.470650674377,1
"Larp4b",0.445833333333333,12,-0.476438043942987,-1973.68408788837,0
"Lats2",0.594494047619048,16,0.402098443571346,93.3001637235297,1
"Ldb3",0.510761511795995,27,0.043068721891886,230.812020316368,1
"Ldlrad4",0.515740740740741,36,0.0687127500840143,2118.96875040212,1
"Lhfpl6",0.462328440147989,35,-0.177396250873448,2436.75784431268,1
"Limch1",0.455309619964792,37,-0.367975462406799,2632.61299748264,1
"Limd1",0.446969696969697,11,0,-2031.97456902793,0
"Lims1",0.525331564986737,29,-0.0450878895285381,2081.84722106172,1
"Lin52",0.473214285714286,16,-0.0874628412503395,50.8951340820311,1
"Lmbr1",0.635416666666667,16,0.334419039070559,-22.6967396058201,1.61170078144138e-11
"Lmo7",0.528567249301113,39,0.18152013992092,2573.51690382684,1
"Lmod2",0.544100928311455,19,0.509013647487858,111.274190728345,1
"Lncpint",0.46433218216523,57,-0.341919570074828,2618.61897050914,1
"Lnpep",0.530234315948602,21,0.432959407276106,-30.0721691000758,8.81500966328034e-15
"Lnx2",0.875,10,1.34792330342031,-2242.27087671272,0
"Lonp2",0.502631578947368,19,0.255257055242075,-27.1080433191555,1.79610401832003e-13
"Loxl1",0.319444444444444,12,-0.612976876890753,-2046.75185655168,0
"Lpin1",0.384920634920635,17,-0.345135486048687,62.1456414970494,1
"Lpl",0.560089263677499,25,0.0131753887477333,108.5961001848,1
"Lpp",0.446547172060313,47,-0.327574658028504,1991.65856171423,1
"Lrba",0.363768115942029,23,-0.432959407276106,-210.085034112789,2.24093326415914e-93
"Lrch1",0.716991341991342,22,1.47643804394299,-21.0878392589252,8.3431203453812e-11
"Lrch3",0.424074074074074,15,-0.15754127698648,-1570.2113097299,0
"Lrp6",0.501984126984127,21,0,-1.7156222634444,0.0639738756704547
"Lrrc1",0.484166666666667,20,0.238159737194765,-76.3788214230774,4.32752884910482e-35
"Lrrc2",0.607478281167539,23,0.543621705340257,32.5320612522828,1
"Lrrfip1",0.568434343434343,19,0.442518235700951,113.555458891082,1
"Lrrfip2",0.458462332301342,19,-0.436099114806673,42.9425027696507,1
"Lrrk1",0.541666666666667,12,1.23703919730085,-1912.7631443482,0
"Lsm14a",0.53030303030303,11,0.584962500721156,-1501.13311242047,0
"Ltbp1",0.448484848484848,11,-0.432959407276106,-2057.53184341617,0
"Ltbp4",0.606060606060606,11,0.37851162325373,-2156.96327268972,0
"Luc7l2",0.45550971019721,48,-0.247310053540778,2269.24253660378,1
"Luzp1",0.625757575757576,11,0.60768257722124,2.20997447640229,1
"Macf1",0.589880952380952,16,0.229481846122767,-90.1802236793158,4.04315565832422e-41
"Magi1",0.438617448962277,45,-0.646363045385299,2444.99327598625,1
"Malat1",0.503604562013504,69,-0.0786185295849506,7730.06189541504,1
"Malt1",0.211538461538462,13,-1.55639334852439,102.660059920254,1
"Maml3",0.528822055137845,19,0.0395283641866376,71.9245118876165,1
"Man1a",0.34871916971917,50,-0.977973693670001,2503.33323532534,1
"Man1a2",0.552777777777778,12,0.584962500721156,-55.1866549323649,8.11706301874366e-26
"Man2a1",0.629565187898521,27,1.17449773123214,1823.86480093743,1
"Map2k4",0.658333333333333,10,0.321928094887362,-2095.41591319652,0
"Map2k5",0.491111111111111,15,-0.331205908475373,47.606923284578,1
"Map3k20",0.398888888888889,15,-0.174029399775049,-23.0082475687118,1.17261505111209e-11
"Map3k3",0.446428571428571,14,-0.169925001442312,-36.0086806156139,2.133123589313e-17
"Map4",0.587179487179487,13,0.299560281858908,-2010.54444945666,0
"Map4k3",0.456410256410256,13,-0.502500340529183,-11.8331426677178,1.1457222799085e-06
"Map4k4",0.542105263157895,19,0.341036917835067,-6.75784655676921,0.000236576737935477
"Mapk4",0.25,11,-0.796466605914868,-2101.16818921796,0
"Mapk8ip3",0.398333333333333,10,-0.770518153877233,-1974.86341925948,0
"Mapkapk3",0.388888888888889,12,-0.125530882083859,-1974.01759887242,0
"Mapt",0.544191919191919,12,0.0588936890535685,-2013.31200868013,0
"Marchf3",0.56647619047619,25,0.137503523749935,95.3619857644708,1
"Marchf6",0.488095238095238,14,0,-19.9604410413619,2.64460701245795e-10
"Mark3",0.437878787878788,11,-0.383328639551506,-1968.02497763301,0
"Mast2",0.49810269561524,29,-0.0192362188629174,-111.038437333219,3.18693875006017e-50
"Mast4",0.67058149340213,61,0.991011216772745,2684.32111990849,1
"Mat2a",0.559722222222222,12,0.807354922057604,-1980.27635563152,0
"Matr3",0.6,10,0.163498732282879,-1962.17685249677,0
"Mb",0.482517482517482,13,-0.403355694231208,-103.195260232685,8.42138987200593e-47
"Mb21d2",0.51,10,0,-4453.71744589896,0
"Mbnl2",0.567966365074111,53,0.295455883526171,2390.35282922158,1
"Mcc",0.355165289256198,22,-0.719892080807265,1987.70194832481,1
"Mctp1",0.152883748196248,32,-1.8073549220576,2214.90151120019,1
"Mctp2",0.215277777777778,12,-0.584962500721156,-1781.0621875698,0
"Mcu",0.372405372405372,21,-0.79054663437105,81.4916453628216,1
"Mdh1",0.413053613053613,13,-0.175086706558091,-2139.50202052905,0
"Mdm4",0.359848484848485,22,-0.618909832644494,-13.4558857480786,2.12957875113026e-07
"Me3",0.609722222222222,12,0.791413378188583,43.7611182017417,1
"Med13",0.565546218487395,17,0.0759488532332983,22.6124533242939,1
"Med13l",0.375490196078431,17,-0.436099114806673,60.5037723388541,1
"Med27",0.583333333333333,11,0.131244533278252,-2160.57186009252,0
"Medag",0.345502645502645,18,-0.569365645670137,93.3548470182086,1
"Mef2a",0.55952380952381,14,0.736965594166206,52.7574111448339,1
"Mef2c",0.29,10,-1.14684138832927,-2024.96570736634,0
"Meis1",0.376041666666667,16,-0.696607856550065,48.2545889144176,1
"Meis2",0.527040816326531,42,-0.211504105193712,2119.18793909164,1
"Memo1",0.515151515151515,11,0,-2301.65687753677,0
"Mfap5",0.295316804407714,11,-1.47804729680464,-2280.88232245273,0
"Mfn1",0.4425,10,0.15200309344505,-2086.65431359009,0
"Mgat5",0.4578125,16,-0.228268987673117,89.5079926758144,1
"Mgp",0.555129069602754,37,0.165737204478879,2463.86514915443,1
"Mhrt",0.519102238949793,27,-0.0447383147652844,189.789286229817,1
"Mia2",0.481172839506173,27,-0.0297473433940522,1942.99645525322,1
"Mib1",0.446212121212121,22,-0.275634442613427,30.9314379912082,1
"Mical2",0.592899408284024,26,0.310340120612151,-8.56274141792414,3.4989679843706e-05
"Mical3",0.523469387755102,14,0,41.5288383018892,1
"Micu1",0.576388888888889,12,0.337034987277571,125.747262242834,1
"Mindy3",0.55,10,0.784271308944563,-1897.504826183,0
"Mir100hg",0.507407407407407,12,0.084888897586513,95.8200191283013,1
"Mir133a-1hg",0.528200371057514,21,0,176.054721732735,1
"Mir99ahg",0.437232271500006,60,-0.308122295362332,2544.03250701444,1
"Mitf",0.429394667223615,24,-0.100928908850781,-43.1492037139915,1.54733091906619e-20
"Mkln1",0.505555555555556,20,-0.115477217419936,-30.6226027190273,5.03911265783561e-15
"Mlip",0.418913866268055,26,-0.405759685690833,86.6868053904418,1
"Mllt10",0.49335963182117,39,0.0181473467102595,2042.22171506983,1
"Mllt3",0.482738095238095,10,0.0565835283663674,-2123.62238903675,0
"Mnat1",0.621212121212121,11,0.60768257722124,-1922.10727267805,0
"Mon2",0.538095238095238,16,-0.241008099503795,-72.8566036883356,1.49981834317621e-33
"Mpc1",0.294444444444444,15,-1.47393118833241,-238.939120800017,6.18636681242226e-106
"Mpdz",0.417293233082707,19,-0.32930762525296,87.3910692944432,1
"Mpp7",0.618421052631579,19,0.970853654340484,111.18388877275,1
"Mprip",0.416666666666667,17,-0.341036917835067,-10.6928525577248,3.75560893498746e-06
"Mrps6",0.331617647058824,12,-0.237039197300849,110.828326075219,1
"Mrtfa",0.431818181818182,11,-0.465663572348812,-1999.2215495824,0
"Msantd2",0.55,10,0.523561956057013,-2365.74655084107,0
"Msi2",0.58669604904899,40,0.439699553513113,2078.24178366162,1
"Msra",0.491666666666667,10,-0.459431618637297,-2170.43496363526,0
"Msrb3",0.552924711908378,29,0.0560340349143279,45.5534443934048,1
"Mtmr3",0.616681318681319,25,0.604862058158861,113.423788051999,1
"Mtss1",0.424444444444444,15,-0.896906507035897,-16.990475687187,5.56542716535016e-09
"Mtus1",0.459259259259259,18,-0.169925001442312,0.712263886945948,1
"Muc16",0.44610103398192,57,-0.346277956303111,2635.65436552303,1
"Mybpc3",0.573692810457516,17,0.450661409009565,56.4555121862959,1
"Mycbp2",0.450091575091575,26,-0.415037499278844,36.6737073845616,1
"Myh6",0.548266627678344,32,0.513727595952437,4377.13354356578,1
"Myh7",0.500132625994695,13,0.289506617194985,-2148.46465303507,0
"Myh7b",0.583730158730159,15,0.756728848987636,89.8262860579516,1
"Myl12a",0.575757575757576,11,0.280107919192735,-2082.71694932784,0
"Myl2",0.707083333333333,20,1.23878685958712,0.884336614597032,1
"Myl3",0.667857142857143,12,0.925999418556223,-2168.6170414524,0
"Mylk3",0.56052036199095,13,0.14086253583985,-2171.81348953882,0
"Myo18b",0.614718614718615,12,0.509013647487858,-1949.12648367087,0
"Myo1d",0.572008247743542,42,0.497499659470817,2181.38796828084,1
"Myo1e",0.566666666666667,10,0.106915203916512,-3550.65863739246,0
"Myo5b",0.417478632478632,30,-0.373043410614217,16.1119489908783,1
"Myo6",0.454444444444444,15,-0.691877704637668,-2032.48510500911,0
"Myo9a",0.521212121212121,11,-0.0588936890535685,-1942.96551679846,0
"Myocd",0.431474672091665,24,-0.40109830832097,223.407449305575,1
"Myof",0.305208333333333,16,-1.03747470541866,35.9981882140312,1
"Myom1",0.457811194292676,27,-0.0703893278913981,156.371239078359,1
"Myom2",0.683333333333333,14,0.637429920615292,-2151.01921057701,0
"Myoz2",0.432830994350602,18,-0.669851398307669,138.220753618935,1
"Mypn",0.459713607626493,19,-0.184424571137427,206.696953035062,1
"Myzap",0.364041212410778,22,-0.577766999316952,135.043180274497,1
"N4bp2l2",0.440972222222222,16,-0.367731784500487,-10.9532968811982,2.86248669000696e-06
"Naa16",0.487967914438503,17,-0.321928094887363,24.973697734139,1
"Naca",0.526666666666667,10,0.234465253637023,-1564.53679463858,0
"Nampt",0.461706349206349,12,0.184424571137427,-1984.58440964098,0
"Nav1",0.49,10,-0.0671141958585368,-2098.77670567145,0
"Nav2",0.45171130952381,32,-0.394859617341213,19.8712017826115,1
"Nbea",0.488662131519274,21,-0.0759488532332983,14.0193730776712,1
"Nbeal1",0.515157173980703,36,0.222392421336448,2094.96657047967,1
"Nceh1",0.439393939393939,11,0,-4069.38241804023,0
"Nck1",0.243055555555556,12,-1,-1894.23889949723,0
"Nckap1",0.408333333333333,10,0.0588936890535685,-2059.29549533174,0
"Ncoa2",0.432818930041152,27,-0.406625259462644,-92.7536430660402,3.04126202639716e-42
"Ncor1",0.462179487179487,26,0.0534392589614605,70.4193202105066,1
"Ndfip1",0.486363636363636,22,-0.216811389073148,-27.5708282214114,1.12148719521758e-13
"Ndufs4",0.510367063492064,16,-0.174029399775049,123.853407964147,1
"Neat1",0.588616887784158,59,0.491282522843539,2577.87473294953,1
"Nebl",0.376468253968254,10,-0.321928094887362,-2297.22944364303,0
"Nedd4",0.53687052216464,37,0.146220740851044,2034.59179244452,1
"Nedd4l",0.43608776844071,17,-0.0759488532332983,88.8878540792439,1
"Nek1",0.566666666666667,10,0.283792966000591,-2076.17585208936,0
"Nek7",0.63235294117647,17,0.772589503896927,-1878.50375280665,0
"Neo1",0.609208683473389,34,0.736965594166206,2086.59392013177,1
"Nexn",0.494871794871795,16,-0.206450877467427,-86.6438131754876,1.41630012558756e-39
"Nf1",0.538383838383838,33,0.237039197300849,12.6530897065622,1
"Nf2",0.61038961038961,11,0.473931188332412,-1966.04331553363,0
"Nfat5",0.641269841269841,27,0.572578776265324,-25.431547890299,9.90382816800125e-13
"Nfe2l2",0.673249299719888,17,0.888968687611256,-18.4528929601734,1.23977488238831e-09
"Nfia",0.480633165568254,59,0,2615.98315501121,1
"Nfib",0.532972389367738,43,0.212050477114989,2410.53120725556,1
"Nfkb1",0.435945767195767,24,-0.196397212803503,82.359376447233,1
"Nfkbiz",0.456111111111111,15,0.0458036896131246,130.912630504462,1
"Nfyc",0.584615384615385,13,0.685891409571937,-1941.37923911937,0
"Ngly1",0.35,10,-0.321928094887362,-3504.15479021422,0
"Nhlrc2",0.492063492063492,12,-0.0506260730699679,-2098.94204511507,0
"Nhsl1",0.526388888888889,24,0.165059246270496,2030.95467522516,1
"Nipbl",0.403877551020408,35,-0.255257055242075,-13.0787274437596,3.14679873070368e-07
"Nipsnap2",0.48452380952381,12,-0.163498732282879,-1989.32444212088,0
"Nktr",0.576612903225806,31,0.13245029602365,-17.0839516975143,5.05559662899124e-09
"Nlk",0.424355158730159,16,-0.137503523749935,-0.14618821620752,0.588701665805743
"Nnt",0.511904761904762,14,-0.118644496498619,-2323.51552262507,0
"Nos1ap",0.481071428571429,20,-0.0780025120012732,26.0501311006567,1
"Npas3",0.476904761904762,30,-0.127379306476227,24.271117119205,1
"Npepps",0.52280701754386,19,0.241008099503795,35.2745084623364,1
"Npr3",0.431884057971015,23,-0.29218075149331,2131.68045804009,1
"Nptn",0.541666666666667,14,0.402098443571346,-36.1236363620742,1.89852896205195e-17
"Nr1d2",0.544117647058823,17,0.084888897586513,-29.3405164428148,1.85420378717765e-14
"Nr3c1",0.603053830227743,23,0.765534746362977,2023.65932178923,1
"Nr3c2",0.330826700181539,31,-0.680540160703387,2350.88107163654,1
"Nr6a1",0.488888888888889,33,0,-25.6414091144388,7.99725343527949e-13
"Nrap",0.579336734693878,14,0.243925582886089,74.060229952815,1
"Nrdc",0.318181818181818,11,-0.443606651475615,-1803.43259643594,0
"Nrip1",0.388302277432712,23,-0.886343218204433,25.5321504668525,1
"Nrp1",0.460526315789474,19,0.156119201917282,21.6090244862289,1
"Nsd1",0.427048260381594,27,-0.440572591385981,-34.5652202836293,9.21618486037246e-17
"Nsd3",0.433333333333333,12,-0.53605290024021,-207.93114564041,1.94123451756427e-92
"Nsmaf",0.673611111111111,12,0.793549122532573,-126.794803381167,4.28444793889446e-57
"Nsmce2",0.576834130781499,19,0.630766190334281,89.9242412292526,1
"Nt5dc1",0.23974358974359,13,-1.55458885167764,452.479747721287,1
"Ntn1",0.372710622710623,13,-0.520832163301441,80.9419607709074,1
"Nufip2",0.76547619047619,14,1,-0.239893572198753,0.488518747279105
"Numb",0.402380952380952,26,-0.370368449945116,1654.89866828647,1
"Nup98",0.520061728395062,18,0.53051471669878,-59.057374027899,1.63641786502681e-27
"Nxn",0.251515151515152,11,-1.37851162325373,49.6446333002582,1
"Obscn",0.495135023706452,21,0.0995356735509143,69.3254371890516,1
"Oga",0.67948717948718,13,0.53605290024021,149.197472680961,1
"Ogdh",0.397408598856209,32,-0.496937752923932,167.662772053702,1
"Osbpl9",0.539044289044289,26,-0.200298650485831,-11.2389834353671,2.12567877036036e-06
"Osmr",0.512820512820513,13,0.0588936890535685,-92.2326306343116,5.13495891191055e-42
"Oxct1",0.496257908757909,26,0.459431618637297,-134.2631531104,2.37737442310718e-60
"P4ha1",0.47413708086785,26,0.0794344674944051,-37.1630033987733,6.62252890593864e-18
"Pafah1b1",0.58317384370016,38,0.289506617194985,2090.78430703171,1
"Pakap",0.57130258453988,52,0.647698256069119,2253.37856540462,1
"Palld",0.514958164192757,29,-0.168200320972852,2893.20894405819,1
"Palmd",0.632293233082707,20,0.584962500721156,16.0214447291878,1
"Pals1",0.465686274509804,17,-0.12199052437861,54.6359095125595,1
"Pals2",0.869565217391304,23,3.18762700317577,576.533232898301,1
"Pam",0.50580831659263,27,-0.0155968550510185,124.229195944443,1
"Pan3",0.399308755760369,31,-0.641546029087524,1796.46673845082,1
"Papola",0.716666666666667,10,0.540568381362703,-2003.9250013559,0
"Pard3",0.535813492063492,28,0,42.1408213170994,1
"Parp4",0.439393939393939,11,-0.241008099503795,-2309.70124889016,0
"Parp8",0.670535714285714,12,0.0780025120012732,-2128.32791498632,0
"Parva",0.437373737373737,22,-0.155278225477911,79.2281943994269,1
"Pawr",0.720238095238095,14,0.724365557386573,-1923.73749719296,0
"Paxbp1",0.552450980392157,17,0.671377252538629,-30.5172364461837,5.60841078876709e-15
"Pbrm1",0.428518518518519,15,-0.478047296804644,-1945.41349725423,0
"Pbx1",0.519619754541154,60,0.142957953842043,2726.16060390749,1
"Pbx3",0.587962962962963,18,0.815575428862572,6.92802926594186,1
"Pcbp2",0.46969696969697,11,0.163498732282879,0,1
"Pcdh7",0.588511074355889,31,0.267399598395196,3287.34994010002,1
"Pcdh9",0.556816059757236,17,0.0291463456595163,147.974264479618,1
"Pcgf5",0.376516076516076,18,-0.440572591385981,123.860570639113,1
"Pcm1",0.500850340136054,14,0.374395514781498,2.02964301332599,1
"Pcnx1",0.420833333333333,26,-0.744742944757925,49.3338218175888,1
"Pcsk6",0.430769230769231,13,-0.206450877467426,-70.0484083962979,2.53537497289251e-32
"Pdcd6ip",0.442517006802721,14,-0.192645077942396,44.5260082692776,1
"Pde10a",0.459493171199439,41,-0.454795208516579,56.4015791114816,1
"Pde1a",0.664285714285714,13,0.807354922057604,-2070.09736909973,0
"Pde3a",0.506480202803732,34,0.0792266911505751,2633.73545126586,1
"Pde4b",0.357851086357184,36,-0.4961532337633,2685.50329774463,1
"Pde4dip",0.59172335600907,21,0.566346822553809,116.173614945956,1
"Pde7a",0.460884353741497,14,0.442518235700951,219.687911907843,1
"Pde7b",0.326820670369057,31,-1.44170544974092,2868.06711236006,1
"Pde8a",0.516483516483516,13,0.199308808223407,-2177.22666719507,0
"Pdgfd",0.538333333333333,20,0.345135486048687,-27.6438952290521,1.041132867143e-13
"Pdia3",0.658646616541353,19,0.683526335204746,11.7115640257273,1
"Pdlim5",0.555714453766393,55,0.429743998093869,2823.91211554548,1
"Pds5a",0.580952380952381,14,0.415037499278844,-853.207390281508,0
"Pdss2",0.583333333333333,15,0.206450877467426,-13.755341854064,1.56229109347346e-07
"Pdzd2",0.449341991341991,25,-0.254572827085598,-78.431573940547,5.48345148953652e-36
"Pdzrn3",0.478049052396878,23,-0.210566985939658,98.6432504013833,1
"Pdzrn4",0.711412829594648,11,0.799701349514169,-2496.87725503915,0
"Peli1",0.482222222222222,15,-0.432959407276106,-123.409865387189,1.28169440620785e-55
"Per3",0.653968253968254,21,0.807354922057604,31.8741174369043,1
"Pfkfb2",0.296778711484594,17,-1.28950661719498,20.6652975963361,1
"Phactr2",0.483146312751576,18,0.108934371553164,82.822655821873,1
"Phf14",0.490196078431373,17,0.256339753259786,-639.874303230094,2.84550940575988e-280
"Phf20l1",0.520167652859961,26,-0.0577154978562872,-7.89406554340985,7.08455422375784e-05
"Phf21a",0.604901960784314,17,0.602664502454615,-1981.78373412208,0
"Phip",0.406904761904762,20,-0.600392541290762,30.0214937251037,1
"Phkb",0.439345238095238,20,-0.347923303420307,104.508739839623,1
"Phlpp1",0.61969696969697,11,0.0588936890535685,-1993.67393672842,0
"Phlpp2",0.5,10,0.137503523749935,-1410.01073167572,0
"Pi4ka",0.472727272727273,11,-0.111031312388744,-2003.86258734148,0
"Pias2",0.6375,12,0.900464326449085,-1930.81367604345,0
"Picalm",0.658278867102396,18,1.07528812730424,-2046.29138853511,0
"Pid1",0.484967320261438,17,0.133266530863464,47.5711499808758,1
"Piezo1",0.422619047619048,14,0.0458036896131246,4.84474384978466,1
"Pik3c2a",0.533333333333333,12,0.347923303420307,-1873.34600258494,0
"Pip4k2a",0.423076923076923,13,-0.231325546106456,-7.65640921477461,9.10962644562122e-05
"Pip5k1b",0.596385281385281,15,0.308122295362332,23.1909476973669,1
"Pitpnc1",0.476,25,-0.489805267680816,2091.45819143716,1
"Pja2",0.511764705882353,17,-0.263034405833794,-35.0623718013237,5.5670268359498e-17
"Pkhd1l1",0.52962962962963,18,0.31194400631474,-69.3211578674191,5.2737302206156e-32
"Pkia",0.218333333333333,20,-1.63742992061529,87.5301684716467,1
"Pkn2",0.534722222222222,12,0.253756592245783,-2108.26947179069,0
"Plcb1",0.376877906044573,36,-1.05703094503638,2336.81898795345,1
"Plcb4",0.6,10,0.432959407276106,-2661.34690895663,0
"Plce1",0.41243253968254,50,-0.447458976971221,2232.16203600342,1
"Plcl1",0.477100840336134,34,-0.219566377257684,2608.67599459833,1
"Plekhg3",0.506944444444444,12,-0.120294233717712,-2078.2411676424,0
"Plekhm2",0.522978080120937,21,0.373458395527445,45.7687627483574,1
"Pln",0.527475126181009,25,0.27500704749987,134.24911955678,1
"Plod2",0.286666666666667,10,-1.1926450779424,-1957.43389070861,0
"Plpp1",0.672222222222222,15,0.695145418471579,9.06462986161455,1
"Plxdc2",0.464831750882171,35,-0.246160587269398,2324.22877536268,1
"Plxna4",0.521076652895913,62,-0.0106866787972475,2702.19275161944,1
"Pnisr",0.54,15,0.263034405833794,-1747.40618480663,0
"Por",0.616666666666667,10,0.485426827170242,-1922.26780999278,0
"Ppara",0.408730158730159,12,-0.395928676331139,-2055.97356975846,0
"Ppargc1a",0.528288818765009,21,1.61399154933269,739.446274522896,1
"Ppargc1b",0.623809523809524,12,0.0931094043914815,-2346.22587274233,0
"Ppfia1",0.51010101010101,12,0.0544477840223765,-1991.31271724668,0
"Ppfibp1",0.361904761904762,14,-0.752072486556414,-1.18548135135438,0.123610801358974
"Ppfibp2",0.471322751322751,15,0.31194400631474,-2045.31395385747,0
"Ppip5k2",0.649837662337662,22,0.823122237915921,57.0860716648767,1
"Ppl",0.572549019607843,17,-0.222392421336448,-26.8711967483757,2.2857745551771e-13
"Ppm1b",0.603896103896104,11,0.395928676331139,-2114.74266718481,0
"Ppm1h",0.241452991452991,13,-0.722466024471091,-1960.58015515376,0
"Ppm1l",0.541856452726018,23,0.0857298740258839,60.5205695401191,1
"Ppp1r12a",0.49994994994995,37,0.232660756790275,2131.26879105807,1
"Ppp1r12b",0.421428571428571,14,-0.273018494406416,22.6057542287451,1
"Ppp1r3a",0.541428571428571,10,0.70626879694329,-2248.76097989692,0
"Ppp1r9a",0.625686813186813,14,0.180572245641821,-4.27113479876471,0.00346992703136579
"Ppp2r2a",0.695959595959596,11,0.494764691749578,-1907.88419075213,0
"Ppp2r3a",0.515443635648239,23,-0.29218075149331,-26.9920912500838,2.02110112957872e-13
"Ppp2r5c",0.485833333333333,10,-0.0641303374197155,-2010.55864306056,0
"Ppp3cb",0.484848484848485,11,0.211504105193712,-2497.66564100936,0
"Ppp4r1",0.458333333333333,10,-0.559427408614019,-2121.61130650025,0
"Ppp4r3a",0.603030303030303,11,0.866733469136536,-2086.00656384813,0
"Prdm5",0.812121212121212,11,1.91753783980803,-1931.81957975276,0
"Prex2",0.421279761904762,16,-0.560714954474479,53.415370887707,1
"Prickle1",0.515327380952381,16,0.12199052437861,-23.3392017391134,8.36457694702519e-12
"Prkaa2",0.496212121212121,11,0.115477217419936,-2075.45554383411,0
"Prkca",0.422463768115942,23,-0.295455883526171,-18.1357427956409,1.71657088648435e-09
"Prkce",0.4448297914207,33,-0.176156955153827,-17.4396276758898,3.50798647845786e-09
"Prkch",0.506060606060606,11,-0.0641303374197155,-1975.41868120602,0
"Prkd1",0.576923076923077,13,0.6463630453853,-58.4159828965699,3.12449123028794e-27
"Prkg1",0.165677213868003,40,-2.51986747249927,2596.61407601179,1
"Prpf39",0.799019607843137,17,1.4671260104273,-2.8583306384005,0.0168046558282956
"Prrc2c",0.595555555555556,15,0.280107919192735,-5.17419725202035,0.00129587344332277
"Prune2",0.585916305916306,15,0.84799690655495,47.926892272199,1
"Psma3",0.609090909090909,11,-0.192645077942396,-1948.72939525165,0
"Psme4",0.572848366457166,29,0.0288548626721853,2251.8799231138,1
"Pspc1",0.348484848484849,11,-0.0641303374197155,-3430.01084484347,0
"Ptbp2",0.305555555555556,17,-0.691877704637668,34.1294596462842,1
"Pten",0.392927170868347,17,-0.0395283641866376,80.0034048057851,1
"Ptgr2",0.531944444444444,12,0.807354922057604,-2024.46789792582,0
"Ptk2b",0.424242424242424,11,-0.247927513443586,-2411.29467574285,0
"Ptp4a2",0.417543859649123,19,-0.568283759574526,-107.301525525236,1.36038244757638e-48
"Ptpn12",0.425925925925926,18,-0.241008099503795,-268.325164382273,1.00960288143156e-118
"Ptpn13",0.511428571428571,35,0,2039.45188820041,1
"Ptpn14",0.648245614035088,19,0.879705766282288,-4.75315860508044,0.00204765715106145
"Ptpra",0.438888888888889,15,-0.310340120612151,-2108.42775386445,0
"Ptprb",0.6725,10,1.08746284125034,-2159.82483585187,0
"Ptprg",0.543475486549251,41,0.0592971836837721,2341.91034665815,1
"Ptprk",0.414454064454064,39,-0.275634442613428,2267.3056965506,1
"Ptprm",0.456040341544543,42,-0.169925001442312,2588.72963033366,1
"Pum1",0.441666666666667,14,-0.351472370501378,-85.373690750017,5.08081005221437e-39
"Pygb",0.565816326530612,14,0.887525270741588,-73.0494701741745,1.23512624043648e-33
"Qki",0.521461721461721,37,-0.0458036896131249,2350.7954864536,1
"Qrich1",0.458333333333333,22,-0.197939377611909,-2.20352498207421,0.0357906842942984
"R3hcc1l",0.366666666666667,10,-0.337034987277571,-3567.67399055605,0
"Rab10",0.526785714285714,14,0,-28.6105789861681,3.89458787800774e-14
"Rab1a",0.623717948717949,13,0.632268215499513,-1878.52941770994,0
"Rab2a",0.596052631578947,19,0.459431618637297,22.9252780918011,1
"Rab30",0.294871794871795,13,-0.652076696579693,118.338587012714,1
"Rab3gap1",0.473214285714286,14,-0.142019004872428,31.2112112458344,1
"Rab6a",0.333333333333333,12,-0.951090399519053,-2389.86981762242,0
"Rab7",0.448051948051948,14,-0.563900885193327,58.3569361386428,1
"Rabep1",0.606481481481482,12,0.561878887608115,-19.2079524689348,5.71646053927321e-10
"Rad23b",0.53125,12,0.807354922057604,-2044.86406782615,0
"Ralgapa1",0.488430059523809,32,0.11703942119022,-34.0311327492982,1.58413364662373e-16
"Ralgapa2",0.489196310935441,23,0.036069254707522,49.8219483286371,1
"Ranbp9",0.568840579710145,23,0.467126010427298,12.1565382943584,1
"Rap1a",0.388888888888889,12,-0.383328639551506,-12.6311472297293,5.00395816801059e-07
"Rap1gds1",0.604010025062657,19,0.394278939112046,20.0665625017236,1
"Rapgef1",0.563765182186235,19,-0.0384741478146355,-81.7054751374872,2.03443720881767e-37
"Rapgef2",0.5,31,-0.192645077942396,2047.7367603207,1
"Rapgef4",0.229166666666667,16,-1.61667136044849,27.768676451278,1
"Rapgef5",0.402310924369748,16,-0.765534746362977,-11.4656573913753,1.67894284850326e-06
"Rapgef6",0.53265306122449,14,0.165059246270496,75.6685935197588,1
"Raph1",0.414840367965368,32,-0.478653598574815,-95.8535371181756,1.34810013844425e-43
"Rarb",0.484848484848485,11,-0.0740005814437767,-2076.0231549493,0
"Rasa1",0.427777777777778,10,0.20163386116965,-1797.35525531534,0
"Rasal2",0.538954479863571,33,0.475733430966398,144.340175124479,1
"Rassf8",0.598484848484849,11,0.643856189774725,-171.200293053085,1.91456884522085e-76
"Rb1",0.626315789473684,19,0.505235308250422,49.5007806433764,1
"Rb1cc1",0.336111111111111,12,-0.79836613883035,-2075.97412352676,0
"Rbbp8",0.833333333333333,13,3.16992500144231,13.1013757856747,1
"Rbfox1",0.609898746039333,61,0.789433014060342,3624.2173628644,1
"Rbfox2",0.502777777777778,15,0.321928094887362,-19.8460500860222,2.97325742578124e-10
"Rbm20",0.568034746024074,29,0.477260014361703,3855.23823355182,1
"Rbm24",0.431746031746032,19,-0.12199052437861,27.5922999344848,1
"Rbm25",0.516881991881992,37,-0.0565835283663674,2048.35498096008,1
"Rbm26",0.548611111111111,12,0.415037499278844,-2171.24946783324,0
"Rbm28",0.8,18,1.42321143072454,-35.7378487733508,2.80694167080444e-17
"Rbm39",0.482800262068555,41,-0.212303603712864,1752.63610553383,1
"Rbm47",0.238095238095238,14,-1.62148837674627,-1856.2603574688,0
"Rbm5",0.491176470588235,17,0.165059246270496,21.9891819628199,1
"Rbm6",0.530658032443747,28,0.121306296222133,97.0954825395568,1
"Rbms1",0.462910052910053,60,-0.169925001442312,2338.17415732111,1
"Rbms3",0.555911330049261,29,0.253756592245783,1659.78177759499,1
"Rbpj",0.438205585264409,17,-0.0356239097307212,-0.676840053510205,0.244635784487975
"Rbpms",0.483146833230565,55,-0.124090347724644,2351.56355868281,1
"Rcan2",0.666666666666667,11,0.251538766995964,-1846.20332672881,0
"Rcsd1",0.701388888888889,12,0.637429920615292,-1984.37919135934,0
"Rere",0.47051282051282,26,-0.204819791888498,41.5783249926242,1
"Resf1",0.515,10,0.263034405833794,-2026.4140449652,0
"Retreg1",0.558767507002801,20,0.204819791888498,36.8979940562181,1
"Rev3l",0.548451548451548,11,0.163498732282879,-2003.21799048755,0
"Rfx3",0.444444444444444,12,-0.184424571137427,-2064.6183815505,0
"Rgl1",0.376623376623377,11,-0.700439718141092,-1776.12658056553,0
"Rgs6",0.925,10,3.96962635095648,-2777.91454794349,0
"Rhoa",0.553571428571429,14,0,-2023.73131176331,0
"Rhobtb1",0.552539362519201,16,0.467778961350817,299.750349317204,1
"Rhoj",0.548763223238013,21,0.408805545567329,23.0055221004372,1
"Rhoq",0.51984126984127,14,0.199308808223407,31.111747698998,1
"Rhot1",0.471666666666667,10,-0.125530882083859,-1957.68355368484,0
"Rif1",0.55,10,0.289506617194985,-2874.61255508287,0
"Rilpl1",0.586772486772487,12,0.299560281858908,-75.1757880216078,1.4524933626766e-34
"Riok3",0.46,10,0.0780025120012733,-3459.71839964636,0
"Rlf",0.641666666666667,10,0.736965594166206,-2006.49497114659,0
"Rmdn1",0.605194805194805,16,0.39231742277876,164.800582697226,1
"Rnf111",0.520512820512821,13,0.369233809665719,-1512.14162833072,0
"Rnf150",0.608333333333333,12,0.454565863465481,-2334.82434798366,0
"Rnf169",0.743589743589744,13,0.632268215499513,-1710.40048273508,0
"Rnf216",0.513888888888889,12,0,-1422.54351874426,0
"Rnf217",0.575757575757576,11,0.0671141958585368,-2063.8841075873,0
"Rngtt",0.458333333333333,12,0.231325546106456,-95.3903283243387,2.14749594647316e-43
"Rnls",0.0769230769230769,13,-2.96347412397489,-2609.82038853594,0
"Rock1",0.513392857142857,28,-0.166649869409451,46.9809429014538,1
"Rock2",0.528979841412456,42,0.160464672193246,2172.3283646681,1
"Ror1",0.42749049848723,45,-0.241008099503795,2300.85537820294,1
"Rora",0.578592446648002,54,0.478462879420477,2597.66763075484,1
"Rpl3l",0.645833333333333,12,0.719892080807265,-1925.91577848375,0
"Rprd1a",0.601515151515152,11,0.452512204697507,-26.8664760258209,2.29678543827571e-13
"Rps6kb1",0.621212121212121,11,0.169925001442312,-1907.00858167975,0
"Rptor",0.455555555555556,15,-0.476438043942987,-75.4957190100074,1.05259082188145e-34
"Rras2",0.513333333333333,15,0,-25.8994591482337,6.14856740170898e-13
"Rsbn1l",0.540625,16,0.31194400631474,-18.1443084386167,1.70154796280004e-09
"Rsrc1",0.574688057040998,17,0.31315788525963,41.7700422055696,1
"Rsrc2",0.495454545454545,11,0.334419039070559,-2054.32788225761,0
"Rtn3",0.495469576719577,24,-0.178970141045319,-21.1225508429366,8.05214383324995e-11
"Rtn4",0.509126984126984,22,0.0892673380970873,150.575994098293,1
"Ryr2",0.452608109335379,39,-0.246562832552717,4841.07844068066,1
"S100a10",0.583333333333333,12,0,-2136.30525695705,0
"Samd12",0.643939393939394,11,1.11547721741994,-1923.97306713589,0
"Samd4",0.449042950513539,32,-0.266074860153845,2288.14231962127,1
"Sarnp",0.37948717948718,13,-0.273018494406416,-18.4181981352997,1.2846937785905e-09
"Sash1",0.607142857142857,12,0.334419039070559,-1917.11342041683,0
"Sbf2",0.307017543859649,19,-0.888968687611256,97.2768841021032,1
"Sbk1",0.451388888888889,12,-0.192645077942396,-1752.64797685293,0
"Scaf8",0.444444444444444,15,0.169925001442312,-232.344962791606,4.58451692225959e-103
"Scaper",0.409090909090909,11,-0.111031312388744,-2344.78514971693,0
"Scfd2",0.446666666666667,20,-0.263034405833794,-7.10787081495778,0.000163001219269267
"Schip1",0.516488095238095,20,0.15754127698648,-64.1688186345846,9.46844622287764e-30
"Sdccag8",0.462121212121212,11,0.222392421336448,-2102.35138891545,0
"Sdk1",0.283986928104575,17,-1.51457317282976,-36.9003237466122,8.64182493788779e-18
"Sec24a",0.394444444444444,15,-0.765534746362977,-30.3724859183567,6.49688504578495e-15
"Sec62",0.65,10,0.347923303420307,-2021.63061731054,0
"Sec63",0.521929824561403,19,0.389946518316013,-1.09557671412199,0.138805336969786
"Sel1l",0.414705882352941,17,-0.478047296804644,18.5670518911249,1
"Sema3c",0.48984126984127,30,0.125530882083859,2294.3381608068,1
"Sema3d",0.415007215007215,33,-0.300659478133711,2432.36773656883,1
"Sema5a",0.420853858784893,29,-0.456857674973471,2115.12977916186,1
"Senp6",0.526739926739927,26,-0.0824621601919731,2033.91849887173,1
"Senp7",0.298701298701299,11,-1.46948528330122,-1905.86147944855,0
"Septin11",0.5,10,0.234465253637023,-2257.69861443362,0
"Septin7",0.315619047619048,25,-0.68805599368526,33.102325817719,1
"Serinc3",0.392156862745098,17,-0.685891409571937,-26.7035693666387,2.71109874873255e-13
"Serpine1",0.553717948717949,10,-0.0395283641866376,0.102948529237437,1
"Serpinh1",0.527777777777778,12,0.0703893278913981,193.699212770106,1
"Sesn1",0.469791666666667,16,0.117836490293858,101.859741235481,1
"Setbp1",0.439740050609616,27,-0.0234589728239888,75.3488035970786,1
"Setd2",0.556122448979592,14,0.289506617194985,-2028.3909665222,0
"Setd5",0.465217391304348,23,-0.236067358233524,9.00920675933344,1
"Sf3b1",0.434848484848485,25,-0.189033824390017,13.2885948171313,1
"Sfpq",0.53030303030303,11,0.473931188332412,-2840.48907177714,0
"Sh3d19",0.569444444444444,12,0.0641303374197155,-1981.41993638324,0
"Shb",0.45,19,0,-39.0365481907327,9.92972030003716e-19
"Shld1",0.49657196969697,20,0.263034405833794,203.781026980023,1
"Shoc2",0.525,10,0.304854581528421,-3088.78618260373,0
"Shroom3",0.545778230160381,38,0.297385910624571,2140.9491204222,1
"Sik2",0.716666666666667,22,0.853158611670729,4.12981393251675,1
"Sik3",0.492255498790425,40,-0.0824621601919728,2329.73761314406,1
"Sipa1l1",0.355,10,-0.643856189774725,-1843.52909930304,0
"Slain2",0.439130434782609,23,-0.682809824119301,26.2363946964083,1
"Slc16a1",0.480555555555556,12,0.176877762084079,-3234.382358495,0
"Slc16a10",0.939393939393939,11,1.63226821549951,-2345.20201701202,0
"Slc1a5",0.383333333333333,10,-1.13750352374993,-2167.99201663389,0
"Slc20a2",0.65982905982906,13,0.0524674198941355,-27.4008177722819,1.33329769648938e-13
"Slc25a12",0.33903743315508,11,-0.428843298803874,-15.1168904124479,3.82980528728241e-08
"Slc25a13",0.28704302233714,17,-0.979241439833203,-55.2457598768237,7.64718429905158e-26
"Slc25a3",0.514705882352941,17,0.247927513443586,-31.0050913107375,3.41685891452773e-15
"Slc25a4",0.301666666666667,10,-1.28010791919274,-2246.57881570726,0
"Slc2a13",0.308255487202856,38,-1.10852445677817,2388.5279973017,1
"Slc38a2",0.378611111111111,20,-0.770518153877233,33.1678805559964,1
"Slc39a8",0.626699134199134,20,1.04580368961312,-45.5592997304329,1.35313775683437e-21
"Slc44a1",0.416666666666667,13,-0.111031312388744,-97.8223265083434,1.86344819171911e-44
"Slc4a4",0.438528138528138,31,-0.0210616155278296,2132.56161895496,1
"Slc8a1",0.507589922389142,37,0.0394203497336321,3856.97917526661,1
"Slco2a1",0.345238095238095,14,-0.584962500721156,-2052.38197027771,0
"Slco3a1",0.491163003663004,26,0.106915203916512,4277.69993837074,1
"Slit3",0.497280176099621,54,-0.13985766358296,2514.12649773075,1
"Slk",0.45359231411863,18,0.0794344674944051,34.9912941332582,1
"Slmap",0.470314407814408,26,-0.118644496498619,19.0431195469309,1
"Sltm",0.521031746031746,24,-0.258311995591391,-0.674735068037535,0.245370769684215
"Smad3",0.611666666666667,10,0.115477217419936,-2445.70334840325,0
"Smap1",0.458333333333333,12,-0.347923303420307,-2083.46527488905,0
"Smarcad1",0.486111111111111,12,0.0740005814437767,-2029.99241373437,0
"Smc5",0.357142857142857,14,-1.29956028185891,-1187.74334545791,0
"Smchd1",0.512820512820513,13,-0.206450877467426,-2021.33312386453,0
"Smg1",0.541684157593249,33,0.242856523896163,-10.0663460560872,7.2251086671794e-06
"Smg6",0.360130718954248,17,-0.426264754702098,51.5686201965209,1
"Smim14",0.598958333333333,16,0.493040011280117,70.1083382117763,1
"Smurf2",0.641666666666667,20,0.263034405833794,40.48194734347,1
"Smyd1",0.297619047619048,14,-1.69187770463767,-1913.48428467723,0
"Smyd3",0.352408008658009,28,-0.512450000936788,-80.2382484183181,8.90308369319381e-37
"Snd1",0.440451388888889,32,-0.185214872466907,29.4162021161037,1
"Sntb2",0.597619047619048,21,0.672425341971496,2002.73322684883,1
"Snx24",0.467424242424242,11,-0.115477217419936,-1564.55409124753,0
"Snx29",0.416666666666667,11,-0.263034405833794,-2042.50585287741,0
"Sobp",0.432575757575758,11,-0.321928094887362,-2079.14924547227,0
"Socs5",0.265151515151515,11,-0.485426827170242,-1930.59759660473,0
"Son",0.473711857248443,41,-0.0168738185643963,2040.23364843318,1
"Sorbs1",0.533706552980261,37,0.012518039846428,3388.34639263231,1
"Sorbs2",0.538389078394102,28,0.335460508194213,2948.2799005928,1
"Sorbs2os",0.452146927146927,18,-0.222392421336448,44.3851825809866,1
"Sos1",0.5,10,0.247927513443586,-2336.35202016558,0
"Sos2",0.604166666666667,16,0.0565835283663674,-157.47604560957,1.82167974128122e-70
"Sox5",0.392708333333333,16,-0.526068811667588,-30.8193581870817,4.12624946129745e-15
"Sox6",0.526406926406926,30,0.0692626624371137,-25.6557717782475,7.88108426422795e-13
"Spag9",0.505682888540031,35,0.0605415419350507,67.6827429759146,1
"Spop",0.5575,20,0.347923303420307,-49.3032862927741,3.07995297506217e-23
"Spopl",0.65,10,0.616671360448494,-2074.59890262059,0
"Spred1",0.435714285714286,14,-0.321928094887362,133.822352279101,1
"Sptan1",0.435657596371882,21,0.131244533278252,-32.2466339624377,9.68627375155347e-16
"Sptbn1",0.459391428383504,61,-0.0843921872903726,2552.02622163574,1
"Sptlc2",0.545,10,0,-2018.11085920683,0
"Srek1",0.527056277056277,22,0.32930762525296,8.18739995618625,1
"Srgap1",0.234848484848485,11,-1.71049338280502,-2160.55248340659,0
"Srgap2",0.393939393939394,22,-0.444784842672896,47.2218639257251,1
"Srpk2",0.583333333333333,17,0.54432051622381,-127.13249554872,3.05255802658923e-57
"Srsf2",0.525,12,-0.321928094887362,-24.7823897973938,1.91928522772345e-12
"Ssbp2",0.533585858585859,30,0.137503523749935,2482.20177936597,1
"Ssh2",0.527716165413534,40,0.199937570508752,2014.29249857332,1
"St3gal3",0.42987012987013,11,-0.125530882083859,-1992.5811079096,0
"St3gal6",0.386111111111111,16,-0.691877704637668,-1988.42661211409,0
"St6gal1",0.456060606060606,11,-0.667424660913129,-2044.39995141434,0
"St7l",0.533333333333333,10,0.125530882083859,-2210.41933844908,0
"Stag1",0.483549783549784,33,0.162729500038108,2132.71335254434,1
"Stard13",0.552606060606061,25,0.276840205358824,2232.7849894981,1
"Stat3",0.612654320987654,27,0.21501289097085,84.5055407331979,1
"Stat5b",0.456565656565657,11,0,-2098.45695149264,0
"Stim2",0.443589743589744,13,-0.628031222613042,-488.600453505028,1.62189980803155e-214
"Stk39",0.562685185185185,30,0.0605415419350507,-24.8964749796087,1.70856786947692e-12
"Stox2",0.476534008920373,22,0.0916304754655681,-46.1349324335724,7.56271867318516e-22
"Strn",0.393333333333333,10,-0.643856189774725,-2251.53433079692,0
"Strn3",0.579578410311493,42,0.41008828330711,1992.43135728523,1
"Stxbp6",0.335648148148148,18,-0.949373926930032,3.21627925000826,1
"Suclg2",0.154021672771673,36,-3.17791779219584,432.095385969623,1
"Sulf1",0.432345369277187,44,-0.493988840673666,2587.67475640617,1
"Susd6",0.588157894736842,19,0.540568381362703,-7.83701843466906,7.52500763816188e-05
"Svil",0.391685520361991,20,-0.830074998557688,101.405162964565,1
"Swt1",0.543578970049558,17,0.197939377611909,27.2657909485727,1
"Syne1",0.559795321637427,19,0.371968777386958,-182.624493267529,2.02607192746453e-81
"Synj1",0.575757575757576,11,0.337034987277571,-2110.2715713192,0
"Synpo2",0.410917599912165,24,-0.622437206139819,299.592934217089,1
"Tacc2",0.572091460535397,23,0.0916304754655681,37.0480953941187,1
"Tanc1",0.597916666666667,16,0.347923303420307,105.485140488347,1
"Tanc2",0.206818822203438,13,-1.32192809488736,-150.438885448137,2.12097511293265e-67
"Tango2",0.645833333333333,16,0.415037499278844,174.499199501017,1
"Tango6",0.784722222222222,12,1.4671260104273,-2075.32974715469,0
"Tank",0.424242424242424,11,-0.289506617194985,-3306.73665544981,0
"Taok1",0.58974358974359,13,0.295455883526171,-7.40003713331907,0.000119530794368634
"Tasor",0.519642857142857,20,0.375509135092206,-38.0291686135665,2.75407070182281e-18
"Tasp1",0.388888888888889,15,-0.111031312388744,-70.3689655542587,1.8358964844737e-32
"Tax1bp1",0.474358974358974,13,-0.398549376490275,-1971.63475534639,0
"Tbc1d4",0.709535256410256,20,0.744742944757925,-25.5248547765168,9.00562201360992e-13
"Tbc1d5",0.502213305584898,41,0.067744606635834,2281.11263658787,1
"Tbx18",0.336111111111111,12,-0.637429920615292,-1957.67392356599,0
"Tbx20",0.644871794871795,13,0.874469117916141,-1998.80980776632,0
"Tcf12",0.357051282051282,39,-1.02914634565952,2075.44766179482,1
"Tcf25",0.513888888888889,12,-0.120294233717712,-2752.25841637049,0
"Tcf4",0.485803926713018,33,0,-0.499972488179083,0.3173238223397
"Tcf7l1",0.487179487179487,13,0,-3042.6009664391,0
"Tcf7l2",0.564285714285714,22,0.257157839497125,71.5369971241678,1
"Tdrd3",0.426190476190476,14,-0.0671141958585368,-2089.02182270004,0
"Tead1",0.461183261183261,33,-0.420108488826266,36.9539222005192,1
"Tecrl",0.379448773448773,15,-0.53051471669878,91.2265203599081,1
"Tef",0.511111111111111,15,0.263034405833794,100.578833483767,1
"Tent2",0.409090909090909,11,-0.222392421336448,-2182.28007475247,0
"Tet2",0.597222222222222,12,0.917537839808027,-538.580800230586,3.03897955397554e-236
"Tfdp2",0.551120448179272,17,0.160464672193246,117.872122760129,1
"Tgfbr3",0.570588235294118,17,0.0759488532332983,-4.91321439512831,0.0017202201998695
"Tgm2",0.361224489795918,14,0,36.3354128835931,1
"Thsd4",0.408333333333333,10,-0.584962500721156,-1980.50539298902,0
"Thsd7a",0.443428571428571,25,-0.0291463456595163,59.5142650576024,1
"Timp2",0.479931972789116,21,0.131244533278252,-48.3790920498661,7.83331327870999e-23
"Timp3",0.53042328042328,15,0.0601209924375709,40.4353532522891,1
"Tiparp",0.560606060606061,11,0.356143810225275,-2095.41779919691,0
"Tjp1",0.507575757575758,11,-0.20163386116965,-2223.97656282619,0
"Tlk1",0.521875,16,0.343954401217361,-13.0289816692632,3.31319488348764e-07
"Tlk2",0.4,10,-0.192645077942396,-2187.11266229462,0
"Tll1",0.486574074074074,24,-0.178970141045319,9.49691087473275,1
"Tlr4",0.327450980392157,17,-1.09515723304034,-1116.77265430176,0
"Tm9sf3",0.5,10,-0.459431618637297,-4356.39697293786,0
"Tmcc1",0.464512471655329,21,-0.518467088934249,12.6282913120481,1
"Tmed10",0.5,10,-0.0824621601919728,-2670.35986445913,0
"Tmed5",0.413333333333333,10,-0.20163386116965,-0.0262043812404045,0.818923632717405
"Tmem108",0.338227513227513,18,-1,-15.2499407317468,3.33886907461487e-08
"Tmem131",0.435648148148148,18,-0.263034405833794,-18.2202983553518,1.57390613356626e-09
"Tmem135",0.548888888888889,15,0.192645077942396,31.0203609919433,1
"Tmem245",0.439803497156438,17,-0.295455883526171,-2250.5566035057,0
"Tmem65",0.464705882352941,17,-0.0655883416275768,-49.1484337868001,3.60135179265492e-23
"Tmem87a",0.225,10,-1.14684138832927,-1654.64155506454,0
"Tmtc1",0.657952380952381,25,1.21056698593966,2050.50838581314,1
"Tnfaip8",0.585897435897436,26,0.226275855823676,2025.92270021787,1
"Tnik",0.46359342411974,19,0.101879614019214,153.214215764934,1
"Tnks",0.415151515151515,11,-0.310340120612151,-1979.25306209712,0
"Tnks2",0.421428571428571,14,-0.502500340529183,-50.4317096053528,9.85498796546965e-24
"Tnni3",0.486904761904762,10,0,-2008.27042798024,0
"Tnni3k",0.51578425229741,21,0.131911675505581,123.554230578059,1
"Tnnt2",0.65985643144734,22,0.893084796083488,181.510242905732,1
"Tnpo1",0.592105263157895,19,0.314108590428063,107.933818589203,1
"Tnrc6a",0.416666666666667,14,-0.0489096004809464,79.3023160650546,1
"Tnrc6b",0.486599511599512,22,-0.0780025120012731,-62.4131961116914,5.55479542009253e-29
"Tnrc6c",0.434313725490196,17,-0.447458976971221,16.475186110838,1
"Tns3",0.503333333333333,20,-0.174029399775049,-23.2956382265431,8.74486855034542e-12
"Tom1l2",0.650220431742171,23,0.303392143449935,53.2088818885222,1
"Top1",0.421861471861472,31,-0.584962500721156,63.6309289496139,1
"Top2b",0.347222222222222,12,-0.308122295362332,-1984.30660250489,0
"Tor1aip1",0.606493506493507,11,0,-1910.06815553646,0
"Tpk1",0.522727272727273,11,-0.15200309344505,-1961.02827931161,0
"Tpm1",0.598541313758705,23,0.401362562381767,89.1544715616919,1
"Tpm3",0.458333333333333,10,-0.275634442613427,-1999.5717346151,0
"Tpp2",0.601960784313725,17,0.415037499278844,-312.59915160456,5.53544680918515e-138
"Tpr",0.675,10,0.793549122532573,-1942.5961101481,0
"Tra2a",0.591478696741855,19,0.671377252538629,83.7116902895505,1
"Tra2b",0.44,10,-0.465663572348812,-2157.45300726417,0
"Trabd2b",0.681903744403744,12,0.978626349207433,-2722.41279684761,0
"Trak1",0.661904761904762,14,0.610053481683986,67.303923293219,1
"Trak2",0.424768518518518,12,-0.357552004618084,-2330.65942495558,0
"Trdn",0.38339867580939,28,-0.462180482677987,2943.24671603581,1
"Trerf1",0.429487179487179,13,-0.415037499278844,-3644.64320020276,0
"Trim24",0.28046218487395,17,-1.28010791919274,-29.702624953627,1.28326281331281e-14
"Trim44",0.590909090909091,11,0.415037499278844,-2505.68571257842,0
"Trim54",0.222222222222222,12,-1.12199052437861,-2210.09994522409,0
"Trim55",0.330769230769231,10,-1.04439411935845,-2108.86948201173,0
"Trim63",0.503394850763272,19,0.101879614019214,72.8519353917209,1
"Trip11",0.77172619047619,16,1.76553474636298,520.455345944653,1
"Trip12",0.390693777511004,28,-0.394859617341213,43.8039285213313,1
"Trpm7",0.508630952380952,28,0.0250909809628304,-7.57324201278516,9.94833995571331e-05
"Tsc22d2",0.363736263736264,13,-0.502500340529183,-2059.91457027967,0
"Tshz1",0.65,10,0.938599455335857,-2837.97313600257,0
"Tshz2",0.6,16,0.479167836698559,-2202.04000381724,0
"Tspan5",0.585074955908289,36,0.457681836687338,2159.83787218334,1
"Ttc14",0.542424242424242,11,-0.0614005446641435,-1503.97918042023,0
"Ttc17",0.415151515151515,11,-0.308122295362332,-25.1977252912047,1.25685250353668e-12
"Ttc19",0.390909090909091,11,-0.275634442613427,-2199.73533395667,0
"Ttc28",0.514772727272727,22,0.0655883416275768,-29.0546859133594,2.47942293607683e-14
"Ttc3",0.614957264957265,13,0.142019004872428,44.54562711155,1
"Ttll5",0.466666666666667,10,-0.144389909335175,-1979.86977796211,0
"Ttn",0.516844351895508,40,0.0725718917731211,5232.40150873073,1
"Tulp4",0.422727272727273,11,-0.321928094887362,-26.4202497559088,3.6176430302247e-13
"Tut4",0.507843137254902,17,-0.430634354329863,-1494.42004200395,0
"Tut7",0.348888888888889,15,-0.956931278108114,25.2252418600283,1
"Txlnb",0.39539270253556,14,-0.074000581443777,-164.108005773606,2.35150317427941e-73
"Txndc11",0.615384615384615,13,0.60768257722124,-12.887857228322,3.83483498077157e-07
"Uap1",0.432056068931069,24,0.101283335837182,289.571694759471,1
"Ubap2l",0.517391304347826,23,0.144389909335175,-95.0345435673753,3.07079502143707e-43
"Ube2b",0.486904761904762,22,-0.125530882083859,100.702515672386,1
"Ube2d3",0.539564378274056,31,0.21864028647534,-2.52463219404171,0.0246363955270742
"Ube2e2",0.526246534950651,29,0.115477217419936,178.241039553308,1
"Ube2h",0.535131072631073,33,-0.0356239097307212,2169.68063637883,1
"Ube2k",0.532380952380952,20,0.18286405714981,53.1004894842238,1
"Ube2q2",0.506944444444444,12,0.485426827170242,-2012.17057953732,0
"Ube2r2",0.454545454545455,11,-0.362570079384708,-4052.19184190111,0
"Ube3c",0.428787878787879,11,-0.15754127698648,46.2847694211289,1
"Ube4b",0.814035087719298,19,2.94485844580754,-58.7516673763423,2.22725285572574e-27
"Ubn2",0.465873015873016,21,-0.251538766995964,-53.3839485199685,5.00482525237838e-25
"Ubr1",0.389550264550265,18,-0.426264754702098,-45.0579043486159,2.24619759378007e-21
"Ubr2",0.594091710758377,27,0.453717967442904,21.7801583109715,1
"Ubr3",0.396543778801843,31,-0.225881407416328,26.3030102032553,1
"Ubr5",0.494295634920635,32,-0.233199176293031,1978.59560088088,1
"Ubxn4",0.45,10,-0.163498732282879,-2118.38259030454,0
"Ugdh",0.633041958041958,13,-0.347923303420307,14.9435349241789,1
"Ugp2",0.607757575757576,25,0.980891177052295,129.480734455509,1
"Ulk2",0.503921568627451,17,-0.256339753259786,-24.390197966263,2.86287123664139e-12
"Umad1",0.541666666666667,12,-0.131244533278252,-134.281899769605,2.33306006420129e-60
"Unc45b",0.593614718614719,14,0.914270125974116,116.828253774701,1
"Urgcp",0.748484848484849,11,1.08246216019197,-1971.37201972024,0
"Uri1",0.395833333333333,12,-0.234465253637023,-2403.85020194106,0
"Uso1",0.518888888888889,15,0.137503523749935,-14.4908147204399,7.30679482372624e-08
"Usp13",0.486805555555556,12,-0.111031312388744,-2142.96062951124,0
"Usp15",0.42875816993464,17,-0.478047296804644,-1.29805318494027,0.107126609075993
"Usp24",0.526190476190476,21,-0.0671141958585367,-54.3022355747571,1.98127246510498e-25
"Usp25",0.420454545454545,22,-0.945552215977624,15.1634959966793,1
"Usp32",0.590277777777778,12,0.0565835283663674,-1994.39922437407,0
"Usp34",0.505451998981411,35,-0.239465934695389,1673.40287027073,1
"Usp53",0.65218266581903,22,1.16046467219325,40.4077383504596,1
"Usp54",0.5,11,0.337034987277571,-3302.12584242328,0
"Usp6nl",0.275,10,-0.514573172829758,-1937.12944159931,0
"Usp8",0.716666666666667,10,0.547487795302493,-1451.59553584902,0
"Utrn",0.582593307593308,37,0.251538766995964,2242.36913503105,1
"Uvrag",0.54021164021164,18,0.510194732319184,49.9157214507209,1
"Vav3",0.611832611832612,15,0.247927513443586,-91.1763207196668,1.485118969953e-41
"Vcl",0.496095745990704,21,-0.0727563424353143,9.21579644649546,1
"Vcp",0.6,13,0.807354922057604,-2073.05791212334,0
"Vegfa",0.4546875,16,-0.428843298803874,57.0283429376402,1
"Vgll4",0.787878787878788,11,1.34103691783507,-1916.71309306778,0
"Vim",0.472266313932981,27,-0.36564947231668,15.4958514442224,1
"Vmp1",0.351515151515152,11,0.115477217419936,-1953.88214628889,0
"Vps13a",0.522775776977458,49,0.336427664582478,2229.36338331352,1
"Vps13b",0.48202380952381,30,0.0981803939389036,39.0245768263298,1
"Vps13d",0.44130291005291,24,-0.218180170049533,62.6064817742999,1
"Vps54",0.352941176470588,17,-0.347923303420307,24.7510096827489,1
"Vti1a",0.571604938271605,27,0.347923303420307,51.6287201297691,1
"Vwa5a",0.316666666666667,10,-0.91253715874966,-1964.43049912436,0
"Vwa8",0.727777777777778,12,0.669851398307669,-1916.73002772594,0
"Wac",0.583333333333333,26,0.438884241233212,-39.9957141571706,3.76037514513261e-19
"Wapl",0.466666666666667,15,-0.0995356735509143,-13.6016880774175,1.8313859121916e-07
"Wasf2",0.568452380952381,16,0.476438043942987,-55.0684713367882,9.14498170034343e-26
"Washc4",0.584415584415584,11,0.120294233717712,-1951.04435989224,0
"Wasl",0.388095238095238,14,-0.347923303420307,-2017.19855849406,0
"Wbp1l",0.380208333333333,16,-0.222392421336448,38.6855025949783,1
"Wdfy3",0.518115942028985,23,0.256339753259786,-53.781843449239,3.34966695892368e-25
"Wdr26",0.392156862745098,17,-0.374395514781498,-265.156831545423,2.41384711801729e-117
"Wdr33",0.42816091954023,29,-0.495957494662411,-21.3727938963284,6.23423418471574e-11
"Wdr37",0.590909090909091,11,0.169925001442312,-2629.01736183984,0
"Wdr7",0.388888888888889,14,-0.502500340529183,-1924.72338736044,0
"Wdr70",0.586666666666667,10,0.436099114806673,-2080.26107534744,0
"Wnk1",0.467421162013192,31,-0.46394709975979,2184.72754653904,1
"Wnk2",0.411666666666667,10,-0.473931188332412,-2.33154368577334,0.0308177298337507
"Wsb1",0.401515151515151,11,-0.234465253637023,-2295.06932521895,0
"Wt1",0.497297297297297,37,0.0374747054186627,21.7372911640814,1
"Wt1os",0.495833333333333,20,-0.137503523749935,-41.4986300959083,8.21671955354632e-20
"Wwc1",0.544871794871795,13,0.334419039070559,-2047.19802565806,0
"Wwc2",0.546323529411765,34,0.0931094043914815,2000.10779569861,1
"Wwox",0.46464540879175,41,-0.252766070379967,2206.72666946495,1
"Wwp1",0.556547619047619,14,0.192645077942396,-2107.31460931904,0
"Wwtr1",0.403463203463203,11,-0.476438043942987,-1979.22175598671,0
"Xdh",0.736363636363636,11,1.62449086490779,-1931.80483818988,0
"Xirp2",0.422076023391813,10,-0.473931188332412,-2817.53203648011,0
"Xkr4",0.660833333333333,20,0.584962500721156,1139.5013960226,1
"Xpr1",0.555555555555556,12,0.754887502163469,-2683.52588578484,0
"Xrn1",0.556349206349206,14,0.169925001442312,-65.8256436865913,1.78350888093493e-30
"Xrn2",0.354761904761905,10,-0.275634442613427,-1929.68347544381,0
"Yap1",0.490196078431373,17,0.0458036896131246,-24.0648735459035,3.98928216902503e-12
"Yipf7",0.36,10,-1,-2056.53244007205,0
"Ythdf3",0.558377425044092,27,-0.0703893278913979,70.8089954847119,1
"Ywhae",0.488095238095238,10,-0.176877762084079,-1991.91120055944,0
"Ywhaz",0.470588235294118,17,0.041820175694627,-17.7193819175518,2.63196314133746e-09
"Zbtb16",0.521204457339767,45,-0.173331602885562,2393.62451510919,1
"Zbtb38",0.425925925925926,15,-0.206450877467427,-41.8017165336855,6.04679664322772e-20
"Zbtb46",0.508333333333333,10,0.160464672193246,-2176.13089409044,0
"Zbtb7c",0.550826210826211,39,0.210767096216821,1999.12060202339,1
"Zc3h7a",0.392857142857143,14,-0.347923303420307,-252.392467769771,8.64718412980788e-112
"Zcchc7",0.469632034632035,50,-0.258311995591391,2166.83532794698,1
"Zeb1",0.696690115440115,28,1.50901364748786,83.0700452244869,1
"Zeb2",0.5,15,-0.0458036896131246,-1975.83636228703,0
"Zfand3",0.483803986710963,43,-0.136061549576028,2037.11914520914,1
"Zfand6",0.536507936507936,21,0.131244533278252,-52.2146206447114,1.62908516003064e-24
"Zfc3h1",0.629636591478697,19,0.101879614019214,24.4953482503131,1
"Zfhx3",0.420238095238095,20,-0.302562770020432,-3.4118986053038,0.00899511135861318
"Zfp106",0.465909090909091,11,-0.561878887608115,-1977.96120601204,0
"Zfp148",0.65266106442577,17,0.215728691055437,-0.618316587914023,0.266120910912815
"Zfp407",0.410060926727593,27,-0.461904104316818,-13.2098196880033,2.74732868162409e-07
"Zfp521",0.476512896825397,32,-0.360175564244326,-74.4183850564173,3.11329660041654e-34
"Zfp609",0.227272727272727,11,-1.1096244911745,-2079.10091313358,0
"Zfp62",0.333333333333333,10,-0.15200309344505,-1690.15976764873,0
"Zfp638",0.378787878787879,11,0.142019004872428,2.69791575950467,1
"Zfp644",0.471615312791783,17,-0.165059246270496,0.227295169239369,1
"Zfp710",0.531746031746032,12,0.283792966000591,-43.6719937984906,9.1196942494105e-21
"Zfp809",0.458333333333333,18,0,7.22713433161402,1
"Zfp871",0.383333333333333,10,-0.678071905112638,-2324.59276048833,0
"Zfpm2",0.383330358678656,57,-0.602884408718419,2533.26583089577,1
"Zfr",0.617619047619048,35,0.519374159093579,1948.54149732266,1
"Zfyve9",0.569429590017825,17,0.234465253637023,28.1000213209411,1
"Zhx2",0.518300653594771,17,0.112474729258413,40.1537215001733,1
"Zkscan3",0.77948717948718,13,1.38466385023533,434.834866760295,1
"Zmiz1",0.654545454545455,22,0.571156701196126,15.4117082662908,1
"Zmym4",0.515151515151515,11,0.520832163301441,-2152.23102938114,0
"Zmynd8",0.315,10,-0.476438043942987,-1878.34368191808,0
"Znrf1",0.672549019607843,17,0.652076696579693,24.3339088268356,1
"Znrf3",0.5125,12,0,-1962.05871382115,0
"Zranb1",0.298809523809524,12,-0.369233809665719,-1940.44724490258,0
"Zswim6",0.568310657596372,28,0.685891409571937,114.490628993126,1
"Zup1",0.711111111111111,15,1.26303440583379,-462.86217625008,2.51039643855525e-203
"Zyg11b",0.526666666666667,10,0,-2099.24192288081,0
"Zzz3",0.533333333333333,10,-0.137503523749935,-2371.41399011949,0
